Date,BTC,Apple,Cardano,Adobe,AMD,Amazon,ARKK_ETF,ARK_NextGen_Internet_ETF,AUD/USD,Bitcoin_Cash,Brent_Oil,USD/CHF,WTI,Dogecoin,Ethereum_Classic,ETH,EUR/USD,GBP/USD,Gold,Google,Copper,Intel,USD/JPY,Chainlink,Litecoin,Marathon_Digital,Meta,Microsoft,MicroStrategy,Natural_Gas,NVIDIA,Platinum,Invesco_QQQ,Riot_Blockchain,Silver,VanEck_Semiconductor_ETF,iShares_Semiconductor_ETF,TRON,Tesla,USD/CAD,Tether,SPDR_Materials,SPDR_Energy,SPDR_Financials,SPDR_Industrials,SPDR_Tech,Stellar,SPDR_RealEstate,SPDR_HealthCare,SPDR_Consumer_Discretionary,XRP,Dow_Jones,S&P_500,NASDAQ_100,VIX,Unemployment_Rate,Non_Farm_Payrolls,Initial_Jobless_Claims,CPI,PCE_Price_Index,Consumer_Confidence_Index,Retail_Sales,Housing_Starts,Building_Permits,M2_Money_Supply,Real_Interest_Rate,Fed_Funds_Rate,Reverse_Repo_Volume,Brent,Debt,Real_GDP,Feer_Greed_value,BTC_Supply,month,quarter,year
2018-02-05,7857.6875,38.26034407103956,0.42567824572324753,196.97999954223633,12.795000076293945,71.78800010681152,37.80817297064743,42.059642121633814,0.7975168973207474,1268.6940002441406,68.94000053405762,1.0732574462890625,65.25749778747559,0.004907500115223229,23.525099754333496,921.010986328125,1.2445715367794037,1.4126949310302734,1336.7999572753906,56.57414947286415,3.1783750653266907,39.71864560211296,0.009110186714679003,0.49555423855781555,148.94549751281738,11.879999876022339,188.5413942191537,85.79186651104402,13.655249834060669,3.04749995470047,5.857202190940806,998.5000152587891,158.24482129788132,13.230000019073486,16.809500217437744,48.72123778206529,56.01234195498576,0.04343149904161692,23.090667247772217,1.2379724979400635,0.9914085417985916,52.98617181828585,53.26532736476868,25.710138152399715,69.44793560516368,62.282320922227754,0.41823549568653107,24.779035907295125,78.00418302468299,99.12895688598765,0.9179602265357971,25785.37060546875,2788.7124633789062,6824.4400634765625,16.039999961853027,4.1,148054.0,224000.0,249.529,101.198,99.7,484031.0,1277.0,1321.0,13919.3,0.67,1.42,59.008,67.69,21089643.0,20044.077,24.0,16844437.5,2,1,2018
2018-02-12,10148.707397460938,36.83158750963244,0.36720675230026245,188.44500350952148,11.357500314712524,67.57650184631348,35.90898869046938,40.127300682881696,0.7835543900728226,1148.5270233154297,63.952500343322754,1.0653941929340363,60.46750068664551,0.004597250081133097,22.242974996566772,780.2847442626953,1.2297158241271973,1.3900094628334045,1319.2249755859375,52.30654712375898,3.0774999260902405,37.18967811027736,0.009168754797428846,0.3961212560534477,143.56325149536133,10.06000018119812,176.66985574608512,81.70028190758583,13.132750272750854,2.656000077724457,5.607270491360668,967.0,149.54923019934577,14.72749948501587,16.263249397277832,45.9171097851614,52.880374153558336,0.04146300069987774,21.07033395767212,1.2559399902820587,0.9978647530078888,50.585649715920226,48.87674199885056,24.17694382128304,65.56213123316607,59.1800318479328,0.36507050693035126,23.727444450639588,73.20360291464513,94.26656667438561,0.9743175357580185,24315.65478515625,2633.7949829101562,6449.4376220703125,31.304999351501465,4.1,148054.0,225000.0,249.529,101.198,99.7,484031.0,1277.0,1321.0,13919.3,0.79,1.42,30.631,62.2,21089643.0,20044.077,35.0,16859112.5,2,1,2018
2018-02-19,10173.755126953125,39.94587885264098,0.3898074999451637,198.8949966430664,11.924999952316284,71.37912559509277,37.75023660580658,42.655677033558135,0.7894811183214188,1455.5124816894531,64.15999698638916,1.0770675837993622,60.88750076293945,0.006440000026486814,32.6266508102417,912.0707550048828,1.2403071820735931,1.4000315964221954,1346.4499816894531,54.051582385492104,3.1951250433921814,38.40338356367316,0.009369682520627975,0.6798745021224022,204.8632469177246,10.700000286102295,175.93580503222398,84.44418693267431,13.591500043869019,2.572000026702881,5.951353090031118,999.4249877929688,155.51615644954853,12.96749997138977,16.648249626159668,47.64326550248542,54.877046899985565,0.0492552500218153,22.0058331489563,1.2552449703216553,1.005100503563881,51.96939407265059,49.14266052501574,24.952228435335616,67.60647852270449,61.72077668712206,0.4402860030531883,23.86086231326784,74.96538890527017,96.81997001995668,1.1162525117397308,25040.41552734375,2710.3274536132812,6701.5550537109375,21.514999866485596,4.1,148054.0,219000.0,249.529,101.198,99.7,484031.0,1277.0,1321.0,13919.3,0.78,1.42,29.615,64.95,21089643.0,20044.077,61.714285714285715,16873762.5,2,1,2018
2018-02-26,11013.782470703125,41.15335929813834,0.3517015054821968,207.11000061035156,11.989999771118164,74.3747501373291,38.68218269557889,43.888043323235074,0.7854574918746948,1267.0749816894531,66.59749984741211,1.0694745779037476,62.894999504089355,0.0066422499949112535,37.02839994430542,862.4190063476562,1.2322935163974762,1.3962240815162659,1332.1499633789062,55.763149970020635,3.2082499265670776,39.8592330521391,0.009352089837193489,0.6998905092477798,219.7295036315918,9.919999599456787,180.41968516938343,86.67565291606002,13.792999982833862,2.621250033378601,6.078824504399668,996.5499877929688,159.24964474051438,10.615000247955322,16.49524974822998,49.03073237447599,56.33041518298239,0.042893500067293644,23.176499843597412,1.2634900212287903,1.0008447617292404,52.64725080115749,49.3959206092911,25.247574517934236,68.26145330993684,63.01320010292574,0.3782690092921257,23.94521528258108,75.25975374717365,98.20026843277427,0.9899349808692932,25181.72021484375,2735.0325317382812,6857.802490234375,17.764999866485596,4.1,148054.0,216000.0,249.529,101.198,99.7,484031.0,1277.0,1321.0,13919.3,0.73,1.42,9.36,67.96,21089643.0,20044.077,44.57142857142857,16881100.0,2,1,2018
2018-03-05,9843.597412109375,41.61523359840831,0.3086805045604706,208.69499588012695,11.982500314712524,74.8026237487793,38.75227240853255,43.89673997998939,0.7780994176864624,1257.8149719238281,64.9600019454956,1.0646876692771912,61.71749973297119,0.005685500102117658,31.366899967193604,867.4737396240234,1.2288194000720978,1.3850971460342407,1321.125,54.27351899814282,3.1230000257492065,41.37634673277956,0.00942590506747365,0.6251482665538788,215.88925170898438,8.749999761581421,177.1376335396422,86.58274530649501,12.789499998092651,2.6767499446868896,5.838327530636081,970.5749816894531,158.26152106288674,10.390249967575073,16.38100004196167,49.70694714580198,57.214216317299226,0.04776899982243776,22.553333282470703,1.2820925414562225,0.998605266213417,51.35415789218116,48.74288364196315,24.874050562212425,66.93605166884612,62.92040843819602,0.35241950303316116,23.57834466067701,74.39877509660585,96.4312439175504,0.9820050001144409,24773.5576171875,2704.7424926757812,6817.5599365234375,20.172499895095825,4.0,148280.0,228000.0,249.577,101.419,101.4,484110.0,1318.0,1385.0,13976.0,0.75,1.51,15.23,65.78,21089643.0,20044.077,46.42857142857143,16895800.0,3,1,2018
2018-03-12,8445.71240234375,42.13076864698602,0.23913075402379036,217.60250091552734,11.942499876022339,77.72150230407715,41.16053132823031,45.73765856020521,0.7790700644254684,1130.0467681884766,65.13999938964844,1.0553207993507385,61.827500343322754,0.004393249982967973,23.340799808502197,741.1762390136719,1.2334599792957306,1.3851412236690521,1323.9750061035156,56.66595636403316,3.106999933719635,43.25689577201635,0.009407863719388843,0.5166565030813217,188.5739974975586,6.769999980926514,182.10672475257178,88.69155614592562,13.357749938964844,2.7325000762939453,5.975589150135355,961.3249969482422,162.88071547717144,9.59500002861023,16.55174970626831,51.566235850614326,59.2851429880879,0.03904150007292628,21.89716625213623,1.2898200154304504,1.0032944828271866,52.3709292697799,49.191503571671674,25.479942372192443,68.30554235279715,64.6769018242346,0.3185280039906502,24.047239446857017,75.83518311694397,98.0326622399973,0.87348473072052,25098.740234375,2758.8650512695312,7014.3751220703125,16.040000200271606,4.0,148280.0,223000.0,249.577,101.419,101.4,484110.0,1318.0,1385.0,13976.0,0.77,1.51,1.77,64.53,21089643.0,20044.077,41.714285714285715,16910462.5,3,1,2018
2018-03-19,8587.832641601562,42.303616359941266,0.16917450353503227,224.39500427246094,11.520000219345093,79.10499954223633,41.02315825925379,46.18097076997775,0.780146986246109,970.1007537841797,65.71999931335449,1.0526484251022339,61.83250045776367,0.0033607500954531133,17.462300062179565,569.9724884033203,1.2318428754806519,1.393245667219162,1314.6500244140625,56.957191394157434,3.1081249713897705,43.658354258169986,0.009400997078046203,0.40206650644540787,159.87650299072266,7.429999947547913,183.48272727696624,88.08538928202586,13.281249761581421,2.712750017642975,6.194995699138962,952.9750061035156,163.8522352945429,8.280750036239624,16.28849983215332,52.313693624985646,59.966183934994746,0.029966749716550112,21.816332817077637,1.3002600371837616,1.0015677362680435,51.58731138595707,48.87674100643507,25.277975284781732,67.86450848995689,64.98550546315796,0.22801300510764122,24.497500218253116,75.9170754758961,98.44229979471278,0.6761742532253265,25002.75,2761.8474731445312,7059.0,16.03250002861023,4.0,148280.0,225000.0,249.577,101.419,101.4,484110.0,1318.0,1385.0,13976.0,0.77,1.51,7.82,64.82,21089643.0,20044.077,33.57142857142857,16925125.0,3,1,2018
2018-03-26,7186.3525390625,39.65684040092125,0.18841175362467766,219.04000091552734,10.892499923706055,75.95599937438965,38.58429408562897,43.79577646296693,0.7713557332754135,982.9039764404297,69.21499824523926,1.0546154975891113,64.77999877929688,0.0034967499668709934,18.508899688720703,537.5769958496094,1.2337928414344788,1.409741461277008,1338.800048828125,52.21710000865811,3.0081249475479126,42.31239730032888,0.00950829847715795,0.4057460054755211,161.77299880981445,6.120000004768372,162.97438687055302,82.56247481072229,13.000499963760376,2.61775004863739,5.879276731250895,947.5500183105469,153.49939950067585,7.787500023841858,16.414999961853027,49.53058353586965,56.6531238930755,0.042957999743521214,20.432833671569824,1.2934975028038025,1.000596508383751,49.2858686665006,48.90772159948951,23.86827889974338,65.38352157653999,60.95494136282843,0.24373524636030197,23.955888278245396,72.026023844841,94.71218433578854,0.6645220220088959,23888.27734375,2625.9474487304688,6618.2598876953125,23.002500534057617,4.0,148280.0,221000.0,249.577,101.419,101.4,484110.0,1318.0,1385.0,13976.0,0.77,1.51,5.921,68.81,21089643.0,20044.077,32.857142857142854,16939812.5,3,1,2018
2018-04-02,7038.2449951171875,39.869783073249806,0.15581849962472916,218.0449981689453,10.172500133514404,72.94812393188477,36.90659668060223,42.68325231541482,0.7692386656999588,722.8999786376953,70.09249877929688,1.0501058399677277,65.03750228881836,0.00289349997183308,14.60509991645813,412.34950256347656,1.2356820106506348,1.4073357284069061,1330.4250183105469,51.29003459225292,3.005000054836273,43.61608454500373,0.00943001639097929,0.2953372448682785,125.42375183105469,4.800000071525574,157.1219683323514,85.02200835479722,12.927000045776367,2.6987500190734863,5.753830204030128,932.6999969482422,153.09255018707717,6.75,16.34149980545044,48.991021084495216,56.18140199592328,0.03588024992495775,18.134333610534668,1.2890824973583221,0.998083233833313,49.244689762314245,49.05712923474042,23.951099888970575,65.6447956142744,60.931647403488945,0.2085604965686798,24.376229844257104,72.05935250954677,94.67250323998921,0.5201264917850494,24090.29248046875,2637.3950805664062,6591.449951171875,21.119999885559082,4.0,148422.0,232000.0,250.227,101.602,98.8,484154.0,1276.0,1378.0,13993.9,0.68,1.69,3.823,69.02,21195070.0,20150.476,17.285714285714285,16947162.5,4,2,2018
2018-04-09,7914.65771484375,39.84383220189663,0.15854999795556068,218.31000137329102,9.614999771118164,70.28624725341797,35.99309779601181,41.2650680377854,0.768578514456749,658.4974975585938,67.73749923706055,1.0429778695106506,62.83750057220459,0.0028265000437386334,14.138574838638306,396.72374725341797,1.2290922701358795,1.40615975856781,1332.5250244140625,50.51922184517496,3.037749946117401,41.60666012035908,0.009367463644593954,0.3111322447657585,121.14400100708008,4.530000030994415,155.8853233555493,83.8514696109557,12.678750038146973,2.702750027179718,5.420049894692582,915.9499969482422,149.94448073000447,6.814999938011169,16.370250701904297,46.99858578935727,53.80783648662502,0.038604999892413616,19.207833290100098,1.281475007534027,0.9986645132303238,49.04967114140099,48.94416751212164,23.741861009953723,64.7303388279586,59.898205448539535,0.21042224764823914,24.388069388343336,71.24421292181752,93.8554611756365,0.5073819980025291,23958.07470703125,2608.7050170898438,6455.3074951171875,21.81749963760376,4.0,148422.0,234000.0,250.227,101.602,98.8,484154.0,1276.0,1378.0,13993.9,0.71,1.69,4.07,68.19,21195070.0,20150.476,19.714285714285715,16961825.0,4,2,2018
2018-04-16,8622.069946289062,41.005304824762,0.20342549681663513,223.9724998474121,9.90000033378601,71.54912376403809,37.41123846323341,42.339628423115826,0.7749531418085098,743.5802459716797,71.31750106811523,1.0413442552089691,66.11750030517578,0.004120000114198774,15.921724796295166,496.42901611328125,1.2338589131832123,1.421580731868744,1345.5000305175781,51.50961029912824,3.0786250829696655,43.55905626080106,0.009322342928498983,0.3937774896621704,127.41199684143066,5.840000033378601,162.66584135776534,86.15538495111579,12.914499759674072,2.71274995803833,5.660611906607062,928.9499969482422,153.45986925288886,7.5274999141693115,16.584750175476074,48.31480911348014,55.59673040177139,0.040889750234782696,19.98983335494995,1.264835000038147,1.0009547173976898,50.120150868102016,51.36178039220144,24.068791000534183,65.34587483759836,61.48095085960961,0.2676690071821213,24.180862912519157,72.44802878867631,94.61414537633621,0.6351882442831993,24330.39013671875,2650.9125366210938,6606.5074462890625,18.52500009536743,4.0,148422.0,236000.0,250.227,101.602,98.8,484154.0,1276.0,1378.0,13993.9,0.71,1.69,3.372,72.05,21195070.0,20150.476,21.142857142857142,16976487.5,4,2,2018
2018-04-23,9327.642578125,39.86447127618883,0.2726075053215027,226.6500015258789,10.132499694824219,75.63724899291992,38.22824076679571,43.20080198540094,0.7705601006746292,1099.6702423095703,73.42249870300293,1.030406415462494,67.96999740600586,0.0053567501017823815,18.305100440979004,596.1842498779297,1.2324542701244354,1.4098528027534485,1340.9749755859375,53.32095006714051,3.1238750219345093,44.0133339568298,0.009303037775680423,0.47544000297784805,143.84900093078613,5.71999990940094,165.45769981782686,88.36875341834246,13.182999849319458,2.731500029563904,5.712325385104166,931.1499786376953,155.7541415995727,6.855000019073486,17.04675006866455,47.020774769915256,54.302554562401596,0.05042000021785498,19.399999618530273,1.2720400094985962,0.996706485748291,51.24698683289276,53.20003821185617,24.234448781691476,66.87368687915628,62.062857275369545,0.35175324976444244,24.05455637048974,73.18763386945757,96.23192907781973,0.8292385041713715,24539.97216796875,2679.594970703125,6706.385009765625,16.497499465942383,4.0,148422.0,207000.0,250.227,101.602,98.8,484154.0,1276.0,1378.0,13993.9,0.8,1.69,10.821,74.54,21195070.0,20150.476,27.428571428571427,16991150.0,4,2,2018
2018-04-30,9541.287353515625,38.47117969554502,0.34446999430656433,221.54999542236328,10.78499984741211,77.4794979095459,36.98836734390335,42.17630153090656,0.7595867961645126,1409.0625,74.46749877929688,1.0148211419582367,68.17249870300293,0.005433249985799193,21.172975063323975,671.7122344970703,1.2160954177379608,1.3838772177696228,1321.9500427246094,51.799350315898295,3.0670000314712524,44.763435869990595,0.00918970420025289,0.49802999943494797,153.9494972229004,7.349999904632568,169.319489044201,88.21313179120881,12.776749849319458,2.771749973297119,5.532876512712907,913.7250061035156,153.8413985609032,7.329999923706055,16.506750106811523,45.752436053676334,52.80755389258125,0.08025124948471785,19.318832874298096,1.283314973115921,0.9997889995574951,50.10714839641884,53.66824177763273,24.179954365330175,65.29716773430214,61.099257545215366,0.42699074000120163,24.305774928613786,73.70956008761256,96.64512294785007,0.8707382529973984,24256.349609375,2659.0099487304688,6622.512451171875,16.477499961853027,4.0,148422.0,209000.0,250.227,101.602,98.8,484154.0,1276.0,1378.0,13993.9,0.78,1.69,13.83,75.92,21195070.0,20150.476,52.714285714285715,17005812.5,4,2,2018
2018-05-07,8834.3076171875,42.10245973941196,0.3533729985356331,226.2874984741211,11.15499997138977,78.79900169372559,37.0301809426941,42.93311523412413,0.753400519490242,1657.8674621582031,74.36750221252441,1.0029239803552628,69.06500053405762,0.005078500020317733,24.295175552368164,764.3047332763672,1.20028817653656,1.3590377271175385,1311.0499572753906,51.77459122161359,3.055875062942505,44.368316318088894,0.009156287414953113,0.5460349917411804,167.60549926757812,6.779999852180481,174.55979709135818,88.06217040244655,13.00825023651123,2.7354999780654907,5.811544811367752,900.875,156.02363853834476,7.572499871253967,16.34950017929077,46.53609883068409,53.94121894461922,0.08795900084078312,19.504333972930908,1.285527527332306,0.9998594969511032,49.8276036807963,53.702873360990466,23.739681989505563,63.787086800353784,62.42364108865238,0.4208104982972145,24.631004408809662,72.24146602695691,96.7711980479559,0.8670922517776489,24138.64013671875,2651.08251953125,6715.3675537109375,14.77750015258789,3.8,148740.0,211000.0,250.792,101.78,98.0,491960.0,1357.0,1338.0,14049.6,0.78,1.7,3.22,74.75,21195070.0,20150.476,57.857142857142854,17020500.0,5,2,2018
2018-05-14,8470.609985351562,44.312734001854,0.29075150191783905,238.61000061035156,11.84500002861023,80.04912567138672,39.47629387005968,45.230712744000165,0.7515883147716522,1513.0374755859375,76.32750129699707,0.9994492679834366,70.2299976348877,0.004483000026084483,19.859399795532227,726.7039794921875,1.1931619942188263,1.3543387055397034,1316.8250122070312,54.32079526179328,3.0731250047683716,46.18638761921376,0.00914208241738379,0.512018010020256,148.42024993896484,5.730000019073486,183.9853800441243,90.20583878654301,12.988250255584717,2.781749963760376,6.262729465159248,918.5750122070312,160.6574815595836,7.427500128746033,16.58175039291382,48.46897180864134,56.44193599613075,0.07447424903512001,20.17133331298828,1.2842749953269958,1.0022090077400208,50.81576300997911,55.26601590318376,24.461113561630334,65.73116507201578,64.60925493068713,0.36684074252843857,24.848871630401902,73.08099761322546,97.62094962255799,0.7506257444620132,24682.33251953125,2710.875,6911.179931640625,13.37749981880188,3.8,148740.0,222000.0,250.792,101.78,98.0,491960.0,1357.0,1338.0,14049.6,0.85,1.7,3.859,78.17,21195070.0,20150.476,49.0,17027862.5,5,2,2018
2018-05-21,7641.22998046875,44.248524382080866,0.2582852467894554,238.12999725341797,12.84249997138977,79.06424903869629,39.98818012123604,44.90596889308135,0.7509497851133347,1307.0750122070312,78.51500129699707,1.0009575635194778,71.28000068664551,0.004347249981947243,18.225150108337402,709.1792602539062,1.1832883954048157,1.350106954574585,1296.3749694824219,53.76930610647615,3.052500069141388,45.884606710074806,0.009054632624611259,0.469415508210659,140.3134994506836,5.8500001430511475,182.99752792047434,89.93642963366621,12.989749908447266,2.83599990606308,6.135428045003464,890.4250183105469,160.43812001382838,8.78250002861023,16.397249698638916,49.10431091466502,56.979300683348384,0.07420150190591812,18.876332759857178,1.287027508020401,1.0002927631139755,51.619709864384205,56.79455160345967,24.461119630152204,66.45740408062676,64.46724618193159,0.33891475945711136,24.29532402811083,73.8628197075622,97.92676366082772,0.7027152478694916,24763.43994140625,2717.4874877929688,6898.3724365234375,13.587500095367432,3.8,148740.0,230000.0,250.792,101.78,98.0,491960.0,1357.0,1338.0,14049.6,0.9,1.7,5.404,78.34,21195070.0,20150.476,34.857142857142854,17042562.5,5,2,2018
2018-05-28,7571.517578125,44.56355167601037,0.21015124395489693,242.25499725341797,13.377500057220459,80.00950050354004,40.26853263314926,45.01859960977507,0.7551987767219543,1063.5535125732422,77.34250068664551,1.008150428533554,69.00249862670898,0.0036287499824538827,15.806900024414062,605.4550170898438,1.1698130667209625,1.335391789674759,1299.4250183105469,53.84780378003764,3.075874924659729,46.80056587727525,0.009109352249652147,0.36888349801301956,122.87949752807617,5.319999933242798,183.86591557572314,91.44121424598927,13.048499822616577,2.9119999408721924,6.11668431092863,900.6500091552734,161.37540636447451,7.945000171661377,16.467000484466553,50.22549003269296,58.097454650595076,0.07343525066971779,18.710166931152344,1.2913925051689148,0.9988172501325607,51.39650423522057,55.0965802663355,24.380473521544044,67.08181853037382,64.77449963074744,0.289754256606102,24.496614597462425,73.80507705131859,98.81153193660698,0.6264524906873703,24799.642578125,2723.0700073242188,6937.824951171875,13.332500219345093,3.8,148740.0,222000.0,250.792,101.78,98.0,491960.0,1357.0,1338.0,14049.6,0.84,1.7,0.02,76.6,21195070.0,20150.476,24.571428571428573,17057212.5,5,2,2018
2018-06-04,7008.732421875,44.81877252372373,0.21676775440573692,248.70750045776367,14.114999771118164,81.62450218200684,40.697010963830785,45.92431561381492,0.7554102391004562,1103.0637512207031,77.10249900817871,1.010966032743454,66.44999885559082,0.003574499918613583,15.802274703979492,593.4307403564453,1.1646674871444702,1.3316365480422974,1296.3250427246094,55.624562570152754,3.068625032901764,48.04378504937109,0.00914955255575478,0.35131049156188965,122.3177490234375,5.379999995231628,190.6614006140485,93.22560832536857,13.127749919891357,2.9374999403953552,6.312156839571646,905.1750030517578,163.67206511028505,7.324999928474426,16.385250091552734,50.86899839496161,59.03882178692426,0.06278024986386299,19.246666431427002,1.2949199974536896,0.999180018901825,50.967442476321985,55.2678314122728,23.824686864160217,66.48399763291802,65.6822777143913,0.29108399897813797,24.90807671720773,73.69403849273229,99.12902327783763,0.6419097483158112,24558.185546875,2720.7450561523438,7034.955078125,14.767500162124634,4.0,148959.0,223000.0,251.018,101.872,98.2,490228.0,1192.0,1345.0,14109.9,0.82,1.82,11.166,73.41,21195070.0,20150.476,30.142857142857142,17071875.0,6,2,2018
2018-06-11,6548.5875244140625,45.43993059086623,0.18902325257658958,250.2925033569336,15.195000171661377,84.09962463378906,42.35719218724367,47.680601545030605,0.7612462788820267,998.8072662353516,76.07999992370605,1.0157475173473358,65.48499870300293,0.0033377500367350876,13.472350120544434,547.0690078735352,1.1765573620796204,1.3399069607257843,1297.2250061035156,56.60126939549112,3.244874954223633,47.25534777620296,0.00912223500199616,0.2713259980082512,111.12399864196777,5.229999899864197,189.01667420013504,94.7791077702153,13.071000099182129,2.9100000262260437,6.49190198581004,902.8249969482422,166.4385909844034,7.744999885559082,16.651999950408936,51.48565333886497,59.7025819823805,0.0510879997164011,20.867666721343994,1.2950224876403809,1.000195249915123,52.434495268512734,55.834439221442864,24.33470383579245,67.38739305685553,66.76691421759881,0.2617829963564873,25.246528416804818,75.13327081111274,102.0004510524439,0.610277995467186,25167.4921875,2769.3674926757812,7154.195068359375,12.37250018119812,4.0,148959.0,222000.0,251.018,101.872,98.2,490228.0,1192.0,1345.0,14109.9,0.83,1.82,4.836,74.58,21195070.0,20150.476,32.0,17086537.5,6,2,2018
2018-06-18,6248.842529296875,44.93364460476562,0.16421299800276756,252.51750564575195,16.12000036239624,85.46662521362305,43.78443993120341,49.38258702299156,0.748671367764473,874.6642456054688,74.25500106811523,1.0058854222297668,65.39249992370605,0.002949249988887459,14.308299779891968,499.71375274658203,1.1658258736133575,1.3304746747016907,1282.7249755859375,57.424580633114964,3.1733750700950623,46.81756063572075,0.009057492949068546,0.22441474720835686,98.08517456054688,4.840000033378601,193.5328778316172,93.8530667090495,13.345999956130981,2.997500002384186,6.557078225303002,891.5749969482422,168.40617023339172,7.4362499713897705,16.660249710083008,51.496163857983916,59.825873883781114,0.04334049951285124,23.391833305358887,1.3140524923801422,1.0061785131692886,52.00325241211385,54.65568846106766,24.044823956441284,66.7253580614315,66.83908276561816,0.23332200199365616,25.0122780994086,75.82843788880808,104.20883939537657,0.5443835109472275,25119.54296875,2778.1299438476562,7237.2298583984375,12.249999761581421,4.0,148959.0,218000.0,251.018,101.872,98.2,490228.0,1192.0,1345.0,14109.9,0.8,1.82,0.37,74.87,21195070.0,20150.476,21.857142857142858,17101225.0,6,2,2018
2018-06-25,6268.224853515625,43.967833778317576,0.13931775279343128,246.8224983215332,16.100000143051147,86.18537521362305,43.943541685742645,48.98424087348344,0.7389692217111588,773.4679870605469,74.84750175476074,1.0092665255069733,67.53250026702881,0.0026077500078827143,15.238924980163574,471.3824920654297,1.163203477859497,1.3239172399044037,1269.1500244140625,58.35936114984644,3.056500017642975,44.92828478322446,0.009086670819669962,0.1962979957461357,84.16557502746582,4.460000038146973,199.26586748491917,93.94639452485617,13.216249942779541,2.9574999809265137,6.301140577854282,871.4250030517578,167.4998487522069,7.082500100135803,16.401499271392822,50.081840508709384,58.199043687559175,0.04364474955946207,22.883166790008545,1.3292700052261353,1.0020765215158463,51.01094135942577,54.95150579036865,23.80530223373286,64.97436196359189,66.34470603089333,0.2013705000281334,25.52454122320532,75.5832674488387,104.39130268211049,0.49071674793958664,24642.8779296875,2756.9849243164062,7210.7574462890625,13.725000381469727,4.0,148959.0,222000.0,251.018,101.872,98.2,490228.0,1192.0,1345.0,14109.9,0.77,1.82,12.73,72.82,21195070.0,20150.476,25.571428571428573,17108537.5,6,2,2018
2018-07-02,6684.842529296875,43.7144023631695,0.1362052485346794,242.24499893188477,15.069999933242798,84.61649894714355,42.144592810839825,47.118719035772,0.7395165860652924,726.177734375,78.07999992370605,1.0089458227157593,72.6200008392334,0.002462000062223524,15.682425022125244,446.53174591064453,1.1664626896381378,1.3191587030887604,1254.6500244140625,56.2366309017261,2.962625026702881,42.43333251216175,0.009054708993062377,0.20864325389266014,79.93284797668457,3.8600000143051147,194.7073373458939,92.0406803581382,12.797999620437622,2.9415000081062317,5.914789648470811,854.5500030517578,164.0654204435385,6.517500162124634,16.099499940872192,48.057864868913036,55.56339540836435,0.03849499952048063,22.811999320983887,1.3192925155162811,0.9977065175771713,50.51892009359116,55.34769319627786,23.325922273015113,63.82279340300416,64.89180658166084,0.19290099665522575,25.938521266986918,74.49092236611887,102.34560132792636,0.46028200536966324,24277.2626953125,2718.705078125,7044.0299072265625,16.58750033378601,3.8,149020.0,228000.0,251.214,102.006,97.9,493142.0,1208.0,1334.0,14144.2,0.73,1.91,32.139,76.71,21516058.0,20276.154,21.571428571428573,17123275.0,7,3,2018
2018-07-09,6423.5950927734375,44.28050294922174,0.14902600273489952,246.1750030517578,15.962500095367432,85.30400085449219,43.16555228850402,47.99028736417115,0.7404278665781021,756.7957458496094,77.38000106811523,1.0087831914424896,73.75250053405762,0.0026037500938400626,17.829449892044067,482.1369934082031,1.1717978119850159,1.32398122549057,1250.7250366210938,56.89001150725057,2.8418750166893005,43.155890607753165,0.009043549885973334,0.24174975603818893,83.18925285339355,3.60999995470047,199.6391054191439,93.71079010773357,13.290500164031982,2.8667500019073486,6.038455986766193,832.3750152587891,166.49604187228334,5.554000020027161,15.936749935150146,48.57524924518763,56.38790325184639,0.037559749558568,21.313332557678223,1.3116424977779388,1.0021920204162598,50.69744151566674,55.43022543800278,23.32592041610336,63.93837079687465,65.88452595218911,0.2078009992837906,26.284828212445923,75.99569679749993,102.81839294149162,0.48125824332237244,24377.70263671875,2745.75,7150.205078125,14.539999961853027,3.8,149020.0,216000.0,251.214,102.006,97.9,493142.0,1208.0,1334.0,14144.2,0.73,1.91,3.596,77.08,21516058.0,20276.154,35.142857142857146,17137975.0,7,3,2018
2018-07-16,7197.1650390625,45.12846903433514,0.13844724744558334,255.63500213623047,16.350000381469727,89.46987342834473,44.26828948270214,49.28841058570744,0.7423178106546402,718.2099914550781,75.71000099182129,1.0012664496898651,71.48750114440918,0.002398999931756407,16.925750017166138,453.3404998779297,1.170181542634964,1.3231415748596191,1245.2749938964844,59.399143805416855,2.778374969959259,44.186603931196714,0.008930953685194254,0.2102697566151619,79.11160087585449,3.5299999713897705,205.23771329748357,97.39855648935887,13.549500226974487,2.7797500491142273,6.182423800470469,833.2500152587891,170.86743628971243,4.754999876022339,15.839500188827515,49.13934673497484,56.81042770424207,0.03432274982333183,21.223666191101074,1.3155974745750427,1.0013377368450165,51.13286045126487,56.07952806201735,23.65208195979987,65.30558995451202,67.47525032358578,0.21044700220227242,26.297774230671855,77.71444395343022,105.02327871772657,0.4501487463712692,24900.115234375,2794.4700317382812,7339.9024658203125,12.53250002861023,3.8,149020.0,205000.0,251.214,102.006,97.9,493142.0,1208.0,1334.0,14144.2,0.75,1.91,0.87,71.03,21516058.0,20276.154,32.142857142857146,17145337.5,7,3,2018
2018-07-23,8067.5723876953125,45.283608232528906,0.16861549764871597,256.6825065612793,16.602499961853027,91.04574966430664,44.06829944625107,49.467641517485916,0.7402924746274948,794.3155059814453,73.17749977111816,1.0049622058868408,69.76249885559082,0.0033989999792538583,16.59665012359619,469.11000061035156,1.1696324348449707,1.3133430778980255,1228.625,59.70642058766833,2.7351250648498535,44.02295662414623,0.008940600790083408,0.21277600526809692,84.54427337646484,4.420000076293945,208.07434949321285,99.04770709876821,13.55875015258789,2.7515000104904175,6.197341853805815,817.9249877929688,171.10398179891018,5.747500061988831,15.462499856948853,49.54810754223914,57.19245876661082,0.03682875074446201,20.981833457946777,1.3176974952220917,0.9975219964981079,50.869430853419836,54.95884935721322,24.109582025888194,65.98807648666552,67.7251623444515,0.2756342440843582,25.92955880327589,77.46923196037586,105.11221105428787,0.46366623789072037,25077.7998046875,2802.4150390625,7351.7974853515625,12.684999704360962,3.8,149020.0,210000.0,251.214,102.006,97.9,493142.0,1208.0,1334.0,14144.2,0.85,1.91,2.27,73.45,21516058.0,20276.154,43.57142857142857,17160037.5,7,3,2018
2018-07-30,7328.2900390625,45.446444363784096,0.1656697504222393,256.62499618530273,18.37000012397766,91.0572509765625,42.38522964894338,48.63722671877201,0.740668386220932,827.0197448730469,73.98999977111816,1.005922645330429,68.71500015258789,0.00339150003856048,16.735649824142456,466.6885070800781,1.168067991733551,1.3125074803829193,1224.6499938964844,62.06862608059386,2.7871249318122864,41.683139041293956,0.009006376843899488,0.2970149964094162,85.00564956665039,4.979999899864197,184.48054303220545,100.91609087840527,13.132500171661377,2.79625004529953,6.213804459136265,828.1000061035156,170.83156516847347,7.451250195503235,15.446749925613403,49.75832940478458,57.67021044355897,0.03798150084912777,19.960166454315186,1.309007465839386,0.9968090057373047,51.43763479964235,55.90344335457454,24.53423878554952,67.18188298298844,67.58501881271498,0.3115859925746918,25.861897979179798,78.34530949787276,104.83836695399839,0.4530399888753891,25368.1728515625,2820.2025146484375,7340.0673828125,12.980000019073486,3.8,149020.0,207000.0,251.214,102.006,97.9,493142.0,1208.0,1334.0,14144.2,0.85,1.91,1.995,74.99,21516058.0,20276.154,52.0,17174725.0,7,3,2018
2018-08-06,6480.2398681640625,48.18871276282891,0.13780525140464306,250.35499954223633,18.789999961853027,90.33625030517578,42.18897843375798,47.415463468298995,0.7399239540100098,734.0412445068359,73.38249778747559,1.0072605907917023,68.58249855041504,0.002939749974757433,16.835949897766113,422.22349548339844,1.1619569063186646,1.3038884401321411,1215.3999633789062,61.523360762181554,2.7573750019073486,41.54076719591131,0.008978510508313775,0.2771732471883297,76.64532470703125,4.209999918937683,174.4204647211457,100.05070369886809,13.339750051498413,2.8269999623298645,6.180072194177781,829.375,170.77180690404793,6.899999976158142,15.406750202178955,50.00942725566938,58.035127635221926,0.03210850013419986,22.291166305541992,1.301770031452179,0.999894991517067,51.49206869291014,55.5659653113408,24.578027048089428,67.53758589181595,67.38413221450102,0.2582922540605068,26.442063177247626,79.64050598802298,104.335117275578,0.4382227584719658,25386.34765625,2829.3550415039062,7336.3126220703125,12.22000002861023,3.8,149279.0,210000.0,251.663,102.016,96.2,493445.0,1288.0,1273.0,14193.9,0.83,1.91,2.095,72.51,21516058.0,20276.154,34.42857142857143,17189375.0,8,3,2018
2018-08-13,6400.1348876953125,49.11068223114311,0.11788474954664707,253.6624984741211,19.087499618530273,93.82612609863281,43.60010745123462,48.526718524181845,0.7337236702442169,602.2612457275391,72.98250007629395,1.0054676532745361,67.82999801635742,0.002515499945729971,14.903625011444092,340.54200744628906,1.1468350887298584,1.281829446554184,1211.0499877929688,62.29604033174016,2.7408750653266907,41.78090750330592,0.009013571310788393,0.27481525018811226,62.72869873046875,3.8899999260902405,180.94719417891312,101.63454044293005,13.993000030517578,2.9172500371932983,6.310423773277222,825.0999908447266,172.89651703561765,6.935000061988831,15.305749893188477,49.7268017223131,57.72466380647977,0.024574249982833862,23.95983362197876,1.3108999729156494,1.0014377236366272,51.34403232422859,55.31650560684418,24.58897197980533,67.0507378250688,68.3184651583512,0.2228822521865368,26.359470099463017,80.02170271623545,105.58968248520728,0.3307790011167526,25385.470703125,2838.9500122070312,7424.137451171875,12.577499866485596,3.8,149279.0,206000.0,251.663,102.016,96.2,493445.0,1288.0,1273.0,14193.9,0.78,1.91,1.383,70.62,21516058.0,20276.154,20.714285714285715,17204037.5,8,3,2018
2018-08-20,6632.3099365234375,51.15176529940797,0.10188474878668785,247.9275016784668,19.637500286102295,94.31237411499023,43.020466904315825,47.69333261816762,0.7289773523807526,557.0520095825195,71.97250175476074,1.0052863359451294,66.15500259399414,0.002396999974735081,12.98009991645813,294.9672546386719,1.1413085162639618,1.2748878598213196,1180.4500122070312,60.97933407793827,2.634874999523163,40.57467428546123,0.009039452765136957,0.2857634983956814,57.267624855041504,3.5799999833106995,174.7389552169913,100.6734993485432,14.034499883651733,2.9392500519752502,6.171034572185707,778.8499908447266,172.04569624017904,5.612249970436096,14.716750144958496,48.31714797798489,56.20119075519889,0.021436000242829323,21.29533338546753,1.3097150027751923,1.0033884942531586,50.693090964689105,53.618087666563824,24.551754876971838,67.35750589025957,68.24138299458838,0.22275375202298164,26.793353152941517,80.90229894259551,105.2385917478122,0.32888948917388916,25508.142578125,2839.5949096679688,7383.10498046875,13.635000228881836,3.8,149279.0,207000.0,251.663,102.016,96.2,493445.0,1288.0,1273.0,14193.9,0.75,1.91,1.646,71.11,21516058.0,20276.154,21.571428571428573,17218675.0,8,3,2018
2018-08-27,7135.3651123046875,51.42095509482236,0.09462299756705761,258.1025085449219,22.827499866485596,94.95425033569336,44.31991714084953,49.09750662227943,0.7272844165563583,533.3787231445312,74.87249946594238,1.0143482983112335,68.08499908447266,0.002403249964118004,12.657349824905396,279.9409942626953,1.157504826784134,1.283977746963501,1201.2500305175781,61.20239150310436,2.6868749260902405,40.49555676498446,0.009009559638798237,0.32301773875951767,56.8627986907959,3.5300000309944153,173.1240694755217,100.95321508729748,14.703250169754028,2.9325000643730164,6.5359719113336325,784.2250213623047,173.65659481403117,5.457499980926514,14.712000131607056,49.337887252045135,57.42588753524308,0.021968749817460775,21.019333362579346,1.3078075051307678,0.9992397427558899,51.337496617176214,54.412280182805425,24.755334369702492,68.2734278715885,69.04959591689199,0.21827974542975426,26.792363471250074,81.75608883261195,107.05724269859813,0.328963503241539,25769.384765625,2869.0399780273438,7450.9525146484375,12.229999780654907,3.8,149279.0,211000.0,251.663,102.016,96.2,493445.0,1288.0,1273.0,14193.9,0.74,1.91,0.996,74.41,21516058.0,20276.154,19.428571428571427,17233387.5,8,3,2018
2018-09-03,6546.91748046875,53.50788787485857,0.10257750190794468,264.0925064086914,25.41249990463257,99.50337409973145,46.11864535685517,50.42320858804255,0.7231408506631851,616.38525390625,77.05999946594238,1.0290442109107971,69.57750129699707,0.004784500051755458,13.101850032806396,290.8840026855469,1.1643892526626587,1.2949206233024597,1203.4000244140625,61.69055719710215,2.6706249713897705,41.34011821606421,0.008997621946036816,0.31363100558519363,63.86934947967529,3.880000114440918,175.6720433304803,104.42102877262579,14.854749917984009,2.900999963283539,6.886547481939055,789.7250213623047,177.80086371961963,6.15500009059906,14.536249876022339,50.83046130063663,59.14545635769472,0.025280000176280737,20.39133310317993,1.3016949892044067,0.9984797388315201,51.80993047085671,54.75892272395742,24.856024170606798,68.67357415590293,70.47444877986011,0.22489900514483452,26.892865881729108,82.59430003305687,109.18721582360426,0.3412275016307831,25994.33740234375,2901.0574951171875,7628.054931640625,12.904999732971191,3.7,149358.0,201000.0,252.182,102.205,100.1,491507.0,1250.0,1314.0,14229.3,0.78,1.95,0.39,77.81,21516058.0,20276.154,19.285714285714285,17248000.0,9,3,2018
2018-09-10,6472.6676025390625,53.06338747453006,0.083705248311162,260.80249404907227,27.56749963760376,98.62312507629395,44.18885247718935,48.64019543611629,0.7138239592313766,519.8402557373047,77.25250053405762,1.0312976837158203,68.44000053405762,0.005545249907299876,11.948925018310547,219.43624877929688,1.1583866477012634,1.2915411591529846,1194.7749938964844,59.05093298240117,2.6046249866485596,40.12995327107916,0.009006196400150657,0.25627025216817856,57.852450370788574,3.700000047683716,164.2185210655537,101.99988052231463,14.489250183105469,2.79625004529953,6.788255298782235,782.3000030517578,174.24691955913642,4.917500138282776,14.123500108718872,49.87628900807882,58.124604426054425,0.0208659996278584,17.94866704940796,1.3150299787521362,1.0029059946537018,51.431113400043266,53.59789110328087,24.845079368728868,68.89142669891984,69.10096244191584,0.20332499966025352,26.695828127490792,82.40705472696423,108.46397582630254,0.2937082424759865,25928.1767578125,2876.9149780273438,7476.239990234375,14.627500057220459,3.7,149358.0,204000.0,252.182,102.205,100.1,491507.0,1250.0,1314.0,14229.3,0.84,1.95,0.015,76.77,21516058.0,20276.154,17.142857142857142,17255312.5,9,3,2018
2018-09-17,6611.0399169921875,53.034870319718806,0.0699417507275939,271.9449996948242,31.855000495910645,98.32674980163574,44.735547954110935,49.436463468240326,0.7173095345497131,449.9417495727539,78.28499794006348,1.0326461493968964,69.14249992370605,0.006458750111050904,11.069199800491333,209.5097541809082,1.1630240678787231,1.3045920729637146,1196.3500061035156,58.63031481985633,2.6292500495910645,38.891991256834515,0.008947457885369658,0.2670382559299469,55.01299858093262,3.3899999260902405,162.2776853587815,105.09541738124437,14.79675006866455,2.7887499928474426,6.7743200598795665,796.25,175.29614409082558,4.035000026226044,14.062249898910522,49.35657566291676,57.70677891016493,0.01946749957278371,19.312167167663574,1.3046524822711945,1.0020717531442642,51.618346489987886,54.21601730310428,24.70717386513183,69.96963228703049,69.73865790903929,0.2023090049624443,26.768475647488177,83.11147805679624,109.33935837255896,0.27575723826885223,26068.6923828125,2896.260009765625,7518.5050048828125,12.817499876022339,3.7,149358.0,206000.0,252.182,102.205,100.1,491507.0,1250.0,1314.0,14229.3,0.89,1.95,0.715,78.22,21516058.0,20276.154,21.714285714285715,17269962.5,9,3,2018
2018-09-24,6604.50244140625,51.90999787753316,0.0838330015540123,264.4449996948242,31.480000019073486,95.94537734985352,44.42481913208225,48.56744207793916,0.7259970605373383,474.1940002441406,78.80500221252441,1.0413329601287842,70.4749984741211,0.005927249905653298,11.29325008392334,233.79100036621094,1.1741774082183838,1.3125602006912231,1198.699951171875,58.4614948574399,2.7764999866485596,39.75363958127342,0.008895792532712221,0.343213751912117,59.22982597351074,3.3399999737739563,162.2304079730967,106.50500129077787,14.821000099182129,2.9292500019073486,6.609402267870962,822.4499969482422,175.44433584176582,4.0,14.196749925613403,49.917162187484415,58.41016471395705,0.022937499918043613,19.661333560943604,1.295072466135025,0.9953884929418564,52.61326430811317,55.04505664075345,25.088065590229462,70.99226140623742,69.69894481295124,0.2644039951264858,26.50277342044684,83.85606686869141,109.37446969909259,0.5447355061769485,26571.62744140625,2921.6024169921875,7523.4473876953125,12.052500247955322,3.7,149358.0,205000.0,252.182,102.205,100.1,491507.0,1250.0,1314.0,14229.3,0.92,1.95,9.34,80.89,21516058.0,20276.154,30.857142857142858,17284650.0,9,3,2018
2018-10-01,6578.3074951171875,53.156694509011416,0.08428049832582474,267.3475112915039,31.339999198913574,98.7189998626709,44.29188592463187,48.732676060631896,0.7235097736120224,518.5292510986328,81.84749984741211,1.0249014794826508,72.84250068664551,0.005866499850526452,11.190500020980835,229.32350540161133,1.1657924950122833,1.306516706943512,1191.4500122070312,59.49704968774296,2.7928749322891235,40.151332077227664,0.008820370072498918,0.3393874987959862,60.36099910736084,3.0100000500679016,164.61666224948823,106.78833412708354,14.229000329971313,3.019499957561493,6.828569832294402,818.7750091552734,176.7109932625414,3.7425000071525574,14.497250080108643,49.75015289646957,57.74412197676386,0.02217450039461255,18.4176664352417,1.295357495546341,0.9980212450027466,51.21228227692115,56.149320600936825,24.504568874588333,70.26076918433883,70.31734327960899,0.25878750160336494,26.215402043741296,84.94834797837063,109.85628792152647,0.5558412447571754,26493.97509765625,2915.5974731445312,7590.0823974609375,12.252500057220459,3.8,149526.0,210000.0,252.772,102.366,98.6,496416.0,1221.0,1272.0,14241.4,0.95,2.19,4.185,84.94,21974096.0,20304.874,37.714285714285715,17299337.5,10,4,2018
2018-10-08,6373.34765625,53.63682284776829,0.08357424847781658,265.4449996948242,28.287500381469727,95.94149971008301,41.9623536937334,47.238349373373765,0.7099924385547638,521.2417678833008,84.4000015258789,1.010575532913208,74.63249778747559,0.0056577499490231276,10.958750009536743,225.0885009765625,1.1539482772350311,1.3074954748153687,1198.5499877929688,58.650841703036285,2.771874964237213,40.619572728210514,0.008783414494246244,0.3395810052752495,58.78172492980957,2.7300000190734863,158.43827787534562,105.62223235461225,13.347249984741211,3.1369999051094055,6.812343971596954,822.2499847412109,173.89005368850601,3.177250027656555,14.557000160217285,48.35334379976054,56.37420763023412,0.02555500017479062,18.34566640853882,1.2911275029182434,0.9977049976587296,50.68729530579684,56.89172568370909,24.585921057972232,70.67847982934087,69.47124099680883,0.247856754809618,25.67798055848359,84.67084602865604,106.56964910090753,0.5090755000710487,26536.9306640625,2895.0725708007812,7456.5048828125,14.585000038146973,3.8,149526.0,211000.0,252.772,102.366,98.6,496416.0,1221.0,1272.0,14241.4,1.07,2.19,1.565,84.22,21974096.0,20304.874,32.0,17306662.5,10,4,2018
2018-10-15,6547.110107421875,52.518474993262764,0.07514849863946438,248.97999572753906,26.234999656677246,89.55399703979492,39.35457264041129,44.269846582558834,0.7107648253440857,459.69275665283203,81.38000106811523,1.0089367628097534,72.11749839782715,0.005217250087298453,9.736800193786621,202.7254981994629,1.154921680688858,1.314934879541397,1211.1249694824219,55.893149896004026,2.777999997138977,38.72308970456967,0.008889613440260291,0.327115498483181,53.76845073699951,2.5100000500679016,153.58366453675416,102.18954185318572,12.823749780654907,3.2070000171661377,6.183640524232013,831.1750030517578,166.99682878394333,2.6017500162124634,14.476999998092651,45.73257930879534,53.377067470520224,0.023993500042706728,17.218167304992676,1.3014375269412994,0.9950900077819824,47.81738625226416,54.710683136770164,23.563521400597505,67.02617497868488,66.38215692842907,0.2200937494635582,25.068951924609415,81.89128612462565,102.3979668670292,0.42051975429058075,25529.92236328125,2784.8999633789062,7159.41748046875,21.682499885559082,3.8,149526.0,208000.0,252.772,102.366,98.6,496416.0,1221.0,1272.0,14241.4,1.03,2.19,0.366,80.91,21974096.0,20304.874,20.571428571428573,17321350.0,10,4,2018
2018-10-22,6490.9024658203125,51.97180085065999,0.07503575272858143,247.4875030517578,24.862500190734863,88.84112548828125,39.17748253240701,43.97755812476652,0.7111309319734573,453.9595031738281,80.04000091552734,1.0065962970256805,69.85250091552734,0.00469100009649992,9.705985069274902,206.6402473449707,1.1529449224472046,1.3099046051502228,1226.3250427246094,55.28194694400211,2.775999903678894,38.098744478735505,0.00891439220868051,0.36565350741147995,53.802124977111816,2.5199999809265137,154.55656934374795,102.10995275240731,12.762499809265137,3.2487499713897705,5.796084843331707,834.4249877929688,166.61131822961917,2.590000033378601,14.589000225067139,45.01549370265249,52.60961477075186,0.024297500494867563,17.60333251953125,1.3054525256156921,0.9713660031557083,46.760853567887295,53.15571593934935,23.49097072953731,65.8601254060429,66.00952195223788,0.2351442500948906,25.408869017866532,82.13970904443082,100.78046091554984,0.4471525028347969,25485.59228515625,2775.3825073242188,7143.445068359375,19.932499408721924,3.8,149526.0,217000.0,252.772,102.366,98.6,496416.0,1221.0,1272.0,14241.4,1.09,2.19,3.189,80.45,21974096.0,20304.874,23.714285714285715,17336012.5,10,4,2018
2018-10-29,6398.492431640625,51.66815325957852,0.07380074821412563,246.18500137329102,19.487499237060547,83.72650146484375,38.1513784343575,42.8635476097405,0.7082605808973312,442.6325149536133,77.69000053405762,1.0024683773517609,67.64499855041504,0.004084249958395958,9.73384976387024,204.80374908447266,1.1435029208660126,1.2884152233600616,1230.7999877929688,53.88512732901137,2.7549999952316284,38.5242455187783,0.008927921066060662,0.4295647442340851,52.11847496032715,2.6100000739097595,147.2758857868554,99.76138292587869,12.365999937057495,3.1804999709129333,5.109290629083108,828.2250061035156,161.08999672967468,2.481750011444092,14.630000114440918,42.49283057364284,49.55073764201964,0.023566499818116426,20.90483283996582,1.3103049993515015,0.993032768368721,44.91465773012823,49.85736592706916,22.492750356106896,62.5004082483632,64.2938806944855,0.23502925038337708,25.46518155899894,78.95061728064994,97.77784408166819,0.459013007581234,24845.78759765625,2681.1199340820312,6910.574951171875,23.664999961853027,3.8,149526.0,216000.0,252.772,102.366,98.6,496416.0,1221.0,1272.0,14241.4,1.02,2.19,1.748,77.56,21974096.0,20304.874,29.0,17343325.0,10,4,2018
2018-11-05,6431.217529296875,50.078595369875245,0.07441199943423271,241.37749862670898,19.422499656677246,81.31074905395508,41.266139568235644,45.68802479331637,0.7185073792934418,529.4817428588867,73.96000099182129,0.9979680776596069,64.21499919891357,0.003773000091314316,9.305755376815796,205.4944953918457,1.1386798620224,1.2926971912384033,1227.4500122070312,52.98430805212457,2.765500009059906,40.029465539399084,0.008858368964865804,0.497274748980999,52.67077445983887,2.5500000715255737,148.3334201370723,98.60932252807862,12.529500246047974,3.2464999556541443,5.12681644846144,861.8500213623047,160.75479561196033,2.5049999952316284,14.592999935150146,44.13489371646402,51.47562234150666,0.022975000087171793,22.73799991607666,1.3112625181674957,0.9852547496557236,46.53773988992096,49.58034954240446,23.03802717984181,62.74838562249879,64.03841718753205,0.23640500381588936,25.78699037069879,79.61975509537784,100.05974186936625,0.4582902491092682,25060.7177734375,2701.5525512695312,6897.6500244140625,21.232500076293945,3.8,149617.0,218000.0,252.594,102.556,97.5,498854.0,1181.0,1340.0,14260.8,1.14,2.2,1.465,72.68,21974096.0,20304.874,35.285714285714285,17357987.5,11,4,2018
2018-11-12,5759.91748046875,48.56211695826471,0.0770459994673729,244.3574981689453,20.789999961853027,85.06524848937988,41.79227247646884,45.877651219622194,0.7234438359737396,555.7225036621094,70.91000175476074,0.9965872168540955,60.9449987411499,0.0032900000805966556,9.377257347106934,212.72624588012695,1.137575387954712,1.302483707666397,1213.2500305175781,53.4689936936803,2.7098750472068787,41.143415034372005,0.008799021132290363,0.502762496471405,52.28384971618652,3.040000021457672,146.06162989143664,102.39091454172888,12.778499841690063,3.674750030040741,5.138830316424987,858.0750122070312,164.17869841286506,2.737999975681305,14.238499879837036,44.72468864378248,52.2086904749453,0.023515249602496624,23.145666122436523,1.3176699876785278,0.993987500667572,48.06018889090711,50.73273671220671,23.800984332023862,64.61137591217448,65.27824781809974,0.2654992416501045,26.440667776052244,82.54477948080476,103.08345195296933,0.5082855075597763,25879.47314453125,2773.7774658203125,7036.014892578125,17.920000553131104,3.8,149617.0,221000.0,252.594,102.556,97.5,498854.0,1181.0,1340.0,14260.8,1.15,2.2,0.401,69.81,21974096.0,20304.874,49.42857142857143,17372650.0,11,4,2018
2018-11-19,4306.4449462890625,46.08456596561072,0.06482450012117624,238.47750091552734,20.47249984741211,80.52350044250488,40.607997713563776,44.58249659446486,0.7295386493206024,423.80125427246094,67.50500106811523,0.99847811460495,57.23749923706055,0.0027425000444054604,7.855010151863098,184.23649978637695,1.1372337639331818,1.286779761314392,1215.425048828125,52.94387741197156,2.772499918937683,41.591664596928894,0.00884037185460329,0.5364122465252876,44.27865028381348,2.7100000381469727,139.94292874786586,100.79165098883979,12.69350004196167,4.301999866962433,4.318639201946612,840.3999786376953,160.20411388494784,2.286750078201294,14.254749774932861,43.89314129716362,51.428729564498354,0.019544499926269054,23.244333267211914,1.3169150054454803,0.9876407533884048,48.02081371528058,49.57665215346726,23.479972798581592,64.03729004344474,63.76184937856384,0.24985675513744354,26.76649626607523,81.87787795636774,100.25459884732157,0.4942200034856796,25395.2353515625,2729.8200073242188,6858.81494140625,19.124999523162842,3.8,149617.0,225000.0,252.594,102.556,97.5,498854.0,1181.0,1340.0,14260.8,1.07,2.2,16.295,64.14,21974096.0,20304.874,33.42857142857143,17379962.5,11,4,2018
2018-11-26,4084.174072265625,42.18118141693903,0.0425377506762743,224.1974983215332,19.13249969482422,75.06637382507324,38.971884653546375,42.10205987463719,0.7253473699092865,234.6492462158203,60.91250038146973,1.0037037283182144,52.10749912261963,0.0023074999335221946,5.309687495231628,127.96224784851074,1.1373296976089478,1.2835750579833984,1222.4500122070312,51.38445921810421,2.778999984264374,40.610566507395426,0.008862138027325273,0.3210947513580322,32.79912567138672,2.409999966621399,131.39572538053554,97.37035166863183,12.44575023651123,4.42550003528595,3.6236681349138324,846.0500183105469,153.82322214135422,1.8975000083446503,14.285749673843384,42.502178423393616,50.0298167211605,0.01362275006249547,22.399333477020264,1.3234449625015259,0.9791429936885834,47.07147001142028,47.7742035135335,23.0490257878549,62.65678607532101,60.82043987534737,0.1756404973566532,26.645818213107212,80.66713884035283,96.43503317258596,0.3960454985499382,24558.31201171875,2657.342529296875,6584.625,21.34250020980835,3.8,149617.0,237000.0,252.594,102.556,97.5,498854.0,1181.0,1340.0,14260.8,1.11,2.2,0.615,59.7,21974096.0,20304.874,14.714285714285714,17394637.5,11,4,2018
2018-12-03,3666.1692504882812,42.35053625147065,0.04047274962067604,245.48500061035156,20.897499561309814,82.50699996948242,41.03951612557941,44.98254148441028,0.7297546714544296,181.96001052856445,59.08500003814697,1.0025635063648224,50.95750045776367,0.002200000046286732,4.956801056861877,115.31945037841797,1.1326801776885986,1.2774499654769897,1220.074951171875,54.349158450463015,2.7654999494552612,41.85416147868598,0.008814192609861493,0.3147602453827858,32.94694948196411,2.5,137.8602614073373,102.92967523763048,12.842249870300293,4.505000054836273,3.94663053060997,809.9250030517578,160.17292862982845,1.9800000190734863,14.126999855041504,44.5775274786002,52.01253719197571,0.014506499748677015,22.959333896636963,1.3282800316810608,0.9947295039892197,47.397389732523266,48.6070981094906,23.587707321259913,64.14676733050288,62.918105479332745,0.15762599930167198,27.039026740668035,84.48061466344657,100.29450665740265,0.36971399188041687,25247.69091796875,2732.7974243164062,6860.0098876953125,18.742499828338623,3.9,149809.0,232000.0,252.767,102.735,98.3,489113.0,1095.0,1317.0,14382.6,1.02,2.27,2.21,60.17,21974096.0,20304.874,15.285714285714286,17401962.5,12,4,2018
2018-12-10,3336.0785522460938,41.1579330072577,0.033165750559419394,243.59249877929688,20.459999561309814,83.08062362670898,40.21246244064573,44.525651547970924,0.7262430787086487,122.36694145202637,61.35999870300293,1.0074058920145035,52.46250057220459,0.002155249996576458,4.124805927276611,97.59322547912598,1.1375166475772858,1.2742848694324493,1241.175048828125,53.09030073039789,2.766749918460846,40.70953712198379,0.008862007642164826,0.24867075309157372,27.1755108833313,2.1200000047683716,137.3999151341911,100.50041239432379,12.849750280380249,4.459249973297119,3.8156854636489617,793.4749908447266,157.2902073790754,1.7725000083446503,14.475249767303467,42.892254290887855,50.444807185708264,0.013704999815672636,24.10316753387451,1.3347300291061401,1.008646473288536,46.308052323375335,47.868385985573475,22.563112928421752,62.172045007723526,61.689969335162175,0.1292010024189949,27.2552462398802,82.16657895437459,98.70516686636284,0.3216722458600998,24750.08251953125,2671.967529296875,6732.02490234375,22.084999799728394,3.9,149809.0,208000.0,252.767,102.735,98.3,489113.0,1095.0,1317.0,14382.6,0.99,2.27,1.424,60.29,21974096.0,20304.874,14.142857142857142,17416612.5,12,4,2018
2018-12-17,3862.3782958984375,39.764972020914904,0.029516249895095825,235.41500091552734,20.052499771118164,80.92262268066406,39.49521677181377,44.005131105632934,0.7212411761283875,87.32786178588867,60.552499771118164,1.004980593919754,51.50500011444092,0.0021100000594742596,3.7405792474746704,87.40284729003906,1.1334557831287384,1.2604035437107086,1239.4249877929688,52.60039325375367,2.756125032901764,40.98494012682813,0.008828880032524467,0.2139277532696724,25.186108589172363,1.8100000321865082,142.9064836381684,100.46748527007473,12.729750156402588,4.026749908924103,3.6798626694800363,788.1499938964844,155.43221327317718,1.4550000131130219,14.558499574661255,42.50567847948459,50.18221583557747,0.013102500000968575,24.373499870300293,1.335177481174469,1.008146971464157,45.28432384171766,46.23399398311057,21.52312512856375,60.36710408724485,60.968087622740825,0.10278499685227871,26.98975561419247,80.5082403195426,96.68387386336309,0.29364775121212006,24227.66943359375,2617.1424560546875,6647.9775390625,22.384999752044678,3.9,149809.0,217000.0,252.767,102.735,98.3,489113.0,1095.0,1317.0,14382.6,1.05,2.27,0.415,57.59,21974096.0,20304.874,13.428571428571429,17423962.5,12,4,2018
2018-12-24,3911.5824584960938,36.937312485399865,0.04076725011691451,213.99750137329102,17.660000324249268,71.29237365722656,34.815129434116784,39.62269035209376,0.707728773355484,176.43489837646484,55.40999984741211,1.0074362754821777,47.045000076293945,0.002495500026270747,4.6305171847343445,119.99698257446289,1.1389911472797394,1.2649873495101929,1252.6250305175781,50.25225066223792,2.6924999952316284,39.35836011250848,0.008957590907812119,0.2940315008163452,31.72138214111328,1.7599999606609344,129.2035584413202,94.25440935107046,11.902999877929688,3.771499991416931,3.3346948421635965,793.6749877929688,144.50451951607715,1.6724999845027924,14.612250089645386,39.88374510132955,47.675093188181876,0.01934725046157837,21.951833248138428,1.3542750179767609,1.0155852288007736,43.210644605404106,42.53306150360737,20.401788197455012,56.78627488715563,56.744642874585494,0.12072675488889217,25.41469735564153,75.34080298437632,90.00493752805001,0.3557030037045479,22843.78955078125,2460.7300415039062,6182.1824951171875,28.385000228881836,3.9,149809.0,228000.0,252.767,102.735,98.3,489113.0,1095.0,1317.0,14382.6,0.99,2.27,7.96,51.93,21974096.0,20304.874,27.142857142857142,17438575.0,12,4,2018
2018-12-31,3988.4484252929688,36.82581020962919,0.04308575112372637,219.8300018310547,17.494999885559082,72.20637512207031,34.08200523137071,36.41259093356167,0.7047031223773956,171.28345489501953,52.40999984741211,1.014682114124298,45.005001068115234,0.0024190000840462744,5.220836758613586,138.25942611694336,1.1428040564060211,1.2703705132007599,1275.0500183105469,51.44466973987059,2.6804999709129333,39.74994367201698,0.009054995141923428,0.29652174562215805,32.16082048416138,1.5800000131130219,130.71889856612026,93.39607129472458,12.438249826431274,3.4325000047683716,3.2802671647231385,791.8249816894531,144.85411145936763,1.5275000035762787,15.169750213623047,40.805539343022424,48.17094939484588,0.020427999552339315,21.63450002670288,1.3634024858474731,1.0209897458553314,43.628218515645536,42.02871613310103,20.604217359322494,56.676361417319754,57.150995679529096,0.12146725133061409,24.956281244858296,75.88510673868134,91.23914242994596,0.3809802606701851,22804.802734375,2459.58251953125,6213.5050048828125,30.077500343322754,3.9,149809.0,238000.0,252.767,102.735,98.3,489113.0,1095.0,1317.0,14382.6,0.98,2.27,41.848,50.57,21974096.0,20304.874,26.0,17453250.0,12,4,2018
2019-01-07,3689.963623046875,35.65168982097697,0.04711674991995096,223.7949981689453,18.50250005722046,77.57137489318848,36.491267630006945,41.17308040851181,0.7070097327232361,164.52704620361328,56.230000495910645,1.0145811438560486,47.37249946594238,0.0023470000596717,5.373571872711182,152.20917129516602,1.1415362656116486,1.2698714137077332,1283.7249755859375,52.97808410951626,2.631375014781952,40.10495243858304,0.009211682016029954,0.38226524740457535,37.18029308319092,1.570000022649765,134.9788411314573,94.9058140764299,12.93624997138977,3.0264999866485596,3.338538265389581,813.5500030517578,148.62058044709593,1.625,15.626499891281128,40.956712483391314,48.46386026162944,0.022088749799877405,21.19949960708618,1.3417675197124481,1.0197057723999023,44.7554776544992,43.9803782579441,21.290068609070623,58.00246395545059,57.482909442643006,0.11862950026988983,24.956281108089406,76.83155561688888,94.27706198534301,0.3663032501935959,23255.8427734375,2511.4774780273438,6357.4849853515625,23.119999885559082,4.0,150059.0,225000.0,252.561,102.87,91.2,490440.0,1226.0,1261.0,14446.1,0.92,2.4,2.786,57.1,22027880.0,20431.641,34.42857142857143,17468000.0,1,1,2019
2019-01-14,3628.2114868164062,36.07684547789995,0.04373124986886978,235.4275016784668,20.22000026702881,81.83650016784668,39.50788756780118,44.29359312707339,0.7196134030818939,136.22500801086426,60.135000228881836,1.0191032588481903,51.15000057220459,0.00215150008443743,4.547083020210266,127.08300018310547,1.1479682624340057,1.2818451821804047,1285.8999633789062,53.229513442614646,2.6637500524520874,41.71861636269046,0.009218033403158188,0.426021009683609,32.9360408782959,1.629999965429306,141.550365498799,96.76126079629994,13.288749933242798,3.068499982357025,3.619296835167136,816.1000061035156,153.43732885201976,1.641750007867813,15.616249799728394,43.07906018353854,50.99037556969116,0.024471249897032976,22.67799997329712,1.3271050155162811,1.0246667861938477,45.7968573195904,45.85560112064092,21.58873638372487,60.362476769039105,59.35427558922432,0.10991000011563301,25.778386922667348,78.50639573252765,97.96311485534594,0.3336932435631752,23844.5498046875,2578.7250366210938,6561.7099609375,19.325000286102295,4.0,150059.0,218000.0,252.561,102.87,91.2,490440.0,1226.0,1261.0,14446.1,0.9,2.4,1.205,58.8,22027880.0,20431.641,28.0,17475400.0,1,1,2019
2019-01-21,3590.6465454101562,37.01483006829636,0.0433997493237257,244.41499710083008,20.40250015258789,83.79687309265137,40.90648067599056,46.07514115074139,0.71885085105896,126.86268997192383,61.82500076293945,1.0083947479724884,52.97499942779541,0.002129000029526651,4.321314692497253,121.69348907470703,1.139844536781311,1.2879471480846405,1284.4500427246094,54.503795371395505,2.7146249413490295,42.099439171817885,0.009170730831101537,0.4905180111527443,31.50427770614624,1.530000001192093,147.74866609145153,99.84664315166933,13.445499897003174,3.471750020980835,3.8286416104244365,799.7499847412109,157.30319323145739,1.6225000023841858,15.393749952316284,43.74207083432914,51.74224566245588,0.02384500065818429,20.937500476837158,1.327637493610382,1.017953246831894,46.673120722159055,47.141804934107505,22.62415319738193,62.479745446836574,60.945543010913084,0.10579525120556355,26.399040733070827,80.28466120850736,99.9569681059182,0.3244762569665909,24482.0400390625,2646.824951171875,6724.5224609375,18.259999752044678,4.0,150059.0,214000.0,252.561,102.87,91.2,490440.0,1226.0,1261.0,14446.1,0.96,2.4,13.165,62.18,22027880.0,20431.641,29.142857142857142,17490075.0,1,1,2019
2019-01-28,3478.8994140625,37.28972957251028,0.04183625057339668,244.66500091552734,21.360000133514404,82.93525314331055,40.53754321485988,46.46727316715213,0.7160796076059341,124.82992935180664,61.65499973297119,1.005701869726181,53.35499954223633,0.0020615000394172966,4.278271436691284,114.98282623291016,1.138035386800766,1.310917615890503,1292.6750183105469,54.4142221073624,2.7213749289512634,40.851546582736326,0.009125508600845933,0.4657692462205887,32.36508893966675,1.5600000023841858,147.3231486853972,100.43454920478636,13.848249912261963,3.168500006198883,3.8975754160095186,807.1499938964844,157.58169478892685,1.7699999809265137,15.514250040054321,45.23354537011397,53.37986388698301,0.028238500002771616,19.68933391571045,1.3321999907493591,1.011075735092163,46.576251660650044,46.69070587552755,22.92282927188353,62.612358779714214,61.609353455113954,0.09827074967324734,26.8100849765175,80.09580281974975,100.3293490568171,0.3124592527747154,24644.71484375,2653.6900024414062,6740.0526123046875,18.542500019073486,4.0,150059.0,234000.0,252.561,102.87,91.2,490440.0,1226.0,1261.0,14446.1,0.97,2.4,1.265,59.71,22027880.0,20431.641,35.285714285714285,17504775.0,1,1,2019
2019-02-04,3616.7535400390625,39.099494943207134,0.038604999892413616,245.7675018310547,23.302499771118164,82.24487686157227,41.20066813596662,47.04287127409015,0.7235991805791855,117.19496154785156,61.464999198913574,1.004868894815445,54.3774995803833,0.0019314999808557332,3.986822545528412,108.00250816345215,1.145564079284668,1.3109920024871826,1314.4000244140625,55.206811256800236,2.758875072002411,41.43030177832444,0.009149386314675212,0.4032125025987625,32.97105121612549,1.4000000059604645,160.8742834837079,97.40799081377688,13.041499853134155,2.7952499985694885,3.5164531455170764,819.4749908447266,159.6491479404955,1.7999999523162842,15.87374997138977,46.07034511094804,54.19985710600558,0.026105500292032957,20.471166133880615,1.3138149678707123,1.0029872357845306,47.12446296755456,47.844540478629405,23.004681304985287,64.04635256312329,62.28962386278016,0.08492725156247616,27.607783450467196,80.92086898567015,101.01281967867757,0.3061067536473274,24911.2177734375,2688.4450073242188,6825.199951171875,17.19499969482422,3.8,150065.0,232000.0,253.319,102.963,93.8,491751.0,1121.0,1287.0,14481.2,0.86,2.4,4.515,62.26,22027880.0,20431.641,21.571428571428573,17519437.5,2,1,2019
2019-02-11,3662.7457885742188,40.76735806809801,0.04117850121110678,255.15499877929688,23.25749969482422,80.19325065612793,41.585281130347404,47.685466210304135,0.7139975130558014,124.55912590026855,62.109999656677246,1.0008388608694077,53.2475004196167,0.001930750033352524,4.058846473693848,119.35029029846191,1.1364598274230957,1.296477735042572,1311.9249572753906,55.389559577542265,2.80649995803833,42.258646787868905,0.009110062383115292,0.4431212469935417,43.32309055328369,1.9599999487400055,166.90089564567802,99.0941327716147,13.035000085830688,2.611999988555908,3.695112796127964,802.6499938964844,162.09353484791492,2.24849995970726,15.75974988937378,47.21543761574746,55.6001701661349,0.026351000647991896,20.572333335876465,1.325832486152649,1.0020202547311783,46.53661925219204,47.160433131651196,22.767956964037346,65.57249805782251,63.89030738796241,0.07923225127160549,28.002556784956305,81.00406005681751,101.30273127354221,0.3063112422823906,25133.6845703125,2709.1424560546875,6924.4749755859375,16.09249997138977,3.8,150065.0,226000.0,253.319,102.963,93.8,491751.0,1121.0,1287.0,14481.2,0.83,2.4,2.006,61.3,22027880.0,20431.641,31.142857142857142,17526762.5,2,1,2019
2019-02-18,3875.3697509765625,40.876323170570984,0.04147450067102909,259.6125030517578,23.5,80.72850036621094,43.092630248524664,48.649833395339385,0.7122337073087692,124.15479850769043,64.95000076293945,0.99534572660923,54.56999969482422,0.0019625000131782144,4.142053723335266,130.31446838378906,1.1293826401233673,1.288129985332489,1314.1499938964844,55.759792423319944,2.7961249947547913,44.07678361226948,0.00905244005843997,0.45189300179481506,44.00140571594238,2.1700000166893005,162.78280574980406,101.05305573132185,13.949749946594238,2.634249985218048,3.8623645836508076,798.2250213623047,164.3410415197829,2.352500021457672,15.675249814987183,48.39148135210867,57.03025241298016,0.02429324947297573,20.589333534240723,1.3255275189876556,1.0017237812280655,47.58021206681392,48.62744228520006,23.210442965269593,67.50095241526991,65.14023252379212,0.07887999899685383,28.347066618470176,82.77107322821583,103.12687598295793,0.304324246942997,25664.830078125,2757.6625366210938,7019.53759765625,15.47000002861023,3.8,150065.0,211000.0,253.319,102.963,93.8,491751.0,1121.0,1287.0,14481.2,0.8,2.4,5.271,66.41,22027880.0,20431.641,45.857142857142854,17541437.5,2,1,2019
2019-02-25,3848.7794189453125,41.246422312553065,0.0441880002617836,258.4774932861328,24.1850004196167,81.23275184631348,43.86378496395511,49.32196561851106,0.7136601507663727,135.78724098205566,66.88750267028809,0.998786985874176,56.90499973297119,0.0020104999421164393,4.381056189537048,142.5642204284668,1.1333152651786804,1.302408516407013,1330.7249755859375,55.50998455211039,2.9306249618530273,45.256825359029506,0.009033894399181008,0.427177757024765,46.6072940826416,2.8700000643730164,161.12062949988842,103.33885708370082,14.412750244140625,2.689999997615814,3.9353277627158647,835.9750061035156,165.57768041531563,3.759999990463257,15.940999984741211,49.37707136112687,57.92308279091445,0.0244015003554523,19.857666492462158,1.3169950246810913,1.0174222439527512,48.85276847174961,49.169894972757135,23.4117685003672,68.30337448666387,66.1994928678273,0.0861357506364584,28.46041485028144,83.04311363323698,104.40427327334613,0.3114732578396797,25969.68310546875,2786.0224609375,7069.8023681640625,14.172500133514404,3.8,150065.0,221000.0,253.319,102.963,93.8,491751.0,1121.0,1287.0,14481.2,0.75,2.4,1.375,64.02,22027880.0,20431.641,60.42857142857143,17556112.5,2,1,2019
2019-03-04,3906.0468139648438,41.832708413854675,0.04282224923372269,262.6575012207031,23.9975004196167,82.91024971008301,44.919000651085064,49.740999671118054,0.710944414138794,133.12963485717773,65.48749923706055,1.0020604133605957,56.125,0.001994500053115189,4.292413234710693,134.58831787109375,1.137952208518982,1.3207009732723236,1303.3250122070312,56.65090547225401,2.9426249861717224,46.0731000631067,0.0089658722281456,0.43280400335788727,47.70357418060303,2.6200000047683716,162.03882022912862,106.08284732300906,14.264999866485596,2.8395000100135803,3.9134455354270195,861.6749877929688,166.92947804206892,3.365000009536743,15.340749740600586,49.64251233383118,58.08049960022882,0.023160000331699848,19.97249937057495,1.3248849511146545,1.0119887590408325,48.66783301978167,49.27241320266743,23.602036420119173,69.98460237230934,66.97864882680491,0.08683575317263603,28.243693077550066,83.33534554104102,104.59989397288359,0.3159177526831627,26042.8251953125,2798.9999389648438,7127.5699462890625,14.179999828338623,3.8,150295.0,216000.0,254.277,103.058,98.4,499292.0,1191.0,1305.0,14526.2,0.78,2.41,2.917,64.44,22027880.0,20431.641,40.142857142857146,17570762.5,3,1,2019
2019-03-11,3997.7633666992188,41.50512340253855,0.04454424884170294,256.39500427246094,22.297500133514404,81.71999931335449,43.486650299164005,48.07928389606491,0.7049519866704941,131.3278865814209,65.61999893188477,0.9936299324035645,55.96249961853027,0.0019935000455006957,4.333655118942261,134.944486618042,1.1260835826396942,1.3074174225330353,1293.1000061035156,57.30888369241865,2.9038750529289246,45.63356292730003,0.008983302395790815,0.48760150372982025,54.875712394714355,2.5300000309944153,168.35653824976566,104.63986129809237,13.852499961853027,2.859499990940094,3.7543358144966725,821.5500030517578,165.0733830782198,3.4800000190734863,15.184000253677368,48.35577105523461,56.563480541401574,0.022808000445365906,18.95633316040039,1.3391824960708618,1.0098824799060822,48.21648534366533,48.08500696272184,23.133001946584173,67.26045062422686,65.97590312952536,0.09584424830973148,28.312877885627632,81.12995001250391,102.8157861508207,0.3124310076236725,25577.23046875,2756.322509765625,7044.510009765625,15.952499628067017,3.8,150295.0,218000.0,254.277,103.058,98.4,499292.0,1191.0,1305.0,14526.2,0.73,2.41,0.019,65.06,22027880.0,20431.641,50.42857142857143,17578112.5,3,1,2019
2019-03-18,4036.7119140625,44.01135781541423,0.0493172500282526,259.0024948120117,23.177500247955322,84.6191234588623,44.909114081551415,49.27514117410509,0.7068939656019211,150.19265747070312,67.0250015258789,0.9962520599365234,57.98750019073486,0.00205199999618344,4.442082762718201,138.87592315673828,1.131512701511383,1.3232929706573486,1299.9750366210938,58.959239456625184,2.9095000624656677,46.750808085066396,0.008963100844994187,0.48583748936653137,59.519164085388184,2.4200000166893005,166.40821456362627,108.65002766152435,14.601500034332275,2.7997500896453857,4.100852874185532,829.1499938964844,169.86612156107086,3.600499987602234,15.254000186920166,50.09959966991083,58.74072034493652,0.02294675027951598,18.677499771118164,1.33439502120018,1.0092087388038635,48.88138710588959,48.784027525579745,23.440529488079587,66.5749405623748,68.11322958720808,0.10701299831271172,28.831172038613346,82.20680022956178,103.98005459948756,0.31629324704408646,25708.412109375,2805.8250122070312,7248.7100830078125,13.672500133514404,3.8,150295.0,212000.0,254.277,103.058,98.4,499292.0,1191.0,1305.0,14526.2,0.64,2.41,3.169,66.65,22027880.0,20431.641,55.42857142857143,17592812.5,3,1,2019
2019-03-25,4110.41162109375,45.78397548522724,0.059450749307870865,259.4775047302246,25.972500801086426,88.32400131225586,44.92140812138258,49.72586817201476,0.7101129591464996,163.1209373474121,67.24249839782715,1.0056031346321106,59.13000011444092,0.0020600000279955566,4.76430881023407,138.02412033081055,1.1329635083675385,1.3203194439411163,1308.0249938964844,60.12778243914908,2.8636249899864197,46.490973075038774,0.009065252961590886,0.4640577584505081,60.44694995880127,2.35999995470047,163.07643007449008,111.22897335217709,14.544250249862671,2.781000018119812,4.39263446503286,846.6750030517578,172.293715104138,3.6600000858306885,15.357500314712524,51.112563448428034,59.96953527816038,0.02338550053536892,17.842832565307617,1.3357325196266174,1.0085960030555725,48.44687194890879,49.517954832798324,22.90642450310598,66.46586511679183,69.59437042605431,0.1088232509791851,29.236221712722795,82.28953058328253,105.94768907029814,0.31175050139427185,25653.9423828125,2815.5499877929688,7362.8450927734375,15.712499856948853,3.8,150295.0,210000.0,254.277,103.058,98.4,499292.0,1191.0,1305.0,14526.2,0.55,2.41,0.129,67.37,22027880.0,20431.641,52.714285714285715,17607512.5,3,1,2019
2019-04-01,4950.4246826171875,45.355187605188895,0.06768450140953064,264.45499420166016,25.644999980926514,88.91187286376953,44.661468783984446,49.38800234315262,0.7097111493349075,167.90280151367188,68.00749969482422,1.0056771636009216,59.79499912261963,0.0020880000083707273,4.840250611305237,141.53289794921875,1.125217318534851,1.3082972466945648,1298.75,58.801995675784866,2.9103750586509705,46.29611597133522,0.009041678160429,0.5002989992499352,60.988685607910156,2.1099999845027924,165.4278272112421,111.02589041729641,14.444000005722046,2.6874999403953552,4.418202403557901,848.9000244140625,172.38354722115145,3.2425000071525574,15.136250257492065,50.454313468243335,59.36704078450756,0.02337549952790141,18.241833686828613,1.3370024859905243,1.0119482427835464,48.78296932418632,49.6212800521256,22.766327621324553,67.3520397792525,69.53531372326668,0.10663150250911713,29.55160055176095,82.39108746937332,107.14667473373608,0.3110572472214699,25794.73486328125,2822.4624633789062,7356.7149658203125,14.727500200271606,3.7,150593.0,203000.0,255.233,103.265,97.2,499343.0,1272.0,1311.0,14554.5,0.59,2.42,0.011,69.08,22023283.0,20602.275,51.57142857142857,17622175.0,4,2,2019
2019-04-08,5178.237060546875,46.679862958779594,0.0874862503260374,268.2000045776367,28.43499994277954,91.39837455749512,46.774552041772196,51.160179632701954,0.710176020860672,287.2876205444336,69.67249870300293,1.001509502530098,62.407501220703125,0.003252499969676137,7.014777660369873,167.0307273864746,1.1226919889450073,1.306996375322342,1289.0500183105469,60.08598148321731,2.9054999351501465,47.94597720729958,0.008968811016529799,0.5655722469091415,85.63347148895264,2.619999945163727,173.3629444650171,112.96247030504503,14.617000102996826,2.6732500195503235,4.678461071281108,887.6999969482422,176.80975516831148,4.358000040054321,15.040250062942505,52.99685261703044,62.348067153114634,0.027663249988108873,18.44466733932495,1.33559250831604,1.0099200010299683,50.74870123558,50.44601665917843,23.52906420234698,69.38654948142383,71.41273755040461,0.12504449859261513,29.768937506981825,82.87847663124653,110.45510640550602,0.35067150741815567,26352.31005859375,2881.8374633789062,7542.452392578125,13.019999980926514,3.7,150593.0,196000.0,255.233,103.265,97.2,499343.0,1272.0,1311.0,14554.5,0.61,2.42,0.284,71.12,22023283.0,20602.275,64.28571428571429,17629550.0,4,2,2019
2019-04-15,5253.26416015625,47.71708938241624,0.08484849892556667,270.4824981689453,27.96000051498413,92.05400085449219,46.80710768771561,51.28192735869099,0.7157271504402161,290.8068313598633,71.31500244140625,0.9984611868858337,63.92500019073486,0.0029815000598318875,6.690768480300903,170.27115631103516,1.129566878080368,1.3082073032855988,1294.7249755859375,60.54665344583739,2.9330000281333923,48.55008151238749,0.008949780371040106,0.5266817435622215,84.03488159179688,3.185000002384186,177.17994397141283,113.70641330277718,14.897749900817871,2.6750000715255737,4.722705969969643,896.0749969482422,178.30842360302927,4.632500052452087,14.981000185012817,53.89911872662067,63.45222293538511,0.02785500045865774,18.03599977493286,1.3336225152015686,1.008314996957779,51.19535270944347,50.795456281882444,23.991593055090018,69.40010483506963,72.22747980616909,0.12009400129318237,29.94146943499966,81.53810916519593,111.56894786271224,0.33645524829626083,26330.9677734375,2899.6724853515625,7605.8099365234375,12.59000015258789,3.7,150593.0,197000.0,255.233,103.265,97.2,499343.0,1272.0,1311.0,14554.5,0.61,2.42,0.018,70.9,22023283.0,20602.275,58.0,17644162.5,4,2,2019
2019-04-22,5347.4228515625,48.50039996824349,0.0764587502926588,270.3725051879883,27.647500038146973,92.73437690734863,45.64795802677032,50.711132982899166,0.7160597741603851,298.7853698730469,71.73750114440918,0.9889600723981857,63.90000057220459,0.0028005000203847885,6.036004424095154,169.08864974975586,1.1263180375099182,1.3025639653205872,1275.3000183105469,61.498979095241275,2.940375030040741,50.33852658902284,0.008930218638852239,0.5045827627182007,78.38286972045898,3.1674999594688416,177.70496445165065,115.80834354147396,14.722999811172485,2.527750015258789,4.630305975307797,894.8999938964844,179.77340634465926,5.192500114440918,14.928000211715698,55.55367039809947,65.83090075044161,0.025494500063359737,18.0024995803833,1.3357074856758118,1.0064290016889572,51.2241044245078,50.641400594918835,24.2495461618238,70.48069158986475,73.17206648695907,0.11359749920666218,29.241546747008893,78.41741791780021,112.60000139947803,0.3270692452788353,26509.4794921875,2904.989990234375,7668.2625732421875,12.087500095367432,3.7,150593.0,222000.0,255.233,103.265,97.2,499343.0,1272.0,1311.0,14554.5,0.64,2.42,1.117,70.71,22023283.0,20602.275,60.142857142857146,17658875.0,4,2,2019
2019-04-29,5673.6995849609375,49.0585373859418,0.07109900005161762,278.7799987792969,27.917499542236328,96.22375106811523,46.01231680534078,51.05692124927065,0.7055170983076096,267.7572250366211,72.79500007629395,0.9812455475330353,63.869998931884766,0.0025927500100806355,5.648602604866028,160.88165283203125,1.1178859770298004,1.2929987609386444,1280.1750183105469,63.03762083922147,2.946250021457672,46.69667112664821,0.00895288260653615,0.46018224209547043,71.99885368347168,2.965000033378601,189.0365616492505,121.32524176952028,14.841500282287598,2.537749946117401,4.482181121488033,897.0500183105469,182.56860340505213,5.424749970436096,14.94474983215332,55.44772529250988,66.28955711591634,0.023775250650942326,16.18483304977417,1.3453800082206726,0.995333731174469,50.50988984938622,50.13979557062574,24.51861195937587,70.20938873288388,74.14502543369409,0.10233000107109547,29.22925182081983,79.55692677342127,113.67366852309577,0.30292174220085144,26523.22509765625,2928.9974365234375,7789.80517578125,12.959999799728394,3.7,150593.0,224000.0,255.233,103.265,97.2,499343.0,1272.0,1311.0,14554.5,0.58,2.42,0.615,71.22,22023283.0,20602.275,50.857142857142854,17666212.5,4,2,2019
2019-05-06,6775.57568359375,50.179597837287275,0.06711249984800816,285.25498962402344,28.049999713897705,97.1398754119873,46.131918379437415,51.68606802465215,0.7011458575725555,283.1160583496094,71.14499855041504,0.9832460284233093,62.394999504089355,0.002632999967318028,5.784289717674255,162.68346405029297,1.1204338073730469,1.3107722401618958,1277.4749755859375,60.14246432833582,2.836750030517578,44.61375328628081,0.00896985619328916,0.4911292493343353,75.31359481811523,2.965000033378601,193.60752566848765,121.39610932945098,14.342749834060669,2.5764999389648438,4.50762230361074,872.9749908447266,182.91986411971797,4.767500042915344,14.843499660491943,55.67032161975645,66.79685515717352,0.023514500353485346,16.63616681098938,1.3448775112628937,1.0028604865074158,50.10525871934465,48.653768050586166,24.88329939935233,70.55529113076504,74.40244459193715,0.09942824952304363,29.585366434360385,81.00334452054909,113.22434004184555,0.30299824476242065,26469.912109375,2936.4774169921875,7803.9625244140625,13.577499866485596,3.6,150621.0,225000.0,255.296,103.371,100.0,504741.0,1293.0,1347.0,14652.4,0.6,2.39,0.067,71.95,22023283.0,20602.275,56.57142857142857,17680912.5,5,2,2019
2019-05-13,7903.621337890625,47.66738911309276,0.0694275014102459,277.87500762939453,27.512499809265137,94.9370002746582,44.9105643026745,50.49500987321287,0.6996598392724991,340.4318313598633,70.44750213623047,0.9863215833902359,61.577500343322754,0.0026497500366531312,5.877326726913452,184.5263671875,1.1225501000881195,1.3028179109096527,1284.1749877929688,58.185318344146516,2.792625069618225,40.87448251642371,0.00909039773978293,0.6348219811916351,84.00017547607422,2.8850000500679016,188.00144479149785,119.59413410578654,13.903499841690063,2.599749982357025,4.232037160743691,862.7750091552734,178.3060277979497,4.104499936103821,14.765499830245972,52.92305098594465,63.52288248485681,0.024086500518023968,16.22350025177002,1.3453474640846252,0.9992390125989914,48.676830106167586,47.99435154455743,24.42521495625862,68.92992641795365,72.04564001612783,0.09803350083529949,29.433919633202112,80.25870399537214,110.97301186048891,0.3126465007662773,25957.716796875,2881.37744140625,7601.08740234375,17.08750033378601,3.6,150621.0,212000.0,255.296,103.371,100.0,504741.0,1293.0,1347.0,14652.4,0.55,2.39,0.111,72.35,22023283.0,20602.275,71.57142857142857,17695587.5,5,2,2019
2019-05-20,8391.787231445312,45.286981565790015,0.08598099835216999,278.19750213623047,27.389999866485596,93.39074897766113,42.69547766332086,49.205740139356976,0.6909016668796539,406.87548065185547,71.875,0.9905400574207306,62.44999885559082,0.003131499979645014,7.464538335800171,245.8211898803711,1.1189663112163544,1.2799410820007324,1280.8999938964844,57.88724333422337,2.7496249079704285,39.30579783874541,0.009113638894632459,0.917066752910614,95.28694725036621,3.162500023841858,183.45536845603021,120.36169321073785,13.676500082015991,2.6295000314712524,3.9245536069546305,827.9250183105469,175.65513012466465,4.230000138282776,14.451499938964844,50.653098968143155,60.52143560513535,0.028876750264316797,14.424667119979858,1.345885008573532,1.0037032514810562,48.19258455511091,47.866607388327424,23.902646161442394,67.62555832089356,70.94044265054501,0.13501300103962421,29.863697491236668,79.67652580252627,109.4311050537454,0.4046132490038872,25677.03515625,2853.1599731445312,7484.507568359375,17.024999856948853,3.6,150621.0,215000.0,255.296,103.371,100.0,504741.0,1293.0,1347.0,14652.4,0.6,2.39,8.105,73.21,22023283.0,20602.275,72.14285714285714,17710275.0,5,2,2019
2019-05-27,8666.6953125,43.50933733447407,0.08330250158905983,275.99249267578125,26.625000476837158,91.62199974060059,40.969176940407436,47.49743986500802,0.6914646476507187,419.42481231689453,69.44250106811523,0.9960496872663498,59.60000133514404,0.003041250049136579,7.475812315940857,259.2747268676758,1.11843803524971,1.2708045840263367,1280.7000122070312,56.90493785601928,2.7050000429153442,38.56946827451657,0.009122520918026567,1.1484587490558624,105.18513488769531,2.975000023841858,181.27813397553967,119.81637701260877,13.507499933242798,2.608500063419342,3.6667143452145816,802.7749938964844,172.18630265442613,3.9175000190734863,14.48550009727478,48.096287257765596,56.72289016556743,0.030222749803215265,12.914666891098022,1.3441775143146515,1.0087815076112747,47.67959686670013,46.77132961921309,23.86706814950595,67.01520515616428,69.56130195256526,0.13194950111210346,29.96398757951725,80.54979933966564,107.78517227597774,0.4002717435359955,25599.4345703125,2831.6224975585938,7334.0224609375,16.042500019073486,3.6,150621.0,222000.0,255.296,103.371,100.0,504741.0,1293.0,1347.0,14652.4,0.56,2.39,5.956,67.98,22023283.0,20602.275,67.42857142857143,17724900.0,5,2,2019
2019-06-03,7921.0357666015625,42.425433227662836,0.09310475178062916,273.0,27.887499809265137,89.65137672424316,39.71888267139894,46.218256681674426,0.6914357393980026,445.05372619628906,65.99499893188477,0.99794602394104,54.9375,0.0033667500247247517,9.042186617851257,268.7503204345703,1.1184190213680267,1.2646696865558624,1297.9750366210938,55.644466147002866,2.662499964237213,38.43006699919184,0.009155584033578634,1.0767900049686432,113.84892845153809,2.8299999833106995,178.36188724607683,118.20921801560519,13.34600019454956,2.4987499713897705,3.434690305618915,792.1499938964844,168.73197671889287,3.3925000429153442,14.461249828338623,46.96903921069309,55.658019189645714,0.03705275012180209,12.490333080291748,1.3510024845600128,1.006935492157936,46.87030330567314,44.72734651228791,23.320033427908875,65.61135868519817,68.39942519126926,0.13619275018572807,29.82522650610105,79.31774242819998,105.68283232630276,0.44151224941015244,25039.3046875,2773.7875366210938,7186.0450439453125,18.25999927520752,3.6,150839.0,223000.0,255.213,103.56,98.2,505251.0,1243.0,1315.0,14771.4,0.34,2.38,1.255,63.16,22023283.0,20602.275,66.71428571428571,17732275.0,6,2,2019
2019-06-10,8727.893676757812,44.63592648524902,0.08372825011610985,274.0374984741211,31.177499771118164,88.5788745880127,40.89924815234148,46.583255364632585,0.6975249797105789,394.5077819824219,62.40250110626221,1.0101299285888672,53.30250072479248,0.0031029999372549355,8.346152663230896,241.44123458862305,1.129909873008728,1.2714186310768127,1334.2749633789062,52.71298090738022,2.6356250047683716,39.51275062928532,0.009230869822204113,1.0608242601156235,112.54965209960938,2.232500046491623,169.84702376555225,121.85495934880458,13.544999837875366,2.363499939441681,3.5441623342226887,807.3749847412109,171.5440392709882,2.790000021457672,14.954000234603882,48.8259494949849,58.14352396191307,0.03220574976876378,13.283166408538818,1.3372524976730347,1.0020697712898254,49.87308772420184,45.7042591625243,23.889305413952002,67.6775510530621,70.64997222383909,0.12445374950766563,30.41628077033868,81.35987593659787,108.10206267231007,0.4040194973349571,25680.2998046875,2840.1150512695312,7304.3126220703125,16.919999599456787,3.6,150839.0,226000.0,255.213,103.56,98.2,505251.0,1243.0,1315.0,14771.4,0.42,2.38,2.105,64.31,22023283.0,20602.275,42.857142857142854,17746950.0,6,2,2019
2019-06-17,10486.45263671875,46.44422553976898,0.08999500051140785,276.3925018310547,31.260000228881836,93.13799858093262,41.77940118333207,47.80312939141086,0.6904967427253723,418.23050689697266,61.92999839782715,1.0035609602928162,52.644999504089355,0.003175000019837171,8.557739973068237,261.4828414916992,1.1259004771709442,1.2634642720222473,1338.6749877929688,54.06912232028715,2.6483750343322754,40.355798405073,0.009214996127411723,1.586920976638794,132.5302028656006,2.259999990463257,178.50369637520672,125.59786271419482,13.48199987411499,2.375,3.631138747672612,805.6749877929688,176.23482943021884,2.665000021457672,14.759999752044678,49.52943406302198,58.914705240366004,0.03230324946343899,14.345499992370605,1.3337650299072266,1.0049919933080673,51.17104058067268,45.97479164719722,24.258442604986673,68.3466866689069,72.2156628231871,0.12746749818325043,30.780779647407158,82.44297374712674,111.65644461977806,0.41944825649261475,26096.63720703125,2889.8125,7502.1649169921875,15.617500066757202,3.6,150839.0,217000.0,255.213,103.56,98.2,505251.0,1243.0,1315.0,14771.4,0.48,2.38,2.269,62.56,22023283.0,20602.275,70.0,17761587.5,6,2,2019
2019-06-24,11480.6630859375,47.526918054494814,0.09524775110185146,294.32249450683594,29.632500171661377,95.4156265258789,43.4176804914464,49.182689846091776,0.690401554107666,469.35884857177734,64.0999984741211,1.0189680308103561,56.08500003814697,0.003299750038422644,9.116767883300781,299.34142303466797,1.1343364119529724,1.2684104144573212,1383.3499755859375,55.55079249050179,2.695500075817108,41.12262628703769,0.009295697323977947,1.8131465017795563,137.48654174804688,2.2425000071525574,189.41229551173885,128.99945583890263,14.441499948501587,2.237250030040741,3.755514616279089,807.1000061035156,180.35553742714612,2.752499997615814,15.207249879837036,50.62214896859392,59.826436963827035,0.03635725099593401,14.878833293914795,1.3237375319004059,1.0015937387943268,51.04942866308364,47.26730977150599,24.229532479870073,69.44082318541916,73.63967344394804,0.12759399972856045,31.054813052180073,84.16692734103225,113.09425178035306,0.4663882553577423,26598.85791015625,2938.0924682617188,7680.5648193359375,15.004999876022339,3.6,150839.0,234000.0,255.213,103.56,98.2,505251.0,1243.0,1315.0,14771.4,0.31,2.38,11.156,65.16,22023283.0,20602.275,82.42857142857143,17776212.5,6,2,2019
2019-07-01,11161.413330078125,47.6543710251149,0.08830099925398827,294.7199935913086,30.130000591278076,94.70675277709961,45.408509832812236,49.50086441603457,0.6994718313217163,426.61820220947266,66.01500129699707,1.024793654680252,58.40500068664551,0.0032572499476373196,8.0638667345047,305.3409729003906,1.1386069357395172,1.2710027992725372,1413.125,54.27625699559074,2.710749924182892,41.612762206505295,0.0092932372353971,3.3070559203624725,123.4632797241211,2.855000078678131,192.14194331935323,127.77872881523427,14.320000171661377,2.293750047683716,4.004329291258285,828.7999877929688,179.65796819480977,3.2575000524520874,15.248500108718872,52.06125087396648,61.978165003802104,0.03351450012996793,14.858333349227905,1.311614990234375,0.9919859915971756,51.83296944033167,48.11014736423276,24.538497665880776,70.06519774386716,73.87616072917685,0.11098325066268444,30.478098568474167,83.96405697940185,112.87906872774066,0.42062974721193314,26617.9404296875,2937.8574829101562,7668.2525634765625,15.480000019073486,3.7,150936.0,226000.0,255.802,103.678,98.4,509091.0,1240.0,1352.0,14853.5,0.34,2.4,15.837,65.1,22719402.0,20843.322,79.0,17790862.5,7,3,2019
2019-07-08,10969.0556640625,48.94627945986116,0.08046249859035015,302.87000274658203,31.442500114440918,96.72937393188477,46.19027678654859,50.60547372924442,0.6995844542980194,407.5733642578125,64.31750106811523,1.0113854706287384,57.834999084472656,0.003704249917063862,7.834887266159058,298.53575134277344,1.1260466277599335,1.2559277415275574,1402.5499877929688,55.92412785712991,2.6763749718666077,42.054999205339776,0.00923676392994821,3.3497705459594727,119.99087333679199,2.7425000071525574,194.61526779322836,129.6228931964585,14.058749914169312,2.3744999766349792,4.05117229088852,814.1750030517578,183.68833056010428,2.76624995470047,15.035250186920166,53.2099179263801,63.314739897956656,0.03393350075930357,15.499833583831787,1.3088349997997284,0.9988474994897842,52.35570005955189,48.03052759643634,25.09948852661056,70.3626114119001,75.58719614577457,0.10452049970626831,30.86693259991147,84.88182796856341,115.05275173074367,0.3968307599425316,26856.6123046875,2982.219970703125,7818.9898681640625,13.309999942779541,3.7,150936.0,215000.0,255.802,103.678,98.4,509091.0,1240.0,1352.0,14853.5,0.35,2.4,6.5,64.89,22719402.0,20843.322,71.14285714285714,17805500.0,7,3,2019
2019-07-15,10353.528076171875,48.65832531831727,0.06512199994176626,307.2850112915039,32.63749933242798,99.82562637329102,46.527389692161954,51.532381910493,0.6995513588190079,318.8125686645508,66.20500087738037,1.013642132282257,59.66249942779541,0.0031704999855719507,6.280255317687988,250.16211318969727,1.1265626549720764,1.2540233135223389,1407.5,56.617687306371714,2.675000011920929,42.88063399171746,0.009246472036466002,2.948390483856201,98.35746765136719,2.459999978542328,201.22163458978636,130.94085702327715,12.643500089645386,2.4387500286102295,4.104600803497859,823.5750122070312,185.45547062086703,2.3575000166893005,15.119250059127808,53.79079490397365,63.7752656289149,0.027816749643534422,16.047000408172607,1.3064249753952026,1.0031802505254745,51.788489377652354,48.57083325005917,25.20453635832727,70.71678999866589,76.37637835566252,0.09118524938821793,31.15778833420281,84.03429079175379,117.1006469569414,0.33118174970149994,27165.8544921875,3001.2249755859375,7894.6976318359375,12.942500114440918,3.7,150936.0,211000.0,255.802,103.678,98.4,509091.0,1240.0,1352.0,14853.5,0.32,2.4,5.557,66.86,22719402.0,20843.322,57.714285714285715,17812862.5,7,3,2019
2019-07-22,9752.4521484375,48.93726325913673,0.05940224975347519,307.97999572753906,33.07499885559082,98.83637428283691,46.70124629300022,51.721127269462684,0.7039472907781601,309.41417694091797,63.42250061035156,1.016685962677002,56.72500038146973,0.0030277499463409185,6.01458740234375,220.06940078735352,1.123924434185028,1.249199241399765,1424.7499694824219,56.640831909232546,2.741124927997589,43.58861997242087,0.009278310230001807,2.503380000591278,95.34149169921875,2.2325000762939453,199.1265389325452,130.03771128668143,12.234000205993652,2.303250014781952,4.189961526574282,845.3250122070312,184.888927180725,2.020000010728836,15.999750137329102,55.221565358578175,65.16859270390043,0.02736874995753169,17.01966667175293,1.3049050271511078,1.002628743648529,51.97088623046875,47.757522386291406,25.0346700678817,70.43753029169781,76.6560316602651,0.08876724913716316,30.587415230497545,83.43150814907892,116.5168820697626,0.3235972449183464,27193.966796875,2986.027587890625,7866.77001953125,13.90999984741211,3.7,150936.0,202000.0,255.802,103.678,98.4,509091.0,1240.0,1352.0,14853.5,0.26,2.4,14.16,61.96,22719402.0,20843.322,36.142857142857146,17827500.0,7,3,2019
2019-07-29,10596.72802734375,49.825775575697634,0.05916299857199192,310.0649948120117,33.88750076293945,97.64887428283691,47.46468472189968,51.9117928063795,0.6966428458690643,307.31795501708984,63.542500495910645,1.0098752081394196,56.34250068664551,0.0029024999821558595,5.9825732707977295,212.8721466064453,1.115724802017212,1.2415794432163239,1419.0500183105469,60.7413502931085,2.692750036716461,45.000276094234295,0.009219567757099867,2.289274573326111,91.28453636169434,2.1249999403953552,200.15916008225003,133.14535279114568,12.27524995803833,2.2077499628067017,4.336580386533143,862.9250030517578,187.46131820053597,1.957500010728836,16.37350082397461,57.42486008479962,67.99627430491144,0.024026249535381794,15.740000486373901,1.313822478055954,1.0026635080575943,52.45580638306285,47.58121607866182,25.461563520358737,71.13910382264478,77.95709282671199,0.08516800031065941,30.51212312717166,83.30234796976465,116.88234152184776,0.31508898735046387,27204.04736328125,3014.0875244140625,7980.837646484375,12.677499771118164,3.7,150936.0,206000.0,255.802,103.678,98.4,509091.0,1240.0,1352.0,14853.5,0.29,2.4,3.928,62.29,22719402.0,20843.322,29.714285714285715,17842137.5,7,3,2019
2019-08-05,11570.4287109375,49.95923337401082,0.05767750088125467,297.1949996948242,30.500000476837158,92.33412742614746,45.227657270650816,49.38560357860481,0.6822562515735626,328.06639862060547,62.29249954223633,1.0144529044628143,55.93249988555908,0.002915249962825328,6.048063397407532,219.20757293701172,1.1113511621952057,1.219645470380783,1435.0249938964844,60.1080010307158,2.603125035762787,43.22482743231569,0.009289290057495236,2.4327515363693237,93.80776405334473,2.1174999475479126,190.53700369888253,130.46677537641403,13.261250019073486,2.162999987602234,4.0854041451038965,858.1750030517578,182.28278472828484,2.145000010728836,16.22224998474121,54.752578048686445,64.88865832873927,0.022257499396800995,15.689833879470825,1.320024996995926,1.0044469833374023,51.372517680684254,46.261727017244596,24.842462733017584,69.43857468494585,75.62514194968975,0.08263050019741058,31.095908837133006,82.73127599770872,113.26113765758963,0.3176185041666031,26625.22265625,2950.955078125,7760.2073974609375,16.87000036239624,3.6,151171.0,208000.0,256.036,103.797,89.8,512561.0,1375.0,1489.0,14934.7,0.15,2.13,3.474,59.32,22719402.0,20843.322,51.142857142857146,17856812.5,8,3,2019
2019-08-12,10473.78173828125,47.978406511597925,0.05394950043410063,291.177490234375,32.8949990272522,89.97749900817871,43.41912880176105,47.82162056263041,0.6780803501605988,333.0097122192383,58.62249946594238,1.0267473459243774,53.78250026702881,0.0029770000255666673,5.889011979103088,218.77368545532227,1.1261591017246246,1.2080958783626556,1485.875,58.804233832223616,2.5767500400543213,40.45384227353175,0.009432839695364237,2.393914043903351,92.05816459655762,2.1024999618530273,185.63013050125164,129.32657056439555,13.889249801635742,2.1054999828338623,3.8242888230910985,860.2499847412109,178.5242748606325,2.200000047683716,16.768749713897705,52.8397238881429,62.56642416979233,0.021115750540047884,15.592833042144775,1.3244400322437286,1.0021977573633194,51.00772376466969,44.608572391780804,24.11383319100885,68.11944622300831,73.82875437653193,0.07796799950301647,31.393983234848896,82.25314894165939,111.55497186308112,0.30712874978780746,26107.1572265625,2899.5349731445312,7593.8175048828125,19.392499446868896,3.6,151171.0,212000.0,256.036,103.797,89.8,512561.0,1375.0,1489.0,14934.7,0.04,2.13,5.43,57.13,22719402.0,20843.322,54.857142857142854,17871500.0,8,3,2019
2019-08-19,10263.885009765625,49.74172324452135,0.05027949996292591,287.81500244140625,31.55500030517578,89.67625045776367,42.912743345611744,46.936249031908815,0.6774981915950775,317.1911849975586,59.117499351501465,1.024864822626114,55.1875,0.002726999984588474,5.667580008506775,195.81804656982422,1.1122406721115112,1.2125131487846375,1510.0249938964844,58.78047473537701,2.594624936580658,40.663373930085896,0.009431044571101665,2.4423457384109497,78.47941589355469,1.969999998807907,183.65691592641355,128.78850752316896,13.804749965667725,2.1882500052452087,3.9018219889067094,849.4749908447266,178.837647996534,1.9150000214576721,17.091750621795654,53.23729213182389,63.141275119897216,0.01830175006762147,14.790500164031982,1.3290574550628662,1.0014135092496872,50.411582981422114,43.45212315879073,23.742824683019762,67.39063634738483,74.04202152333023,0.07150775007903576,31.744659072558402,82.06503831237347,110.32334595262964,0.2803025022149086,25884.6474609375,2886.5449829101562,7603.9798583984375,19.639999866485596,3.6,151171.0,207000.0,256.036,103.797,89.8,512561.0,1375.0,1489.0,14934.7,0.04,2.13,13.403,59.79,22719402.0,20843.322,23.428571428571427,17878862.5,8,3,2019
2019-08-26,9862.474853515625,49.526297539479884,0.049382250756025314,284.8550033569336,30.167500019073486,88.42562484741211,42.50184395783611,47.23737634536555,0.6761348247528076,308.0049591064453,59.60249996185303,1.0229599475860596,54.677499771118164,0.0027092500240541995,6.849053978919983,189.98352813720703,1.1194762587547302,1.2226762175559998,1518.4249877929688,58.05432475265921,2.5485000014305115,39.98569128668463,0.00946071557700634,2.201175034046173,73.42660522460938,1.7350000441074371,179.07104391878426,128.20896402989206,13.895749807357788,2.1654999256134033,4.100128489405468,853.5999908447266,177.2368404426392,1.9525000154972076,17.274750232696533,52.834960088717665,62.82899635878691,0.017470499966293573,14.381500005722046,1.329624980688095,1.0007340013980865,49.35054463919057,42.87390818158531,23.501434912917215,66.87524876557374,73.840615421448,0.06996775045990944,31.955681456302372,81.02035459219998,111.35087208715804,0.2724887430667877,25788.43994140625,2867.0675659179688,7534.4251708984375,19.080000400543213,3.6,151171.0,213000.0,256.036,103.797,89.8,512561.0,1375.0,1489.0,14934.7,0.0,2.13,3.676,58.64,22719402.0,20843.322,28.714285714285715,17893575.0,8,3,2019
2019-09-02,10377.9912109375,50.16172855723359,0.04585650097578764,285.2475051879883,31.092500686645508,88.69787406921387,42.471464639547605,47.6638533840035,0.674196407198906,288.15718841552734,60.077500343322754,1.014513224363327,55.01249885559082,0.002551250043325126,6.4374085664749146,175.94311141967773,1.1040926575660706,1.2195523083209991,1526.0499877929688,58.921547712677146,2.544250011444092,41.20069755965127,0.009428053628653288,1.8614002764225006,67.4725341796875,1.692499965429306,183.23143292776555,130.439816284939,14.18150019645691,2.259750008583069,4.13063180078657,912.8999938964844,180.0479064626775,1.8850000202655792,18.13124990463257,53.98005518845735,64.00233691760123,0.01608699979260564,14.920000076293945,1.328624963760376,1.0039537400007248,50.0912722209388,43.35923316369494,23.899274220736213,68.23750509997055,74.97578216884114,0.06472600158303976,32.26243159832421,81.8089575234454,113.07368083827635,0.2608727440237999,26239.65185546875,2911.5999755859375,7657.3250732421875,19.172499656677246,3.5,151365.0,215000.0,256.43,103.873,93.2,509282.0,1311.0,1474.0,15031.4,-0.05,2.04,12.089,58.55,22719402.0,20843.322,25.428571428571427,17908237.5,9,3,2019
2019-09-09,10281.62841796875,51.00112514160229,0.04612824972718954,285.2174987792969,30.91249942779541,90.96274948120117,42.300254593644105,48.47045659270651,0.6811930686235428,301.09873962402344,60.67250061035156,1.0134065449237823,55.90999984741211,0.0025465000071562827,6.682370543479919,178.5073699951172,1.1083096861839294,1.222121924161911,1517.5249633789062,59.59445902389597,2.5821250081062317,43.755725681656294,0.009373138891533017,1.8257259726524353,69.20600700378418,1.8025000095367432,186.234772544199,131.82641771652226,14.01325011253357,2.4415000677108765,4.363321861429527,963.5,183.355624072581,2.0262500047683716,18.361000537872314,56.167875410501736,66.49173167462168,0.015458500012755394,15.065166473388672,1.3248925507068634,1.0064254850149155,50.69185899344329,44.326097188688586,24.355217697886253,69.53391787659032,76.58968275363478,0.06073574908077717,32.77194292299352,82.43669131887613,115.6839841633786,0.2605629935860634,26608.5029296875,2958.7825317382812,7792.467529296875,16.514999866485596,3.5,151365.0,207000.0,256.43,103.873,93.2,509282.0,1311.0,1474.0,15031.4,0.06,2.04,2.787,63.99,22719402.0,20843.322,41.57142857142857,17922912.5,9,3,2019
2019-09-16,10094.836181640625,52.80121572978262,0.046540250070393085,278.9925003051758,30.517500400543213,91.72100067138672,43.33665972973834,49.04365398815106,0.6872464418411255,303.4102783203125,60.78000068664551,1.010323315858841,55.61499881744385,0.002449000079650432,6.353817105293274,186.61962509155273,1.1100932359695435,1.243969887495041,1496.0250244140625,61.153255868478965,2.655875027179718,45.88966803225066,0.009277046890929341,1.6577390134334564,70.30417060852051,1.867499977350235,186.58562790116855,130.5468559968622,14.487250089645386,2.593000054359436,4.546339898224048,947.375,185.32287052284278,2.0899999737739563,17.620500564575195,57.79504732676753,68.67205558065302,0.015472750412300229,16.21399974822998,1.3252000212669373,1.0031189918518066,52.13772403946149,46.13471210686018,25.28946671740041,71.62043233920929,76.85746840575038,0.058277249336242676,32.07161607655835,82.58173206327965,116.95354703365247,0.2601672559976578,27115.705078125,2998.1324462890625,7876.2100830078125,14.377500057220459,3.5,151365.0,205000.0,256.43,103.873,93.2,509282.0,1311.0,1474.0,15031.4,0.17,2.04,2.202,68.42,22719402.0,20843.322,38.714285714285715,17937562.5,9,3,2019
2019-09-23,8544.559692382812,52.903797355487576,0.04981050081551075,277.78499603271484,30.267499446868896,90.02262496948242,43.233455808234744,48.33478040490703,0.6808215975761414,313.0914993286133,65.65749931335449,1.0075674057006836,59.30749988555908,0.002651749993674457,6.1326658725738525,208.91294479370117,1.1029290556907654,1.2480392456054688,1503.3250427246094,61.21346714623837,2.601374924182892,44.804055087656366,0.009258388075977564,1.7767442762851715,73.7498550415039,1.829999953508377,188.73548146331723,132.4519079862146,14.896249771118164,2.5709999799728394,4.348520458509926,940.1499938964844,184.6116537280188,2.057499974966049,17.804250717163086,56.99276816470369,67.55314085682181,0.01695800037123263,16.126165866851807,1.3258549869060516,1.0058830231428146,52.01093351911365,46.86269921118783,25.231359119492545,70.97790817003812,76.48777587833158,0.07095250114798546,32.280993919882356,83.21622589449007,114.87476095511559,0.284769244492054,27010.365234375,2996.175048828125,7847.222412109375,14.947499990463257,3.5,151365.0,211000.0,256.43,103.873,93.2,509282.0,1311.0,1474.0,15031.4,0.11,2.04,7.485,64.66,22719402.0,20843.322,38.0,17952225.0,9,3,2019
2019-09-30,8076.190673828125,52.938803791255964,0.04004250094294548,277.17750549316406,29.147499561309814,87.00537490844727,41.58648708713331,46.58710001215436,0.6771365404129028,239.37363815307617,62.47749996185303,1.0083943903446198,56.489999771118164,0.0022804999607615173,4.894888162612915,177.49444961547852,1.0954047441482544,1.233881950378418,1504.1999816894531,61.072019779762286,2.5829999446868896,44.34787735231826,0.00927978428080678,1.7642692029476166,58.63420009613037,1.7175000309944153,179.1456994286555,131.32695537313418,14.777999877929688,2.4445000290870667,4.302503876432018,933.875,181.20030670515405,1.7950000166893005,17.75850009918213,56.33808961694667,66.49725103093895,0.014059500070288777,15.855500221252441,1.32635498046875,1.01605024933815,51.71352520521933,45.90044412288982,25.207229259705734,70.76974485205848,75.98200010569332,0.05996650084853172,32.64453254879553,81.85523750641742,114.3178007728938,0.24898549914360046,26856.28515625,2969.2725219726562,7715.8074951171875,16.864999771118164,3.5,151365.0,215000.0,256.43,103.873,93.2,509282.0,1311.0,1474.0,15031.4,0.15,2.04,7.057,60.99,22719402.0,20843.322,26.0,17959600.0,9,3,2019
2019-10-07,8317.389526367188,54.15173669302965,0.03886375017464161,274.35499572753906,28.7475004196167,86.49949836730957,40.36874675815994,46.237464980566806,0.6746781766414642,224.49163436889648,58.74250030517578,1.0026457458734512,53.29500102996826,0.0023399999481625855,4.590281367301941,174.55010604858398,1.0959938168525696,1.232332319021225,1497.2249755859375,59.937441397568236,2.5538750290870667,44.435605655074845,0.009328844025731087,2.0740609765052795,55.426923751831055,1.679999977350235,177.9040249609264,130.7394429952684,14.641500234603882,2.3272500038146973,4.46020981403529,893.1500091552734,181.18646353969638,1.7012499868869781,17.403250694274902,56.768988929783404,67.04859996155213,0.014507250161841512,15.55150032043457,1.3305824995040894,1.0103192329406738,50.57114105408904,44.006412222928205,24.60743326066557,69.0761812160685,76.02713968953927,0.05940124951303005,32.57807830575279,81.49567223449198,113.28923760817612,0.2535640001296997,26484.2783203125,2938.1224975585938,7698.37255859375,17.832500219345093,3.6,151460.0,209000.0,257.155,104.028,95.5,510648.0,1325.0,1525.0,15167.3,0.05,1.83,5.65,59.46,23201380.0,20985.448,33.42857142857143,17974262.5,10,4,2019
2019-10-14,8189.2587890625,56.38571386500488,0.04114824999123812,277.1624984741211,29.40500020980835,86.45837593078613,40.26747060793383,47.039507530764745,0.6778562068939209,227.49981307983398,59.70499897003174,1.0044633746147156,53.92750072479248,0.00245049997465685,4.803912043571472,182.74922943115234,1.10221666097641,1.2549907565116882,1488.3749694824219,60.33218251039986,2.6013749837875366,45.30628841700759,0.009258810663595796,2.516496479511261,56.95168685913086,1.667499989271164,182.288379470226,132.23784302973215,14.488749980926514,2.2392500042915344,4.588316404414594,894.3249969482422,183.6239510174175,1.7952499985694885,17.50600004196167,57.73791436975808,67.80661581054557,0.016053250059485435,16.25683283805847,1.3271575272083282,1.0058087706565857,50.90200654657369,44.0083204308122,24.722000679777995,69.63766482902868,77.06125341382696,0.06075824983417988,32.59676296535835,81.68684921453693,114.34161550861948,0.27372050285339355,26696.73779296875,2956.6199951171875,7798.892333984375,16.66249966621399,3.6,151460.0,215000.0,257.155,104.028,95.5,510648.0,1325.0,1525.0,15167.3,0.2,1.83,2.95,58.81,23201380.0,20985.448,38.42857142857143,17988950.0,10,4,2019
2019-10-21,9143.040649414062,56.974679969902226,0.03970274981111288,268.6624984741211,30.682499408721924,87.9483757019043,40.67016898213224,47.383136697900134,0.6808560341596603,222.50662231445312,59.397499084472656,1.0127501487731934,53.71249961853027,0.0027050000499002635,4.541756749153137,177.4584197998047,1.112568974494934,1.2870796024799347,1487.0999755859375,61.76035177194028,2.613249957561493,45.35891449573616,0.009213883895426989,2.436809718608856,54.8522367477417,1.6275000274181366,185.56542768870037,131.56241860331988,14.271999835968018,2.312999963760376,4.755227823827857,889.5499877929688,185.6555160080322,1.7375000417232513,17.453250408172607,58.39615663723547,68.62401995709584,0.015653999987989664,17.096832752227783,1.3157000243663788,1.0038925409317017,51.41396283448231,43.95666433173568,25.1623010762977,70.40914134391271,77.22290777101578,0.06305150128901005,32.976801768720335,83.20232296764536,116.0581979422017,0.29187624156475067,26852.421875,2985.907470703125,7886.3201904296875,14.577500104904175,3.6,151460.0,210000.0,257.155,104.028,95.5,510648.0,1325.0,1525.0,15167.3,0.19,1.83,18.758,58.95,23201380.0,20985.448,39.142857142857146,18003675.0,10,4,2019
2019-10-28,9326.13623046875,58.96967063421749,0.04090825002640486,268.2850036621094,32.27749967575073,87.59299850463867,41.54308445847579,48.85730776251531,0.6835243850946426,250.67438888549805,61.10249996185303,1.0082979202270508,55.69250011444092,0.002638750011101365,4.681795239448547,180.47259140014648,1.110628455877304,1.2868484258651733,1498.7000122070312,62.65607080795998,2.6573750376701355,48.40960782256797,0.009209595387801528,2.6924872994422913,57.54951000213623,1.4649999737739563,186.10537701662577,132.76106213032827,14.50249981880188,2.2887499928474426,5.009137726144019,918.9499816894531,187.98429765999842,1.649999976158142,17.776000022888184,59.7328952479059,70.00619036932119,0.017932249698787928,20.607333660125732,1.3075824677944183,1.0032689720392227,51.81189932506926,45.11221987323816,25.663252146310782,71.46134457100706,78.24035259214216,0.06359250005334616,32.960183641081436,83.86451832388211,115.4034758843287,0.29164324700832367,26911.45751953125,3015.9249877929688,7984.205078125,13.259999752044678,3.6,151460.0,215000.0,257.155,104.028,95.5,510648.0,1325.0,1525.0,15167.3,0.21,1.83,0.036,60.39,23201380.0,20985.448,38.714285714285715,18011012.5,10,4,2019
2019-11-04,9097.90966796875,60.63639784128539,0.04221725091338158,276.4625015258789,34.20249938964844,89.03537368774414,43.27011085842099,49.82095986573579,0.6890847831964493,287.2853546142578,61.27999973297119,1.0119758248329163,55.75749969482422,0.0026470000157132745,4.914953351020813,184.12873458862305,1.1151877343654633,1.291480392217636,1502.5249938964844,63.36231309046372,2.653375029563904,49.53907948177154,0.009231302188709378,2.691258728504181,59.1914176940918,1.4474999904632568,191.69902116443967,136.93504484256567,15.187000036239624,2.62799996137619,5.0489380214020185,941.3999938964844,191.30348251722532,1.6175000071525574,17.938250064849854,61.4838671544572,72.07348352715582,0.020334499888122082,21.28766679763794,1.3137475550174713,1.0055254846811295,52.52727990884651,45.152390225287064,26.02717863605298,72.75778956281479,80.09226442009707,0.06825274974107742,32.573920769179814,85.93069558260459,115.52728906379345,0.2948309928178787,27240.109375,3055.9899291992188,8125.5599365234375,12.702500104904175,3.6,151668.0,214000.0,257.879,104.092,96.8,514215.0,1353.0,1527.0,15276.9,0.15,1.55,3.085,62.52,23201380.0,20985.448,51.714285714285715,18025637.5,11,4,2019
2019-11-11,8677.801025390625,62.522782482684235,0.04385025054216385,288.6124954223633,36.13000011444092,89.51074981689453,44.05018729891513,50.623244327270754,0.6873404830694199,292.15372467041016,62.249999046325684,1.0060922503471375,57.03000068664551,0.0027274999883957207,5.065140724182129,188.5808563232422,1.1059923470020294,1.2826884388923645,1473.8750305175781,64.89922609190533,2.685249984264374,50.86813937074356,0.009169959928840399,2.7629109621047974,62.666152000427246,1.3550000190734863,191.22872804829495,138.20746226390148,15.53974986076355,2.809000015258789,5.170078451122221,900.8250122070312,193.9752849019378,1.5524999797344208,17.08900022506714,63.28601570538508,74.41247475192021,0.019474999513477087,22.083999633789062,1.3200125098228455,1.0012344866991043,53.5824651443432,46.50498920252148,26.732557568713272,74.49015594293967,81.51625341970043,0.07740174792706966,31.6560559381879,86.31524782436651,115.70344770096894,0.28692274540662766,27634.802734375,3087.4550170898438,8235.239868164062,12.382499933242798,3.6,151668.0,227000.0,257.879,104.092,96.8,514215.0,1353.0,1527.0,15276.9,0.23,1.55,0.805,62.58,23201380.0,20985.448,45.714285714285715,18040300.0,11,4,2019
2019-11-18,7421.4552001953125,63.890141143114235,0.044898499734699726,295.5500030517578,38.01750087738037,87.47574996948242,45.280707592303855,51.73889948566784,0.6820999979972839,274.4739227294922,62.867499351501465,1.0095856189727783,57.40250110626221,0.002671249967534095,4.732212424278259,184.9891128540039,1.1038711667060852,1.2880536913871765,1463.3750305175781,65.84482702939644,2.640625,51.17675777290453,0.009196899132803082,2.933624744415283,60.23933410644531,1.1825000047683716,192.70179840405996,141.4300937143491,15.653000354766846,2.6674999594688416,5.104843353287908,885.2749938964844,195.35224748271253,1.530000001192093,16.888500213623047,63.73476846075574,74.89087125382737,0.01912675006315112,23.377833366394043,1.3229199945926666,1.007878765463829,53.937932373637985,45.984615111998906,26.696618206418538,74.91698013375948,82.54795920720835,0.07451000064611435,31.81596005232194,88.06967660824454,115.44870652657002,0.26802775263786316,27883.08544921875,3109.2999877929688,8287.324951171875,12.480000019073486,3.6,151668.0,229000.0,257.879,104.092,96.8,514215.0,1353.0,1527.0,15276.9,0.18,1.55,27.055,62.82,23201380.0,20985.448,39.0,18054925.0,11,4,2019
2019-11-25,7325.4635009765625,63.67105900281174,0.03810975048691034,299.11248779296875,39.570000648498535,87.20837593078613,46.452633122540945,52.4962767535459,0.6796324253082275,219.5622444152832,62.84500026702881,1.005579560995102,57.260000228881836,0.0024210000410676003,3.9567102193832397,153.73516464233398,1.104056179523468,1.2872223258018494,1465.9499816894531,64.82097811938978,2.640500068664551,50.99372852916136,0.009204243775457144,2.4157217741012573,48.569947242736816,1.060000017285347,196.74523955824682,142.45515608650163,15.269999980926514,2.6264999508857727,5.224369419743592,896.6499938964844,195.2193931841991,1.469999998807907,17.014500617980957,62.81227106326826,73.35106931027993,0.015072000212967396,22.621333599090576,1.327775001525879,1.0138340145349503,53.25384889257715,45.5560649668757,26.806689686882258,74.55179067968703,82.57648049927793,0.06056499946862459,31.79830125850739,89.18467999878784,114.72491784221529,0.23376649990677834,27879.18212890625,3109.907470703125,8282.037353515625,12.752500057220459,3.6,151668.0,221000.0,257.879,104.092,96.8,514215.0,1353.0,1527.0,15276.9,0.14,1.55,0.0,64.67,23201380.0,20985.448,25.0,18062287.5,11,4,2019
2019-12-02,7510.76123046875,64.46031101180417,0.03869449906051159,307.38500213623047,39.320000648498535,89.74412536621094,48.24572901647908,53.80451449071317,0.6771925091743469,213.46449279785156,62.96500015258789,1.000640094280243,56.00999927520752,0.0022964999661780894,3.9007269740104675,148.25555038452148,1.1013733446598053,1.2909483313560486,1462.1999816894531,64.95731715023899,2.6522499918937683,51.38625484459415,0.009147957433015108,2.1922767162323,46.92713260650635,1.242499977350235,200.3358104381098,144.42189515508716,15.075249910354614,2.385249972343445,5.4128598596863595,899.3750152587891,197.82838344189324,1.4024999737739563,16.95074987411499,63.35981822292604,74.04573455105817,0.015364249935373664,22.192500114440918,1.3280224800109863,1.00425523519516,53.61825019504546,45.234653531301596,27.06278035236805,74.97632236611108,83.605830140489,0.057711499743163586,32.0495906625076,90.44759184295438,116.43914157857145,0.22282350063323975,28048.89013671875,3138.4149780273438,8390.6298828125,12.372499942779541,3.6,151795.0,231000.0,258.63,104.322,99.3,515866.0,1548.0,1451.0,15348.0,0.18,1.55,0.015,63.2,23201380.0,20985.448,27.857142857142858,18076987.5,12,4,2019
2019-12-09,7211.767822265625,64.684852535018,0.0385537501424551,304.92000579833984,39.157501220703125,88.109375,47.61973442185152,52.817092143856016,0.6823450177907944,214.06472396850586,63.484999656677246,1.0082501620054245,58.39999961853027,0.002245499985292554,3.8922699093818665,150.1714324951172,1.1059807538986206,1.3086155951023102,1463.7250061035156,65.91361606314194,2.690874993801117,50.2924688571069,0.009189273929223418,2.0728007555007935,46.01961898803711,1.175000011920929,198.902560979643,143.66778749628745,15.06849980354309,2.3667500615119934,5.238242638333764,899.8999938964844,196.73890241766463,1.320000022649765,16.66675043106079,63.10865940241749,73.48019922988611,0.01492725033313036,22.29816770553589,1.32423996925354,1.0037977695465088,53.43492873856168,45.3685761842238,27.076263394805455,73.86706269425613,82.93783550989383,0.05622350051999092,31.907334800774954,90.93001684369392,115.63680971886954,0.2268025018274784,27866.27294921875,3128.1875,8342.992553710938,14.444999933242798,3.6,151795.0,247000.0,258.63,104.322,99.3,515866.0,1548.0,1451.0,15348.0,0.14,1.55,0.115,66.44,23201380.0,20985.448,27.714285714285715,18091625.0,12,4,2019
2019-12-16,7270.3150634765625,66.00432021550526,0.036771999672055244,314.58250427246094,41.01750087738037,87.82337379455566,47.448532431397936,53.10236658303394,0.6896292716264725,207.7446746826172,64.80749988555908,1.0154541730880737,59.68249988555908,0.0021597500308416784,3.830131709575653,144.39271926879883,1.112023025751114,1.3320763409137726,1473.4249877929688,66.99582727092272,2.7734999656677246,50.79967803526816,0.00915885018184781,2.1138837337493896,44.085039138793945,1.0524999797344208,195.3418351671083,146.5935760289982,14.714749813079834,2.274500012397766,5.525451036408047,923.1250152587891,199.4734958283376,1.3350000083446503,16.827250003814697,66.02972666429532,76.8749937909982,0.014087749877944589,23.617834091186523,1.3186200261116028,1.0081637501716614,54.01841574410008,46.15488146513214,27.52330233781681,74.52667773749292,84.5876581321032,0.05220800079405308,31.388173800852286,91.59675424610975,116.92007789717894,0.2199682518839836,28090.8232421875,3161.592529296875,8458.077392578125,13.602499961853027,3.6,151795.0,236000.0,258.63,104.322,99.3,515866.0,1548.0,1451.0,15348.0,0.16,1.55,1.328,68.04,23201380.0,20985.448,23.285714285714285,18098937.5,12,4,2019
2019-12-23,7422.85400390625,67.69906585114748,0.03413324896246195,326.1224899291992,43.572500228881836,89.16274833679199,48.89534956777439,54.99749289189441,0.6883473992347717,193.66778945922852,65.98499870300293,1.018618404865265,60.51499938964844,0.002106500032823533,4.020037770271301,131.93748474121094,1.1101877093315125,1.3106421530246735,1475.2249755859375,67.37189331515039,2.8125000596046448,51.57811370373369,0.009138177381828427,1.9038050174713135,41.117568016052246,0.9799999743700027,202.8240808692498,149.6434256135181,14.56825041770935,2.3162500858306885,5.87420672243591,917.4999847412109,203.9884357540617,1.332500010728836,17.070250034332275,68.0746922554823,79.23378080889458,0.014288000063970685,26.444666862487793,1.3146024942398071,1.0049660354852676,54.34033560180298,46.91249015490496,27.640119296834175,74.43081303549486,86.27552008982279,0.047395999543368816,31.61971770341909,93.25103347678964,118.44385673825909,0.1978372521698475,28427.62255859375,3212.929931640625,8646.76513671875,12.377500057220459,3.6,151795.0,230000.0,258.63,104.322,99.3,515866.0,1548.0,1451.0,15348.0,0.18,1.55,7.652,67.49,23201380.0,20985.448,22.571428571428573,18113600.0,12,4,2019
2019-12-30,7320.531982421875,69.84347636077825,0.03396099992096424,330.4300079345703,46.015000343322754,92.81887435913086,49.48179777494832,56.289404091387766,0.6944664120674133,206.72623825073242,67.60500144958496,1.0239326357841492,61.37750053405762,0.002076249977108091,4.502180695533752,132.7869930267334,1.115132749080658,1.3046808242797852,1505.3250427246094,67.43385601908165,2.8362500071525574,52.85494309249911,0.009131357772275805,1.8874769508838654,42.90061950683594,0.9124999940395355,206.55899752911066,151.4404012286084,14.470499992370605,2.187749981880188,5.920631779401377,946.8499908447266,206.11426290128287,1.2500000298023224,17.75950050354004,67.7735415074736,80.26206054991859,0.01397200021892786,28.434499263763428,1.3095574975013733,1.0098112523555756,54.990592281774575,47.71987697940655,27.776308431062976,75.14719175119215,87.56344853284378,0.04582324996590614,32.170630883721316,94.07108225061641,120.17441883471614,0.1953037530183792,28620.98974609375,3237.1199951171875,8759.295166015625,13.075000286102295,3.6,151795.0,231000.0,258.63,104.322,99.3,515866.0,1548.0,1451.0,15348.0,0.15,1.55,6.525,68.3,23201380.0,20985.448,34.0,18128275.0,12,4,2019
2020-01-06,8047.7548828125,71.46195488619378,0.03431149944663048,330.8175048828125,47.812499046325684,93.50224876403809,48.592351655113276,55.93352495838362,0.6986696273088455,217.34796142578125,68.07999992370605,1.0301502346992493,62.70499897003174,0.002328000031411648,4.758397459983826,134.61344528198242,1.1172176897525787,1.3128704130649567,1540.2749633789062,67.53859730856642,2.8050000071525574,53.042390529382395,0.009189374279230833,1.8087174892425537,42.82271862030029,0.9650000035762787,206.86007986594686,151.3998055455768,14.335750341415405,2.150250017642975,5.8635021125063265,976.1499938964844,207.15668802272535,1.1749999821186066,18.011500358581543,68.84395324329921,80.12374383031226,0.013501750072464347,29.03499984741211,1.298642486333847,1.0052987486124039,54.19257919864306,46.622604691644035,27.810177162152915,75.67017794213255,87.94743414208475,0.045238000340759754,32.29028547246745,92.63612825441902,120.25324175312832,0.19403574988245964,28629.76318359375,3234.967529296875,8783.337646484375,14.165000438690186,3.6,152031.0,224000.0,259.127,104.488,99.8,515119.0,1578.0,1507.0,15416.8,0.06,1.55,3.825,70.25,23223813.0,20693.238,38.57142857142857,18142950.0,1,1,2020
2020-01-13,8664.138305664062,74.20985529550269,0.03715124912559986,337.79249572753906,48.35999870300293,94.30174827575684,49.91021034565983,58.044768960889094,0.6903823912143707,259.199893951416,66.62500190734863,1.0291434526443481,60.597500801086426,0.0023677499848417938,5.413432359695435,143.52406692504883,1.113361656665802,1.3089803159236908,1565.625,70.21256558289662,2.8102500438690186,52.17573777087896,0.009168988326564431,2.1583230197429657,49.24764156341553,0.9724999964237213,214.61849656090126,153.30656334383627,14.308000087738037,2.1842499375343323,6.0270523742635005,976.0500030517578,210.37415658701156,1.3899999856948853,18.08275032043457,68.98530920890732,80.34076051154285,0.014639250235632062,31.585000038146973,1.3040724694728851,1.002743512392044,53.60587311050272,47.70647846857205,27.73115225615572,75.9890308283787,89.45236729273768,0.0480357501655817,32.291335916049036,94.21909069404279,120.61154921327002,0.21254150196909904,28768.81005859375,3257.08251953125,8918.009765625,13.400000095367432,3.6,152031.0,207000.0,259.127,104.488,99.8,515119.0,1578.0,1507.0,15416.8,0.08,1.55,1.0,64.14,23223813.0,20693.238,45.714285714285715,18157612.5,1,1,2020
2020-01-20,8563.373779296875,76.61093504871629,0.04162475001066923,347.6624984741211,50.204999923706055,93.53162574768066,51.74842239051206,60.35964308019274,0.6902401447296143,334.3435287475586,64.62499904632568,1.0338451266288757,58.42750072479248,0.0024182499619200826,8.572094917297363,163.84390258789062,1.1110427975654602,1.302662879228592,1552.8250427246094,72.96316803835388,2.8552499413490295,52.473431520803786,0.00909136002883315,2.559587299823761,56.856266021728516,1.0024999678134918,220.34650579387602,158.20353061118968,14.598999738693237,2.0637500286102295,6.198939160321765,1010.9750061035156,215.29596263645206,1.4350000023841858,17.93000030517578,70.21161848897442,82.1475009721381,0.016481000231578946,34.340166091918945,1.3060674965381622,1.0030654966831207,54.624180314265175,47.209079603997196,27.93662387464985,77.18180776053084,92.10452951412195,0.058022500947117805,33.07538645483768,95.57597991039721,121.88473336396447,0.23323950171470642,29222.31201171875,3314.3875122070312,9128.820068359375,12.442500114440918,3.6,152031.0,221000.0,259.127,104.488,99.8,515119.0,1578.0,1507.0,15416.8,0.09,1.55,16.15,64.63,23223813.0,20693.238,53.0,18164912.5,1,1,2020
2020-01-27,9209.791259765625,77.20709547715022,0.04428950045257807,351.0124969482422,50.74499988555908,93.41525077819824,51.4105542944514,60.93452232906588,0.6846977472305298,336.4898223876953,61.89999961853027,1.0308652222156525,55.48999881744385,0.0023110000765882432,8.929740905761719,165.9781608581543,1.1048096418380737,1.3068960309028625,1565.7749938964844,73.35056538856661,2.7158749103546143,58.663524555747614,0.009131566155701876,2.5641807913780212,55.6951847076416,0.9549999982118607,217.65916777656537,158.1533939948409,14.416749954223633,1.8990000188350677,6.2670855526217135,1006.9750061035156,216.17962728040234,1.3149999976158142,17.97524929046631,71.45122391268255,83.35092749484501,0.016701749991625547,37.54249954223633,1.3124499917030334,1.0005655139684677,53.868872685431654,45.40651148049032,27.546009718628728,76.61292704290157,93.13246158488957,0.058977751061320305,33.52882581508617,94.79864794367941,120.8289146337751,0.22925624623894691,29040.99560546875,3302.5599975585938,9164.1875,14.352500200271606,3.6,152031.0,210000.0,259.127,104.488,99.8,515119.0,1578.0,1507.0,15416.8,-0.02,1.55,0.002,58.54,23223813.0,20693.238,46.142857142857146,18180937.5,1,1,2020
2020-02-03,9868.898681640625,75.76355106106628,0.053554000332951546,349.87500762939453,47.73749923706055,98.60624885559082,50.325288024227014,60.333229301507586,0.6729778200387955,374.6580581665039,58.66499996185303,1.034561425447464,52.11500072479248,0.0024312499444931746,11.1627676486969,184.30414199829102,1.1069685220718384,1.3150013089179993,1581.0,71.59184601114663,2.5363749861717224,57.24555071452265,0.009212761418893933,2.7942875623703003,67.44892692565918,1.0274999886751175,206.29771359008487,161.01474899080353,15.257750034332275,1.867499977350235,5.9393020143172075,966.9250030517578,212.77334937558646,1.382500022649765,17.828500270843506,67.37841290567766,78.34880929341975,0.018727500457316637,41.557000160217285,1.3214349746704102,1.0007877200841904,52.225649812998654,42.9453898748512,27.159912379572827,74.91322662994546,91.46055873241077,0.06252275127917528,33.112126597228894,91.93076418858526,119.76117567647967,0.24692724645137787,28406.45703125,3239.7974853515625,9016.05224609375,18.15249991416931,3.5,152292.0,207000.0,259.25,104.684,101.0,515330.0,1537.0,1442.0,15467.0,-0.09,1.58,6.16,54.0,23223813.0,20693.238,56.57142857142857,18195575.0,2,1,2020
2020-02-10,10012.22021484375,76.71683561867111,0.06003374978899956,364.7375030517578,49.089999198913574,103.21674728393555,53.456914673383906,64.1270736382612,0.6726423501968384,433.0745162963867,54.84749984741211,1.0268880128860474,50.53750038146973,0.0030992499669082463,11.943627119064331,218.10625076293945,1.098313957452774,1.2964842319488525,1569.5499877929688,72.98295156808022,2.5576250553131104,58.204831116135935,0.009138105204328895,3.2798730731010437,74.82270240783691,1.1175000071525574,209.00995361387956,172.7320493164957,15.260499954223633,1.8565000295639038,6.179025902890327,970.25,220.02408127765915,1.4324999749660492,17.66450023651123,69.13029492688912,80.28513391722956,0.02150050038471818,52.31083393096924,1.3290275037288666,1.0036989748477936,53.78570912967844,42.91355567957487,27.830498674988586,76.31246302024297,94.3297285403141,0.07054299954324961,33.403927154985794,94.3271945404125,122.33860768734792,0.2750757448375225,28983.18017578125,3309.7599487304688,9321.62744140625,16.12999987602234,3.5,152292.0,202000.0,259.25,104.684,101.0,515330.0,1537.0,1442.0,15467.0,-0.1,1.58,0.83,53.39,23223813.0,20693.238,56.42857142857143,18210237.5,2,1,2020
2020-02-17,9887.086181640625,78.3228360484122,0.06369075272232294,376.0975036621094,53.84250068664551,106.75812530517578,56.35425450798819,66.74476534764278,0.6716149300336838,429.6838073730469,56.31999969482422,1.0203282833099365,51.464999198913574,0.0028692499618045986,10.330776929855347,256.248291015625,1.0863724052906036,1.300975263118744,1577.2749633789062,75.17235701038823,2.5954999923706055,59.40670749629865,0.009105462115257978,4.283144176006317,75.89258193969727,1.2325000166893005,211.45340870381634,177.37128134801816,14.954499959945679,1.8240000009536743,7.012765416796127,967.0500030517578,225.77632041455485,1.6324999928474426,17.672000408172607,72.06861457179397,83.56714921613604,0.023053749930113554,52.58416748046875,1.3264400362968445,1.0014497339725494,54.36117272596762,43.351263808478976,28.117245127300794,77.53734150673183,96.62650682054672,0.0766612496227026,34.77996334714759,95.50698448021808,125.16210678347667,0.3004802465438843,29340.09765625,3365.7949829101562,9564.192626953125,14.292500257492065,3.5,152292.0,209000.0,259.25,104.684,101.0,515330.0,1537.0,1442.0,15467.0,-0.07,1.58,0.0,57.83,23223813.0,20693.238,59.0,18217575.0,2,1,2020
2020-02-24,8886.966796875,76.51972737694545,0.06049850024282932,375.3500061035156,54.679999351501465,105.8129997253418,57.156586089392256,67.67431733063233,0.6637215167284012,397.12559509277344,58.327500343322754,1.0209859311580658,53.035000801086426,0.002695249975658953,9.45685601234436,268.8453903198242,1.0834762454032898,1.295615315437317,1628.5,74.34642144287707,2.615125060081482,57.620541345268464,0.008990593953058124,4.297606587409973,76.58322143554688,1.0699999928474426,210.99557593057938,172.44571708731854,14.952749967575073,1.9239999949932098,7.4015382915910335,980.4750213623047,224.5028765352893,1.4374999701976776,18.434500217437744,71.08755628740333,82.5846803037017,0.021162500139325857,59.6523323059082,1.323202520608902,1.0040977597236633,54.352176179860194,43.23587499797773,27.866623548233886,76.83772712657866,95.55325490795204,0.07346225157380104,35.061264047760986,95.09301339738074,124.99963956645549,0.2841092497110367,29071.65234375,3349.3674926757812,9509.082763671875,16.644999742507935,3.5,152292.0,218000.0,259.25,104.684,101.0,515330.0,1537.0,1442.0,15467.0,-0.21,1.58,0.592,56.71,23223813.0,20693.238,46.57142857142857,18232225.0,2,1,2020
2020-03-02,8372.295166015625,67.17779356269321,0.04970599990338087,344.55249786376953,45.8100004196167,95.22412490844727,51.346171901843505,60.933084336649685,0.6556851267814636,334.6793746948242,52.31999969482422,1.0333665907382965,46.502498626708984,0.0023620000574737787,8.12354052066803,231.53630828857422,1.097935974597931,1.2854598462581635,1594.7249755859375,66.9743018706379,2.552749991416931,50.396099310637126,0.00918238959275186,3.86278373003006,63.0297794342041,0.8900000005960464,191.69903208971832,155.74732247495078,13.769999980926514,1.723499983549118,6.620384243491042,890.0249938964844,201.91291872422744,1.1924999952316284,16.99549961090088,63.936280284004056,73.9277612206914,0.01757200015708804,46.84999942779541,1.3356299996376038,1.0014112889766693,48.48064472694674,37.09797061058818,24.65819239342598,68.62591521868066,85.26666267690169,0.060389500111341476,31.716767833648078,86.65958238667505,112.59976628996655,0.24164699763059616,25975.66455078125,3006.0225219726562,8563.105102539062,37.92500019073486,4.4,150895.0,215000.0,258.076,104.596,89.1,468324.0,1252.0,1358.0,15993.8,-0.31,0.65,2.525,52.52,23223813.0,20693.238,39.857142857142854,18246850.0,3,1,2020
2020-03-09,5767.35107421875,70.36356916712393,0.04546749871224165,341.27249908447266,48.010000228881836,95.85012245178223,51.03395493399405,60.131520440844724,0.6612481474876404,294.6025390625,47.392499923706055,1.0607258975505829,43.0674991607666,0.002272249956149608,6.997905969619751,212.98989486694336,1.124200165271759,1.2973336279392242,1650.5250244140625,65.39833919351588,2.572624981403351,49.87974902153965,0.009431846672669053,4.239973068237305,54.739766120910645,0.8949999958276749,183.05725091462045,156.53225068746573,13.587000131607056,1.7357499599456787,6.693900417357695,886.0499877929688,203.01204905486293,1.25,17.07575035095215,64.19361588199922,74.02792293702396,0.01573524996638298,48.303500175476074,1.3400700092315674,1.0087347626686096,48.631250389545386,34.78805075238976,23.567640214890886,67.18081025950171,85.6148719378157,0.053403750993311405,32.33227014118959,88.95022585849952,110.64818288111557,0.2166384980082512,26014.62939453125,2995.7500610351562,8595.260009765625,40.79999923706055,4.4,150895.0,208000.0,258.076,104.596,89.1,468324.0,1252.0,1358.0,15993.8,-0.45,0.65,2.504,35.33,23223813.0,20693.238,35.142857142857146,18261525.0,3,1,2020
2020-03-16,5770.0323486328125,66.15309673349272,0.02932925010100007,322.5,43.285000801086426,89.24087524414062,42.34217634649249,50.93685760152091,0.6339157670736313,193.72023010253906,34.64249897003174,1.0597074031829834,31.78749942779541,0.001720000000204891,5.107423484325409,138.26607704162598,1.121330201625824,1.250318169593811,1561.6999816894531,59.87449346341536,2.4852499961853027,46.367246228021955,0.009417279856279492,2.5171909630298615,37.68873119354248,0.625,167.50802943185843,147.92001245852353,11.543500185012817,1.8364999890327454,5.969008656257298,774.375,185.42619542485662,0.7775000035762787,15.193000078201294,57.41687457553831,66.20319626693697,0.010878749773837626,37.72066688537598,1.379790037870407,0.9970664978027344,42.01790361721793,25.86472146670875,20.44952383725861,57.16380020314002,78.95117243955708,0.039535749703645706,28.591448236616813,82.71079327877555,98.70694836544796,0.15953749604523182,23136.67236328125,2695.87255859375,7905.64501953125,58.792500495910645,4.4,150895.0,273000.0,258.076,104.596,89.1,468324.0,1252.0,1358.0,15993.8,0.0,0.65,1.425,27.98,23223813.0,20693.238,12.285714285714286,18268862.5,3,1,2020
2020-03-23,6130.400390625,57.366898037140295,0.027525000274181366,292.6524963378906,39.83500003814697,90.94012260437012,36.12781029952849,43.71511521964952,0.5798729956150055,200.53847122192383,28.25499963760376,1.0261539220809937,24.517499923706055,0.0017115000227931887,4.710217595100403,125.6668872833252,1.0854978561401367,1.1794795989990234,1497.2999877929688,53.818072034581895,2.225125014781952,41.56054787339677,0.009127928409725428,2.0451665222644806,36.29753589630127,0.4949999824166298,148.42298518533661,133.96911538847408,10.107250213623047,1.6542499661445618,5.121755269551432,625.875,167.74350546133792,0.6802499890327454,12.829499959945679,49.60350551834934,57.07013580746073,0.010544999968260527,28.34066677093506,1.429565042257309,0.9982599914073944,36.74206965225477,21.033993440878877,17.446556581302115,48.86942227410635,69.71877442617355,0.037805499508976936,23.920675067048787,74.5993158108241,84.37218297871267,0.15186500176787376,19758.42529296875,2363.3349609375,7097.3900146484375,68.74250030517578,4.4,150895.0,2914000.0,258.076,104.596,89.1,468324.0,1252.0,1358.0,15993.8,-0.04,0.65,26.944,23.75,23223813.0,20693.238,10.0,18283500.0,3,1,2020
2020-03-30,6643.4351806640625,58.65369362368243,0.028615249786525965,306.6074905395508,45.02250099182129,94.60862350463867,41.312092561345025,49.34717731594267,0.601514607667923,211.43611526489258,25.667500019073486,1.0415499806404114,22.264999866485596,0.0017624999745748937,4.879047155380249,128.74596977233887,1.1042603850364685,1.2212566435337067,1605.875,54.749120041181484,2.1832500100135803,45.78440482655993,0.009189574047923088,2.0895985066890717,37.70902919769287,0.5024999976158142,154.23058876121502,140.84408421615234,10.519749641418457,1.6257499754428864,6.022187513720031,708.6750030517578,176.30642766288304,0.7844999879598618,14.185250043869019,54.59816240154868,62.99988084960772,0.010947500122711062,33.32033395767212,1.4143224954605103,0.9994610100984573,38.84835356848033,22.04669894567139,18.36325108866835,52.14266961698501,73.4083885469012,0.038871750235557556,25.0332577586385,76.08498668647754,91.45476575659983,0.16580824926495552,21020.5673828125,2477.9525146484375,7465.4400634765625,61.015000343322754,4.4,150895.0,5946000.0,258.076,104.596,89.1,468324.0,1252.0,1358.0,15993.8,-0.25,0.65,237.497,19.19,23223813.0,20693.238,11.571428571428571,18290825.0,3,1,2020
2020-04-06,7038.253173828125,59.59044049224558,0.03129675053060055,300.8149871826172,43.85249996185303,96.19187355041504,39.980930276724685,47.62303002488907,0.6079456806182861,228.21564102172852,31.227500438690186,1.0303286015987396,26.269999980926514,0.0018467500049155205,5.0428690910339355,139.82071113586426,1.0883512496948242,1.2304194271564484,1622.5499877929688,55.159783277412735,2.2071250081062317,47.77445986431382,0.009248015470802784,2.239975690841675,40.06166172027588,0.4599999934434891,156.79102891324672,148.9489817985016,11.18274974822998,1.623500019311905,6.237083186092975,719.8249969482422,180.224249554548,0.877499982714653,14.341999769210815,55.045191084032844,63.548668084096036,0.012154999887570739,32.4896674156189,1.4190124869346619,0.9993242770433426,39.33194138176607,24.106299626032545,18.254827413726684,52.81335127484997,75.13189659431855,0.04211174976080656,25.222954452956113,80.1957320751362,90.42953579432421,0.17632725089788437,21330.11181640625,2516.544921875,7622.947509765625,52.007500648498535,14.8,130424.0,6137000.0,256.032,104.256,71.8,401028.0,931.0,1066.0,17005.8,-0.47,0.05,144.294,22.58,26477241.0,19056.617,12.571428571428571,18305500.0,4,2,2020
2020-04-13,7053.718994140625,64.1315682610388,0.03410375025123358,316.42000579833984,47.76750087738037,100.85675048828125,44.666628549122585,52.95876741805401,0.6256900429725647,243.27954483032227,32.484999656677246,1.0323562026023865,24.112500190734863,0.0019690000044647604,5.4160075187683105,160.25839614868164,1.0899334847927094,1.2399244606494904,1708.6249694824219,59.21850258589558,2.2732499837875366,51.37561374638353,0.009207951836287975,3.198186933994293,43.16180419921875,0.48000000417232513,170.68803724823425,157.42240178419772,12.266499757766724,1.7535000145435333,6.582498054347783,738.3249816894531,192.66543186425253,1.0425000041723251,15.633749961853027,59.757139122329065,69.15106161789372,0.012974249897524714,36.98566722869873,1.4020025134086609,1.0045802742242813,45.02773114808817,27.332401795438695,20.69579235880594,57.69315501396237,80.81390002895107,0.04865049943327904,29.063709214579415,86.46546019540774,100.23482680283394,0.19087425246834755,23285.33984375,2743.195068359375,8143.59521484375,43.059998512268066,14.8,130424.0,4869000.0,256.032,104.256,71.8,401028.0,931.0,1066.0,17005.8,-0.5,0.05,6.1,20.23,26477241.0,19056.617,16.285714285714285,18320125.0,4,2,2020
2020-04-20,7473.6927490234375,67.93070850691737,0.0349279991351068,338.0874938964844,54.8774995803833,115.61250114440918,49.127485383166025,57.991459449235805,0.6358770877122879,230.87444305419922,29.139999866485596,1.0351473689079285,19.647500038146973,0.00201875003403984,5.423946976661682,175.42206573486328,1.0890420973300934,1.2514622211456299,1709.5749816894531,62.57993407758691,2.3408749103546143,53.05761411137679,0.00929386867210269,3.525107502937317,42.0944766998291,0.4375000074505806,176.45834322654187,167.38664009020567,12.50599980354309,1.7184999883174896,7.102831228744141,781.0249938964844,205.21086067131313,1.114999994635582,15.44575047492981,62.937100792222346,72.73712758473945,0.012885499745607376,47.72100067138672,1.4004374742507935,1.0052870064973831,45.19292755231544,27.210361643305195,20.30414469430733,57.53134207811261,84.35254303439967,0.048663499765098095,29.13033432821392,91.36475135403062,106.50444703676,0.18886900320649147,23961.13525390625,2837.3775024414062,8675.66015625,39.66250133514404,14.8,130424.0,4201000.0,256.032,104.256,71.8,401028.0,931.0,1066.0,17005.8,-0.31,0.05,31.0,17.36,26477241.0,19056.617,15.714285714285714,18334750.0,4,2,2020
2020-04-27,8728.751708984375,67.60916996847789,0.04300349950790405,340.47750091552734,55.60000038146973,119.31350135803223,50.7628828886932,59.4279295478591,0.6358917951583862,239.7113800048828,21.78000020980835,1.0279822051525116,2.955000400543213,0.002303499961271882,5.963774681091309,191.0753288269043,1.0818473100662231,1.2373762726783752,1713.0,62.77923308161414,2.3146250247955322,52.06702757177531,0.009298788150772452,3.690042018890381,43.860727310180664,0.45499999821186066,183.85598676545294,166.06096585277254,12.508500337600708,1.7917500138282776,7.097537980510426,774.2000122070312,205.5383878813874,1.1934999972581863,15.24774980545044,62.68458633287446,72.37101322287134,0.013807749608531594,48.16100025177002,1.411017507314682,0.9991617500782013,44.69055347897943,27.69854077093244,19.821413654388593,56.75233049814632,83.9402015459003,0.059879500418901443,28.042189516741132,92.118128160971,106.79727179157229,0.19316400215029716,23650.27734375,2817.3900146484375,8697.0546875,38.80749988555908,14.8,130424.0,3446000.0,256.032,104.256,71.8,401028.0,931.0,1066.0,17005.8,-0.5,0.05,16.476,15.17,26477241.0,19056.617,21.142857142857142,18342087.5,4,2,2020
2020-05-04,8976.177978515625,70.09419251432226,0.04918974917382002,344.12000274658203,51.71250057220459,116.31587600708008,51.656453506444635,61.34659093137536,0.6451650857925415,254.43347549438477,24.890000343322754,1.0359899401664734,17.52750015258789,0.0025042500346899033,7.013001203536987,210.71253967285156,1.1024896502494812,1.2501249611377716,1697.8500061035156,65.00384708165774,2.3356249928474426,51.918556716282595,0.009349668864160776,3.72606098651886,47.835333824157715,0.46000000089406967,198.26307779168152,167.25024774792035,12.43624997138977,1.8472500145435333,7.164853104928694,779.8000183105469,207.8529014834496,1.1475000381469727,15.073999881744385,62.96488984873504,72.92456665577373,0.01573500013910234,49.25833225250244,1.4158775210380554,1.004530742764473,46.4488472100968,29.364483016644453,20.42254788308692,58.39587800332132,85.83418485289384,0.0711244996637106,28.226192277908964,91.25380875300516,108.98878091795066,0.2174919992685318,23964.3623046875,2859.4725341796875,8782.71240234375,36.12249946594238,13.2,133040.0,2796000.0,255.802,104.37,72.3,478449.0,1053.0,1260.0,17853.4,-0.43,0.05,4.85,20.4,26477241.0,19056.617,37.857142857142854,18356825.0,5,2,2020
2020-05-11,9384.700927734375,73.83084000939128,0.048473999835550785,361.5300064086914,52.404998779296875,117.5354995727539,54.83890346113507,66.5430572875194,0.6498721688985825,241.5052146911621,29.977499961853027,1.0303818583488464,23.56749963760376,0.002489000034984201,6.437570691108704,194.0594940185547,1.0920908451080322,1.2391067743301392,1708.2250061035156,67.94180270017286,2.38224995136261,52.244317432341845,0.009380514733493328,3.81062251329422,43.56232833862305,0.8324999883770943,208.18633812590753,174.24481144747696,12.305749893188477,1.9047499597072601,7.588480126351933,778.7500152587891,214.9153204923928,1.715000033378601,15.493749856948853,64.78563256374927,75.28946521692045,0.014724500011652708,52.68066596984863,1.4025000035762787,1.0123935043811798,46.93538909457899,30.81684455956097,20.083274318496134,57.804107625712405,89.31771739261175,0.0660142507404089,27.98064295716046,91.5912265866492,110.89702000754491,0.2029072493314743,24093.42529296875,2897.4025268554688,9082.6474609375,31.042499542236328,13.2,133040.0,2335000.0,255.802,104.37,72.3,478449.0,1053.0,1260.0,17853.4,-0.4,0.05,0.123,25.53,26477241.0,19056.617,47.142857142857146,18371500.0,5,2,2020
2020-05-18,9068.50439453125,75.14944429645656,0.05006350111216307,363.05999755859375,54.070000648498535,119.7128734588623,55.90649829958597,67.69712753146366,0.6476769149303436,237.2202377319336,31.692500591278076,1.029744029045105,28.112500190734863,0.002509250014554709,6.470104932785034,201.04916381835938,1.0829778611660004,1.2188806235790253,1737.6000061035156,68.23564782066036,2.354624927043915,52.03799162577543,0.00933154858648777,3.706831216812134,42.94356155395508,0.8149999976158142,208.4500656099941,174.5678364320064,11.659499645233154,1.6942500174045563,8.238832901721933,800.6750030517578,216.07744605496435,2.059999942779541,16.680749654769897,63.75866579571591,74.15367410701926,0.014703499851748347,53.415499687194824,1.4061800241470337,0.9992750138044357,45.76545606206939,29.47636141458794,19.181576455117586,55.175811694700826,89.47355343885852,0.06771875079721212,26.53000032843564,92.48787022034017,110.16973175070068,0.19889474660158157,23635.63720703125,2859.9649658203125,9130.124755859375,32.26499938964844,13.2,133040.0,2176000.0,255.802,104.37,72.3,478449.0,1053.0,1260.0,17853.4,-0.44,0.05,0.578,33.3,26477241.0,19056.617,42.142857142857146,18376925.0,5,2,2020
2020-05-25,9336.453857421875,77.19773232756914,0.05333475023508072,381.0625,55.27499866485596,122.29025077819824,60.00890852438812,70.66612018136657,0.6542586088180542,231.3031234741211,34.98750019073486,1.0312578082084656,32.672500133514404,0.002481500036083162,6.522432208061218,203.49889755249023,1.0907405614852905,1.2176803350448608,1740.0499877929688,69.63806121359305,2.413249969482422,55.19816125182316,0.009295445401221514,3.8972489833831787,43.256582260131836,0.7750000059604645,228.41348250295363,176.17592668803957,12.141500234603882,1.7577499747276306,8.923624476527976,888.8000183105469,222.45816357832177,2.322499990463257,17.646999835968018,66.74289844351073,77.9670455250091,0.014592500170692801,54.407999992370605,1.39690500497818,1.0026319921016693,48.07589918500649,31.382329376834488,19.97397447191042,58.652474605370266,92.4583957164879,0.06654799915850163,27.475381094234265,92.63347189300733,115.94727181434482,0.19715874642133713,24427.1904296875,2951.2625122070312,9397.95263671875,28.884999752044678,13.2,133040.0,1921000.0,255.802,104.37,72.3,478449.0,1053.0,1260.0,17853.4,-0.46,0.05,0.001,33.8,26477241.0,19056.617,45.285714285714285,18384250.0,5,2,2020
2020-06-01,9792.04248046875,77.4544496332173,0.0714655015617609,381.47750091552734,53.19250011444092,120.95924949645996,60.55347947579712,71.19609085367753,0.6617899239063263,238.66876602172852,35.1825008392334,1.0371397733688354,34.472500801086426,0.0025427499203942716,6.979460597038269,226.56523895263672,1.1059179306030273,1.2311795353889465,1724.4250183105469,70.99496121069834,2.42125004529953,55.95364710337787,0.009290698682889342,4.076767325401306,45.21197319030762,0.7099999934434891,226.98273879966098,175.07565881240677,12.478999853134155,1.82150000333786,8.700319916537932,869.625,224.23655363283197,2.1400000154972076,18.218750476837158,67.64058831382937,79.54232236313939,0.01578550017438829,54.83333396911621,1.3805649876594543,0.9987879991531372,49.94960406550739,31.697616609715247,21.3788934529661,62.60069261440865,93.21122255447119,0.07035999745130539,29.092264976631277,94.13097914535105,119.19009835280755,0.20238300040364265,25326.7119140625,3031.760009765625,9466.76513671875,27.86750030517578,11.0,137671.0,1639000.0,257.042,104.531,78.1,518038.0,1254.0,1338.0,18141.1,-0.52,0.08,0.0,36.74,26477241.0,19056.617,45.142857142857146,18391581.25,6,2,2020
2020-06-08,9493.73583984375,79.81175337924775,0.084264000877738,390.9925003051758,53.07999897003174,123.88337516784668,62.480033120191386,74.1456323222036,0.6888077557086945,253.56194305419922,41.062499046325684,1.0407556593418121,38.26249980926514,0.002600250067189336,6.917801141738892,243.26113891601562,1.126775860786438,1.260228544473648,1691.9999694824219,71.34713976517116,2.525624930858612,56.74480573983659,0.009167791111394763,4.357838749885559,47.08980751037598,0.9724999815225601,228.43340832730695,178.40630053360914,12.530250072479248,1.7924999594688416,8.841177240598158,846.8249816894531,230.8888899820793,2.5799999833106995,17.786000728607178,72.48542419611157,85.25239062408882,0.017593249678611755,58.90133190155029,1.3502249717712402,1.0067469775676727,53.25573759433834,35.21255748179236,23.373559135296695,67.76021169668385,96.28238152735585,0.07858375087380409,30.861420395479037,95.06924333225594,124.51161163645874,0.20522624626755714,26695.23046875,3157.7799682617188,9751.822265625,25.795000553131104,11.0,137671.0,1575000.0,257.042,104.531,78.1,518038.0,1254.0,1338.0,18141.1,-0.4,0.08,0.0,39.66,26477241.0,19056.617,53.142857142857146,18395243.75,6,2,2020
2020-06-15,9294.216552734375,82.71536848041765,0.07871024869382381,402.6600036621094,54.52750015258789,128.7466220855713,61.11038579028975,74.40738389219842,0.6875881850719452,242.6766128540039,39.47249984741211,1.051080971956253,36.85999870300293,0.0025145000545307994,6.445881128311157,236.94069290161133,1.1286665201187134,1.2603911459445953,1719.6500244140625,70.71702836145806,2.6042500138282776,53.72503579868179,0.009283683029934764,4.071974813938141,44.51047706604004,1.0349999964237213,229.39882485107208,181.99612590039595,11.990750074386597,1.7422499656677246,8.983702024571455,831.0249786376953,230.80159936185902,2.5074999928474426,17.61774969100952,71.21320917444207,83.4729382209658,0.01667999941855669,63.45333385467529,1.354957491159439,1.0040887743234634,50.70995136127347,33.60968212784797,22.21228404195503,65.0278955001073,96.23200339205889,0.07333875074982643,30.317881527536155,91.36242882001513,121.64322929784429,0.19416175037622452,25967.4248046875,3075.0549926757812,9745.462646484375,35.24749994277954,11.0,137671.0,1473000.0,257.042,104.531,78.1,518038.0,1254.0,1338.0,18141.1,-0.52,0.08,0.003,39.44,26477241.0,19056.617,44.42857142857143,18402575.0,6,2,2020
2020-06-22,9235.76416015625,84.47285796941964,0.07779374904930592,420.57250213623047,54.234999656677246,131.94312858581543,64.39207741149319,78.65748228824584,0.6866674274206161,232.61198043823242,41.13749980926514,1.0511871576309204,38.58750057220459,0.002457749971654266,6.217183828353882,228.90392684936523,1.1219845116138458,1.2433752715587616,1736.4500122070312,70.89455844890152,2.606000006198883,53.36846816143853,0.009345640428364277,4.072856366634369,43.27079486846924,0.8849999755620956,234.69637936550936,185.633946813132,11.93975019454956,1.6740000247955322,9.148295286831367,829.2750091552734,234.59362308279975,2.1874999403953552,17.718750476837158,72.23292060768593,84.48269309051399,0.0158244997728616,65.49166870117188,1.3598800003528595,1.001803770661354,50.56285409267863,32.289542323720106,21.868449856905393,64.10324290492524,97.35401428804968,0.06937449797987938,30.123310862552398,92.03723709190682,121.74884507456792,0.18808399885892868,25799.28271484375,3079.16748046875,9907.13232421875,36.2699990272522,11.0,137671.0,1467000.0,257.042,104.531,78.1,518038.0,1254.0,1338.0,18141.1,-0.63,0.08,0.01,43.2,26477241.0,19056.617,38.42857142857143,18409912.5,6,2,2020
2020-06-29,9108.663818359375,87.04066402800507,0.08097600191831589,431.1750030517578,51.2549991607666,135.63424682617188,67.7197400562901,80.34105373281112,0.6892911642789841,226.17095184326172,41.36000061035156,1.0555033683776855,38.92250156402588,0.0023579999688081443,5.868094325065613,229.66875839233398,1.124108612537384,1.2385060787200928,1769.6499938964844,69.1179210172288,2.66349995136261,51.8418753630226,0.009348924038931727,4.56413459777832,42.02507209777832,0.9725000262260437,222.14054855886428,189.92684889494566,11.638499975204468,1.5335000157356262,9.239565191614139,818.4249877929688,235.6417059899179,2.3450000286102295,17.938750743865967,72.07344236339412,84.3558248725696,0.015920999459922314,64.47716617584229,1.3648275136947632,1.0022059679031372,49.75725467771461,30.369325147856248,20.92577028812874,61.891036769331336,98.32979619819541,0.06569099985063076,28.788767911864532,90.84246036900022,120.31588128701692,0.18018249794840813,25329.275390625,3044.407470703125,9960.84033203125,33.959999561309814,11.0,137671.0,1446000.0,257.042,104.531,78.1,518038.0,1254.0,1338.0,18141.1,-0.7,0.08,0.25,41.58,26477241.0,19056.617,42.57142857142857,18417243.75,6,2,2020
2020-07-06,9265.5,88.20745720417808,0.09456074982881546,437.5225067138672,51.57249927520752,142.07799911499023,71.04305585397597,83.69810334131665,0.6905851811170578,222.0692024230957,42.390000343322754,1.056372493505478,39.88500118255615,0.002319249964784831,5.685102581977844,227.58507537841797,1.1248112618923187,1.2438876032829285,1782.9500122070312,71.90659454964216,2.715499997138977,52.38342260622258,0.009301785379648209,4.710563898086548,41.51068687438965,0.9100000262260437,227.41569670611932,195.34996890179013,11.791749715805054,1.7024999856948853,9.43505777838196,823.8500061035156,242.06171597697917,2.2574999928474426,18.254499912261963,73.34687803629441,85.72911166684113,0.01667524967342615,76.5640001296997,1.3485999703407288,1.0034412294626236,51.85094564809455,30.802034028082826,21.10508640896276,63.770222858610616,100.2668168620553,0.06709774769842625,30.09940469941108,93.50397520084425,123.56739849301978,0.17698675394058228,25738.822265625,3106.3925170898438,10214.8046875,29.392500400543213,10.2,139255.0,1413000.0,258.352,104.9,72.5,526304.0,1523.0,1546.0,18298.0,-0.76,0.09,0.0,42.73,26945391.0,20548.793,41.0,18424562.5,7,3,2020
2020-07-13,9191.746826171875,92.61972974650794,0.12186349928379059,461.0750045776367,55.4950008392334,156.8125,77.50041066290788,92.01843852586381,0.6957400888204575,235.06337356567383,42.87750053405762,1.062814623117447,40.18000030517578,0.003745499940123409,6.330768942832947,239.90044784545898,1.1305380761623383,1.2595326602458954,1799.875,75.84165883532292,2.8477500081062317,52.69542699692512,0.00934086018241942,6.668368101119995,44.119140625,0.9524999856948853,241.37737618746604,204.37728467106882,11.810750007629395,1.8119999766349792,10.298338177109294,843.5999908447266,254.60221288345696,2.372499942779541,18.885249614715576,76.90137838123646,89.50761262919386,0.017982000019401312,98.40433311462402,1.3573225140571594,0.9986452460289001,52.588161769226986,29.58240267703688,21.327366415174183,63.452128813413374,103.53395922558572,0.0891682505607605,29.999241111997044,93.83351125747436,127.4288675162845,0.1969597451388836,25992.91015625,3168.1500244140625,10750.315185546875,27.74500036239624,10.2,139255.0,1468000.0,258.352,104.9,72.5,526304.0,1523.0,1546.0,18298.0,-0.78,0.09,0.001,42.85,26945391.0,20548.793,42.857142857142854,18431900.0,7,3,2020
2020-07-20,9742.912841796875,94.04630266900718,0.12518375180661678,437.9350051879883,55.172499656677246,152.33074569702148,77.66595643688103,91.03654342525931,0.6978950798511505,227.9106903076172,42.97999954223633,1.063710778951645,40.3774995803833,0.003352499916218221,6.16042685508728,238.22668075561523,1.1404885649681091,1.2570528090000153,1805.2750244140625,75.83730406574723,2.9020000100135803,53.0341795601705,0.009342904668301344,7.963606476783752,42.97174644470215,0.9049999862909317,240.42687207096583,197.4760305433488,11.808249711990356,1.7352500557899475,10.212237521274655,840.0750122070312,253.092994894156,2.231499969959259,19.579999923706055,77.23724846908925,89.56995845280687,0.017515250016003847,103.79450035095215,1.3577174842357635,0.9996512532234192,54.936331876055746,30.105689283030625,21.895668207752035,65.92259454809877,102.71658472913977,0.09819124825298786,29.78825008900919,97.21255353747836,128.38159385829954,0.1984030045568943,26602.55224609375,3203.8499755859375,10682.622314453125,27.609999656677246,10.2,139255.0,1393000.0,258.352,104.9,72.5,526304.0,1523.0,1546.0,18298.0,-0.84,0.09,0.003,43.3,26945391.0,20548.793,42.857142857142854,18435556.25,7,3,2020
2020-07-27,11011.335693359375,90.91639879252998,0.1417085025459528,435.2624969482422,65.89250183105469,151.82999801635742,77.45200613097106,91.22024560441825,0.7089072912931442,242.66840362548828,43.482500076293945,1.080536961555481,41.20250129699707,0.0032674999674782157,6.526470065116882,292.6315498352051,1.1594111025333405,1.2726268470287323,1874.7250366210938,75.77597721780637,2.894124984741211,47.38242931887214,0.009401937248185277,7.541596293449402,46.99464416503906,1.0499999821186066,232.71074319500423,195.34037455803792,11.820249795913696,1.7597499787807465,10.159345397077946,926.7000122070312,250.53139819904297,2.237500011920929,22.266000270843506,77.48371874573567,89.18787028735998,0.01832900056615472,98.15900039672852,1.3448275327682495,0.9995275139808655,55.91929308594194,30.824702090629764,22.17522927495417,66.7956303603701,101.99294356384519,0.09914650022983551,29.683825010916067,97.97376421167193,130.44822431303874,0.2119247503578663,26594.47021484375,3227.824951171875,10574.407470703125,25.96500015258789,10.2,139255.0,1260000.0,258.352,104.9,72.5,526304.0,1523.0,1546.0,18298.0,-0.9,0.09,0.0,43.39,26945391.0,20548.793,52.857142857142854,18442881.25,7,3,2020
2020-08-03,11566.557373046875,100.29881976911722,0.13685350120067596,439.9725036621094,75.20999908447266,157.1492462158203,77.8537770994177,94.3916710975932,0.7183658182621002,287.2901191711426,42.97999954223633,1.094620168209076,40.29750061035156,0.003377250046469271,7.302476525306702,365.0732727050781,1.17801433801651,1.3034922778606415,1952.0500183105469,74.27974859413001,2.871625006198883,43.13916545076913,0.00948108034208417,7.950792908668518,56.31576156616211,1.8799999952316284,246.88393379589328,195.35955768492187,12.274250030517578,1.8100000023841858,10.517378977417714,927.4250183105469,256.1528316147723,2.7100000381469727,24.378249645233154,79.89889790803868,92.15105428285244,0.019256499595940113,97.32033348083496,1.3401699662208557,1.0109035074710846,55.270806439895054,29.889367152511415,22.058369977824487,66.60988929657248,105.0244972733953,0.10252324864268303,30.600249480914407,98.05731645814384,131.564621800366,0.27709024399518967,26368.59521484375,3254.635009765625,10811.88232421875,25.1899995803833,8.4,140819.0,1044000.0,259.316,105.235,74.1,530735.0,1401.0,1529.0,18364.3,-1.02,0.1,0.0,43.76,26945391.0,20548.793,75.42857142857143,18450187.5,8,3,2020
2020-08-10,11783.07763671875,108.17012311737125,0.14377450197935104,451.05250549316406,83.51249885559082,158.54500198364258,80.42413687565646,96.95916716316566,0.71566241979599,301.9582214355469,44.48250102996826,1.0949268639087677,41.38500118255615,0.003467500035185367,6.961461663246155,389.1200942993164,1.1798408329486847,1.306483417749405,2009.6749877929688,74.40502650244315,2.824999988079071,43.11910115115381,0.009444632101804018,12.559950590133667,57.74776268005371,4.212500035762787,264.5531706287843,204.66523898338653,12.344749927520752,2.1529999375343323,11.118873756443588,966.1749877929688,263.8836149132766,3.7174999713897705,27.246500492095947,82.0700143056994,94.76573442252504,0.02023549983277917,97.4640007019043,1.3361700177192688,1.0059294998645782,55.85785792857396,30.486831724208567,22.55104745875827,68.91084567249484,109.36866544334902,0.10535549931228161,30.92632721348491,98.65376696193633,134.24477311028892,0.29502400010824203,27214.3955078125,3334.9075317382812,11139.67236328125,22.84999942779541,8.4,140819.0,884000.0,259.316,105.235,74.1,530735.0,1401.0,1529.0,18364.3,-1.02,0.1,0.008,44.19,26945391.0,20548.793,76.71428571428571,18453843.75,8,3,2020
2020-08-17,11784.389404296875,110.90895627863834,0.1370957512408495,445.67250061035156,80.96500205993652,157.33200073242188,81.61613154007455,94.89090617480299,0.7149749845266342,300.5724182128906,44.94499969482422,1.097229391336441,42.032498359680176,0.0034990000422112644,7.078833699226379,420.0186538696289,1.1815804541110992,1.3081227838993073,1947.3500061035156,74.93822640731977,2.849749982357025,43.88089107337632,0.009392131585627794,17.451200485229492,61.06631374359131,3.9274998903274536,261.6344249828752,199.8444475867885,14.059750080108643,2.293999969959259,11.374675458818603,965.1750183105469,263.39520669774674,3.7225000262260437,26.46975040435791,82.28990167942845,95.44437174975792,0.02601225022226572,105.58699989318848,1.326107531785965,1.0053690075874329,56.91817229121239,31.578739593049896,23.144556119536237,71.76674497548244,109.10181518092075,0.11035675182938576,30.708304259193866,98.91599429693754,137.69007157298728,0.29688725620508194,27876.28271484375,3365.0075073242188,11113.794921875,22.327499866485596,8.4,140819.0,927000.0,259.316,105.235,74.1,530735.0,1401.0,1529.0,18364.3,-0.97,0.1,0.054,44.91,26945391.0,20548.793,79.42857142857143,18461156.25,8,3,2020
2020-08-24,11604.146240234375,118.8572176402079,0.12683625146746635,468.86000061035156,82.78750038146973,163.04524612426758,86.01745053873822,99.97498728185708,0.7206432521343231,292.95194244384766,44.459999084472656,1.099268227815628,42.29249954223633,0.0034749999176710844,6.977774620056152,402.07965087890625,1.1830011904239655,1.3128344118595123,1945.2250061035156,77.72863958871795,2.9226250648498535,44.20398394222552,0.009452358353883028,15.779778718948364,62.01364612579346,3.0175000429153442,264.6949795452681,204.2549127500006,14.53950023651123,2.4109999537467957,12.458053578984972,934.4999847412109,271.77981026740997,3.872499942779541,27.06100034713745,82.68619146960795,95.66898230840845,0.02621799986809492,131.13799667358398,1.3186025023460388,1.0044839829206467,56.585965889826284,30.072724740645057,22.447927267957827,71.15377545009451,112.52281217568104,0.10589900054037571,30.52672007539398,99.20610368552025,140.37265980748725,0.2927677482366562,27846.68017578125,3387.242431640625,11478.3125,22.667500495910645,8.4,140819.0,876000.0,259.316,105.235,74.1,530735.0,1401.0,1529.0,18364.3,-1.02,0.1,0.0,44.43,26945391.0,20548.793,78.57142857142857,18468475.0,8,3,2020
2020-08-31,10643.614990234375,122.2414266356345,0.11639825068414211,509.0250015258789,85.29250144958496,168.92699813842773,88.3651410775578,104.53918251452221,0.7265748977661133,278.1613998413086,45.117499351501465,1.1039935052394867,42.98750019073486,0.003307499981019646,6.636559247970581,414.95269775390625,1.187564730644226,1.3279248476028442,1952.8499755859375,80.94662905130075,2.9808749556541443,44.98256343132557,0.009460245724767447,16.090888261795044,60.766469955444336,2.509999930858612,288.8287167925549,216.82383386518467,14.709499835968018,2.6112500429153442,12.945980373743982,933.3249969482422,281.9629967162567,3.5299999713897705,27.323500156402588,84.43806931234714,97.79123049350274,0.026096750050783157,144.5468292236328,1.3116724789142609,1.0031610131263733,57.89202966172689,29.980024185591617,23.043724653485942,72.67923648969774,117.28288579450813,0.0985067505389452,30.932714019223596,99.779344587368,144.17396211369254,0.27872324734926224,28520.70947265625,3484.594970703125,11893.809814453125,23.482499599456787,8.4,140819.0,881000.0,259.316,105.235,74.1,530735.0,1401.0,1529.0,18364.3,-1.08,0.1,0.011,45.22,26945391.0,20548.793,75.57142857142857,18475806.25,8,3,2020
2020-09-07,10285.710693359375,119.64217024685304,0.10007950104773045,498.1175003051758,83.65750122070312,165.65775299072266,85.75847664552566,101.63597870497935,0.7287194132804871,241.5895767211914,43.53249931335449,1.098448485136032,40.614999771118164,0.002896500052884221,5.528809905052185,377.67769622802734,1.186771184206009,1.331018090248108,1937.9500122070312,79.94889686951134,3.0241249799728394,45.39766644303331,0.009427226847037673,13.06763243675232,51.609392166137695,2.1774999499320984,283.7128643240223,208.44096791553403,14.3125,2.5665000081062317,12.877577268619557,907.6749877929688,277.6564301123428,3.159999966621399,27.149250030517578,83.71920298246037,97.3044549157684,0.03445774968713522,142.5958366394043,1.3068900108337402,1.006594493985176,58.69295842858334,28.991127550477174,23.245387678060077,72.61654217907142,114.67686074211558,0.08229074999690056,30.971084843280902,98.76050598832828,142.44896695933488,0.2539997547864914,28282.66259765625,3447.9149780273438,11707.4326171875,30.387499809265137,7.8,141770.0,892000.0,259.997,105.395,80.4,541302.0,1463.0,1624.0,18596.6,-0.98,0.09,0.0,40.67,26945391.0,20548.793,57.142857142857146,18479468.75,9,3,2020
2020-09-14,10819.1611328125,110.79557955265045,0.09409825131297112,476.43250274658203,77.75749778747559,158.3288803100586,82.82507384700978,96.62681622010692,0.7264223396778107,223.67998886108398,40.347500801086426,1.0981903076171875,37.595001220703125,0.002777749963570386,5.1071999073028564,361.5885467529297,1.1841583847999573,1.290623277425766,1935.3500061035156,75.86479107665343,3.022499978542328,44.2825146110325,0.009423971874639392,12.112169981002808,48.24371814727783,1.85999995470047,267.52915698415865,198.23962731975365,14.10574984550476,2.3425000309944153,12.238809162969272,930.9500122070312,264.9069358602251,2.9125000834465027,26.661499977111816,80.58635349347803,93.40122744241401,0.03142424998804927,122.85916709899902,1.316970020532608,1.0004552453756332,58.7748750529409,27.186386732751682,22.697706390810396,71.88284725225554,109.5489579676018,0.08001650124788284,30.48942519899122,97.36108373491852,141.09921715474817,0.24200575053691864,27746.14306640625,3354.489990234375,11171.590087890625,29.045000553131104,7.8,141770.0,861000.0,259.997,105.395,80.4,541302.0,1463.0,1624.0,18596.6,-0.97,0.09,0.001,38.57,26945391.0,20548.793,39.42857142857143,18486800.0,9,3,2020
2020-09-21,10684.17724609375,106.91959474418178,0.09135149978101254,473.27999114990234,76.01000022888184,150.03437423706055,87.04849433787778,99.4315699709064,0.7306997776031494,228.54525756835938,42.35500144958496,1.0985491871833801,40.132500648498535,0.0027889999910257757,5.1469621658325195,373.17250061035156,1.183095633983612,1.2908431589603424,1951.5999755859375,73.28462695718764,3.09012508392334,44.79857539507266,0.009534548269584775,10.39292049407959,47.694210052490234,2.004999965429306,256.7275523364958,194.28030794009214,15.898749828338623,2.1052500307559967,12.384321241936759,946.4499969482422,261.70371960604075,3.0634999871253967,27.030250072479248,81.85375089006146,94.57547791599579,0.027938499581068754,143.2949981689453,1.3194250166416168,1.0041617155075073,60.04904770617966,27.623155537006166,22.73436715717809,73.33402233733142,108.47192709318878,0.07838124968111515,30.741969541036482,98.10372524514511,139.66291450931735,0.24710074812173843,27791.89501953125,3340.06494140625,11034.6904296875,26.355000019073486,7.8,141770.0,859000.0,259.997,105.395,80.4,541302.0,1463.0,1624.0,18596.6,-0.94,0.09,0.054,40.37,26945391.0,20548.793,47.857142857142854,18494106.25,9,3,2020
2020-09-28,10675.30078125,107.38763065214266,0.09519275091588497,476.07250213623047,77.1974983215332,152.44062423706055,86.78225898103322,100.74989219800361,0.7111832052469254,223.29043197631836,42.02499866485596,1.082471340894699,40.107500076293945,0.002680499979760498,5.34283185005188,352.28978729248047,1.168811172246933,1.278642475605011,1878.2749633789062,71.46134606627622,2.993500053882599,44.55624883735495,0.009504590649157763,10.039337992668152,45.59395408630371,1.847499966621399,251.7534783966132,197.49878744254977,14.864000082015991,2.0982499420642853,12.597011481555416,849.9499816894531,261.5797106349961,2.685000002384186,23.580999851226807,81.33059614784857,93.84166125405253,0.026648249942809343,135.13833045959473,1.3337949812412262,1.001993715763092,56.88403998066633,25.21683723517019,21.561105121838192,70.79853359398328,108.54406955484966,0.07284799963235855,29.45577593379695,95.27469590515227,137.89219694387054,0.23848774656653404,27092.41064453125,3282.4299926757812,11046.79736328125,27.28249979019165,7.8,141770.0,795000.0,259.997,105.395,80.4,541302.0,1463.0,1624.0,18596.6,-0.94,0.09,0.0,41.59,26945391.0,20548.793,43.142857142857146,18501443.75,9,3,2020
2020-10-05,11184.8662109375,111.15636608601113,0.09736950136721134,484.5299987792969,81.59250068664551,157.3896255493164,89.58496933883045,105.42766995142294,0.7152284234762192,222.7032699584961,39.98750019073486,1.085013747215271,37.88249969482422,0.002637249999679625,5.245769381523132,352.72239685058594,1.170472502708435,1.2900857031345367,1896.4499816894531,72.80877648683781,2.9581249356269836,45.97430065871391,0.00949228904210031,9.669391632080078,46.543800354003906,1.972500056028366,259.5343351344378,200.10863154796792,14.78724980354309,2.4212499856948853,13.120916640665662,885.3000183105469,268.1076698326225,2.6274999380111694,23.76925039291382,84.07077775317305,97.29688146673756,0.02631425019353628,140.8883285522461,1.3328275382518768,1.0014425069093704,57.764554451297435,24.72077313346052,22.271859070170997,72.0666657038029,111.51675438994648,0.07300524972379208,30.934522471881444,97.42434865596701,142.4414929288638,0.2438327521085739,27686.29296875,3354.4274291992188,11335.8203125,27.514999389648438,6.9,142461.0,785000.0,260.319,105.47,81.8,539114.0,1543.0,1613.0,18751.3,-0.9,0.09,0.0,39.78,27747798.0,20771.691,43.42857142857143,18508768.75,10,4,2020
2020-10-12,11472.0498046875,112.91400047869342,0.10337799973785877,495.9975051879883,84.3174991607666,161.90362548828125,97.32266413868213,111.54911405676312,0.7175074070692062,235.44640731811523,42.117499351501465,1.096789836883545,39.91749954223633,0.002656000026036054,5.352144360542297,365.77420806884766,1.1803749203681946,1.3000077307224274,1910.2999877929688,74.21990647759466,3.0478749871253967,47.28015375938442,0.009461799636483192,10.281774044036865,49.485923767089844,2.1350000202655792,261.1218689709085,205.0132729093415,16.04724955558777,2.687250018119812,13.682521303822693,883.9250183105469,274.9830000611601,2.9675000309944153,24.707000255584717,88.80810039315095,102.74088063995563,0.026306749787181616,142.75416946411133,1.317282497882843,1.0008409917354584,60.2152322956845,25.700808927051845,23.08522170303025,74.70524238948744,114.63932767389076,0.07594374939799309,31.516639819262483,100.23434186857132,146.52823711334938,0.2532312497496605,28394.52978515625,3447.7899780273438,11608.8896484375,26.007500171661377,6.9,142461.0,839000.0,260.319,105.47,81.8,539114.0,1543.0,1613.0,18751.3,-0.94,0.09,0.0,40.5,27747798.0,20771.691,49.142857142857146,18512437.5,10,4,2020
2020-10-19,12699.955322265625,117.39700646763406,0.10786249861121178,504.27249908447266,83.70999908447266,165.02074813842773,99.90754594623965,114.31256119567455,0.7117820233106613,250.06644821166992,42.70249938964844,1.0950419306755066,40.52250099182129,0.0026092499028891325,5.285120964050293,378.53673553466797,1.1739373803138733,1.2946613132953644,1902.6500244140625,77.79208054827126,3.0636250376701355,48.384077526514076,0.009491106029599905,10.95706033706665,48.24395179748535,2.2674999833106995,267.6660313680178,211.80614790041795,16.528249740600586,2.7777499556541443,13.894151163578536,866.4749908447266,282.1671048052906,3.2364999651908875,24.57099962234497,90.40774986315422,104.6879030069825,0.026251249946653843,148.4866714477539,1.3176299929618835,1.0008732676506042,60.468992058110345,25.40972986193143,23.05987266861567,75.75878892392814,117.14270326874421,0.0787194985896349,31.142493660055237,100.53957997535716,147.8181062418999,0.24574974924325943,28588.01513671875,3489.5900268554688,11918.64501953125,27.00499963760376,6.9,142461.0,804000.0,260.319,105.47,81.8,539114.0,1543.0,1613.0,18751.3,-0.93,0.09,0.004,41.29,27747798.0,20771.691,54.714285714285715,18519775.0,10,4,2020
2020-10-26,13581.203857421875,113.301599504672,0.10658550262451172,491.0374984741211,81.74749946594238,160.7467498779297,96.75510239588354,113.58256203003928,0.7107850760221481,264.8745307922363,42.077500343322754,1.1028002500534058,40.242499351501465,0.002642249979544431,5.47007954120636,400.04457092285156,1.1828767955303192,1.3044531643390656,1906.8500061035156,79.87536996740144,3.131874978542328,44.93993997317228,0.009534279583021998,11.774853706359863,55.951416015625,2.7074999809265137,277.367780637933,208.41930937505282,17.956000328063965,2.9114999771118164,13.559257192890998,892.5750122070312,277.4911812852818,3.8325001001358032,24.79400062561035,89.32641754271691,103.35058792760839,0.02694774977862835,141.30333709716797,1.3132599890232086,1.0009929835796356,60.22435920578816,25.30712435030514,23.152038807156156,75.65858058208165,114.75498795046808,0.08328100107610226,30.644001286904455,100.14578603078778,147.10688994652074,0.25259649008512497,28355.8125,3462.1349487304688,11719.335205078125,28.172499656677246,6.9,142461.0,776000.0,260.319,105.47,81.8,539114.0,1543.0,1613.0,18751.3,-0.91,0.09,0.001,39.06,27747798.0,20771.691,69.71428571428571,18527112.5,10,4,2020
2020-11-02,15026.43310546875,107.9239333282291,0.09853450022637844,456.3725051879883,77.44500160217285,154.78699493408203,89.88266322813419,108.25642119261349,0.7059243023395538,267.1836280822754,38.30749988555908,1.0938356220722198,36.58250045776367,0.002643750049173832,5.300463676452637,394.7721633911133,1.171301782131195,1.296337515115738,1880.6000366210938,79.89328154921235,3.0578749775886536,40.39411054495946,0.009565438842400908,11.573155641555786,56.00101947784424,2.3325000405311584,266.3820053930235,197.4602861393378,17.017000675201416,3.252750039100647,12.727940711701262,853.4999847412109,265.18152748983164,3.4699999690055847,23.679999828338623,85.32366821224463,98.7665942779024,0.026037999894469976,132.14083290100098,1.3289424777030945,1.0004892349243164,57.85599193194812,23.941772715077878,22.0967397647606,71.4582908547557,108.26886400042406,0.07903625071048737,29.47012209802575,95.69549351860823,139.7748806214874,0.2427075020968914,26833.197265625,3303.8199462890625,11193.5,36.605000019073486,6.7,142731.0,773000.0,260.911,105.578,76.9,533941.0,1553.0,1714.0,18979.1,-0.84,0.09,0.0,37.78,27747798.0,20771.691,69.71428571428571,18530762.5,11,4,2020
2020-11-09,15809.970703125,113.1894583622554,0.10361924953758717,482.68250274658203,82.90249824523926,161.74574661254883,95.88742312109024,116.53186462520317,0.7201676219701767,262.67398834228516,39.03750038146973,1.1055421233177185,36.8174991607666,0.002673249982763082,5.1445008516311646,436.0244445800781,1.1811864078044891,1.3087676763534546,1933.0750427246094,86.13058598059567,3.1288750171661377,40.70150486604945,0.009635154623538256,12.122061014175415,59.52968406677246,2.3675000071525574,284.0462737708231,209.73269576956244,17.998000144958496,3.0087499618530273,13.986008041330516,883.1750030517578,279.87293913740626,3.605000078678131,25.220499992370605,92.5716100210375,107.10583640599074,0.025132250040769577,141.01666641235352,1.3026374578475952,1.0007882714271545,61.397123819175896,24.440168167444167,22.86171523860394,74.80080431104457,114.49717356983896,0.080485749989748,30.41351449971152,101.04518115219334,145.1635826380175,0.2507667504251003,27958.28271484375,3456.91748046875,11814.21240234375,28.264999866485596,6.7,142731.0,737000.0,260.911,105.578,76.9,533941.0,1553.0,1714.0,18979.1,-0.77,0.09,0.0,40.93,27747798.0,20771.691,81.0,18538125.0,11,4,2020
2020-11-16,17889.332763671875,115.90482732690816,0.10212099924683571,471.02249908447266,81.88500022888184,157.07625198364258,95.86806469405798,113.91058003680962,0.7260593324899673,248.87252807617188,42.61999988555908,1.0981035828590393,40.1200008392334,0.002763999975286424,5.046527981758118,451.3748245239258,1.1835830211639404,1.319946050643921,1895.4249572753906,88.04816993835848,3.1608749628067017,41.318470934357,0.009565726621076465,12.369649887084961,62.04463005065918,2.3225000500679016,276.3176960236216,209.47770870107666,19.05899953842163,2.9744999408721924,13.439107755083427,881.9250183105469,282.3129381461311,3.8199999928474426,24.490500450134277,94.68110630942542,109.41226712523451,0.025344500318169594,138.7941665649414,1.3083525002002716,1.0005132257938385,63.514035590554656,28.192784909099885,24.850193021928266,79.88682454910636,116.91622448059056,0.08072524890303612,32.28527878288526,104.5308610228331,148.29069820940032,0.265603244304657,29448.8955078125,3582.0499267578125,11914.199951171875,23.97000026702881,6.7,142731.0,738000.0,260.911,105.578,76.9,533941.0,1553.0,1714.0,18979.1,-0.81,0.09,0.013,42.71,27747798.0,20771.691,88.28571428571429,18541781.25,11,4,2020
2020-11-23,18024.2421875,115.37738372357362,0.13547774776816368,463.78250885009766,83.96500015258789,155.75925064086914,100.07987230778818,119.32412645973231,0.7283421903848648,279.41809463500977,44.437499046325684,1.0973483324050903,41.727500915527344,0.0032687499769963324,5.929003357887268,535.2525863647461,1.1855316460132599,1.3263696432113647,1872.3999938964844,87.04783047164847,3.269249975681305,41.18513134686035,0.009606001665815711,14.134406328201294,78.89576148986816,3.1550000309944153,270.72405107634273,204.08715333041502,21.585750579833984,2.6780000925064087,13.183917963569247,946.8249816894531,282.7333838620502,5.5899999141693115,24.37874984741211,96.56589828659412,111.34485257298712,0.028325499966740608,157.66000366210938,1.3088324666023254,0.9994420111179352,63.75178655116061,30.020927010684822,25.18890410125127,81.18979143313659,116.23677177680938,0.10013975203037262,31.910069880296046,102.29405392753574,148.69331324902515,0.41183874011039734,29429.90771484375,3571.8575439453125,11925.667724609375,23.395000457763672,6.7,142731.0,793000.0,260.911,105.578,76.9,533941.0,1553.0,1714.0,18979.1,-0.85,0.09,0.485,45.0,27747798.0,20771.691,90.28571428571429,18549112.5,11,4,2020
2020-11-30,19178.634765625,113.15763049455938,0.15969574823975563,473.1600036621094,86.42500114440918,158.40412139892578,106.731818292523,127.46940732951292,0.7345446944236755,297.2743682861328,47.58250045776367,1.1024665534496307,44.902499198913574,0.0035329999518580735,6.574223637580872,564.5467071533203,1.1924091577529907,1.3320334255695343,1793.0750122070312,88.09420316957801,3.366249978542328,42.59088707385229,0.009605497354641557,13.587867736816406,79.3178768157959,4.572500169277191,273.79209906824235,206.17463413121078,25.922249794006348,2.8244999647140503,13.16522423846061,955.5999908447266,288.30132157294,6.5299999713897705,22.763750076293945,99.21425793740767,114.15028789423549,0.0319042494520545,189.3408317565918,1.3017249703407288,1.0007555186748505,65.32233113751965,32.36841170609619,26.041437403588432,82.79345744815697,117.46796594135174,0.17999275028705597,31.642067135190622,101.65797948797284,151.7408383042757,0.6038107499480247,29817.51708984375,3618.445068359375,12160.1650390625,21.28749990463257,6.7,142731.0,737000.0,260.911,105.578,76.9,533941.0,1553.0,1714.0,18979.1,-0.93,0.09,0.006,46.84,27747798.0,20771.691,89.28571428571429,18556431.25,11,4,2020
2020-12-07,18829.03173828125,118.45668695917865,0.15953950211405754,483.50250244140625,92.7450008392334,158.74574661254883,111.46447770497544,131.66932197191926,0.7417524456977844,292.37164306640625,48.78250026702881,1.1175568997859955,45.779998779296875,0.003405999974347651,6.302074670791626,600.5213012695312,1.2090635895729065,1.3427839577198029,1820.4250183105469,90.05929876164802,3.4892499446868896,46.08268871140177,0.009600051445886493,13.593504905700684,84.11361694335938,5.6625001430511475,279.23152110205444,206.65457192734252,32.84849977493286,2.6520000100135803,13.40134674212418,1044.4249572753906,294.48405969646717,9.37250006198883,23.726499557495117,104.16420083204166,119.70978758573396,0.0312605001963675,195.5908317565918,1.2832324802875519,1.0009944587945938,65.4023366140861,33.214423096656105,26.456181201125148,82.80043049937953,120.3182781032029,0.17907924950122833,31.803945653991747,104.04392104991027,151.9988797325685,0.616386741399765,30029.60498046875,3672.95751953125,12421.70263671875,21.110000133514404,6.7,142548.0,873000.0,262.045,105.904,80.7,538548.0,1635.0,1744.0,19133.2,-0.94,0.09,0.001,48.63,27747798.0,20771.691,93.28571428571429,18563756.25,12,4,2020
2020-12-14,22544.23974609375,119.88033203714085,0.14935924857854843,479.98250579833984,91.83250045776367,156.12237548828125,118.90931811261463,136.66407077524286,0.7498473525047302,274.1788330078125,49.78000068664551,1.1243801712989807,46.45750045776367,0.003230250091291964,6.028832316398621,578.8106842041016,1.2115730345249176,1.3266883790493011,1844.050048828125,88.48222113747185,3.525874972343445,45.17187854937317,0.00960580282844603,12.711235284805298,80.23975944519043,5.009999990463257,275.16313771425064,205.6175332681275,29.891249656677246,2.5450000762939453,13.110705705505493,1026.3249816894531,294.165694591861,9.242499828338623,24.157249927520752,103.56857024124983,118.96852870042,0.02910675061866641,203.38666915893555,1.2771050035953522,1.000172272324562,64.99313159288204,34.238429021905844,26.29028543975342,82.8097617944108,120.15927426721296,0.16733774915337563,31.249700330133802,104.25129293078831,150.99827301802367,0.5332605019211769,30058.3193359375,3668.1774291992188,12407.074951171875,22.964999675750732,6.7,142548.0,886000.0,262.045,105.904,80.7,538548.0,1635.0,1744.0,19133.2,-0.98,0.09,0.1,50.27,27747798.0,20771.691,91.42857142857143,18571093.75,12,4,2020
2020-12-21,25748.19921875,123.1818778114677,0.16202175244688988,496.3675079345703,95.41749954223633,159.91012954711914,122.3028273698088,143.24226201000613,0.7594421654939651,332.4568634033203,51.54249954223633,1.1306320428848267,48.29249858856201,0.004276500083506107,6.428457975387573,631.8835754394531,1.2225994765758514,1.3488774001598358,1872.574951171875,86.5517010633841,3.5979999899864197,43.72996030000391,0.009670550003647804,13.23360276222229,108.02994346618652,8.552500128746033,273.8866322861147,209.89346942735818,30.027750968933105,2.6800000071525574,13.234815629202508,1036.7750244140625,300.17346993110357,10.212500095367432,25.51574993133545,104.78159328548301,120.17832012031165,0.030947749968618155,224.1666717529297,1.2763350009918213,0.9997872561216354,65.56005970059516,33.43220263228541,26.25111397196961,82.74216082651094,122.89874829836626,0.1800832524895668,31.29258210480652,104.85938868635495,153.7251369412939,0.5520132482051849,30137.71044921875,3697.8399658203125,12674.019775390625,22.369999885559082,6.7,142548.0,815000.0,262.045,105.904,80.7,538548.0,1635.0,1744.0,19133.2,-1.0,0.09,0.435,50.61,27747798.0,20771.691,92.42857142857143,18574768.75,12,4,2020
2020-12-28,31539.97607421875,127.42106955765686,0.15077750012278557,499.53499603271484,92.35749816894531,159.22937774658203,128.12823024278833,145.82367976000083,0.7603198438882828,330.59864807128906,51.02500057220459,1.1173938810825348,47.80999946594238,0.00453550013480708,5.839290976524353,659.2606201171875,1.2246439754962921,1.3394136726856232,1882.2000122070312,85.91959582131574,3.5492499470710754,42.143400258972946,0.009670711355283856,11.505088090896606,122.40582847595215,11.242500066757202,267.26539078675927,214.25868416392515,32.08600091934204,2.5892499685287476,13.039762558612528,1023.125,299.76515118691367,12.922499895095825,25.971750259399414,103.39338346805349,119.54032209291877,0.02840799978002906,217.1891632080078,1.285147488117218,0.9986339956521988,65.16228357681175,31.85326482013365,26.54374049492757,81.7795005720418,123.62398218853477,0.14575824700295925,30.73254735706638,103.51729111919316,151.99160411342132,0.3388020060956478,30114.85205078125,3688.4600219726562,12664.320068359375,23.977499961853027,6.7,142548.0,773000.0,262.045,105.904,80.7,538548.0,1635.0,1744.0,19133.2,-1.03,0.09,0.901,50.88,27747798.0,20771.691,91.0,18582087.5,12,4,2020
2021-01-04,36845.59423828125,130.86180429587506,0.1930285058915615,500.2925033569336,91.49749946594238,162.9650001525879,122.38002455327687,141.6612298895693,0.7793287187814713,402.12650299072266,51.53499984741211,1.124205231666565,48.375,0.009421749855391681,6.32310688495636,910.1965484619141,1.2181127667427063,1.36184960603714,1890.2999877929688,87.35424244546891,3.5312499403953552,44.47805184191017,0.009677674388512969,13.028759956359863,151.3667507171631,11.289999723434448,271.8413395334543,215.05213459981616,38.027000427246094,2.465749979019165,12.987589087614355,1068.9500122070312,304.95886580945296,16.709749937057495,26.405500411987305,105.5162394515298,121.04354885786495,0.02885025041177869,232.08832931518555,1.2674799859523773,1.000101000070572,66.18170445701388,32.25380518216795,27.205012028530213,82.61168070157169,125.67968302495561,0.13786650262773037,31.61758144798962,105.7386009010817,154.8675718530234,0.23313575237989426,30531.16796875,3748.842529296875,12862.28515625,22.552499771118164,6.4,142913.0,803000.0,262.639,106.244,79.0,559230.0,1639.0,1883.0,19359.7,-1.08,0.09,0.001,50.37,28132570.0,21058.379,93.14285714285714,18589418.75,1,1,2021
2021-01-11,35524.64013671875,127.9802880174605,0.2893960066139698,484.2475051879883,93.75500106811523,159.60699844360352,135.9937948800262,151.38334761457173,0.7752746194601059,556.2263793945312,54.71500110626221,1.1317271292209625,51.102500915527344,0.009754749713465571,8.388745069503784,1196.1812286376953,1.2245410084724426,1.359454721212387,1865.5499877929688,88.21724234149288,3.653125047683716,46.40362434261062,0.009650044841691852,15.884546995162964,167.90849685668945,22.919999837875366,266.28250109440705,210.82678334348702,50.9612512588501,2.684000015258789,13.163378347944317,1077.25,307.4180175503193,23.980000019073486,25.32925033569336,111.09681526639416,126.89009878185414,0.03245525062084198,280.1433296203613,1.2696100175380707,1.0005357712507248,69.31551467119209,34.45230314953496,28.24512274013704,83.18744327559617,125.27879748205999,0.27768150717020035,31.057253072965445,108.511037069659,160.38461631625026,0.30542250722646713,30817.79052734375,3784.68994140625,12965.2275390625,23.432499885559082,6.4,142913.0,890000.0,262.639,106.244,79.0,559230.0,1639.0,1883.0,19359.7,-0.91,0.09,0.0,54.84,28132570.0,21058.379,92.71428571428571,18596756.25,1,1,2021
2021-01-18,32822.00537109375,125.17204142801742,0.3470975011587143,464.0599899291992,90.87750053405762,156.05562210083008,139.82739467841452,153.11577776810515,0.7747946381568909,492.07421112060547,55.5674991607666,1.123777151107788,52.53750038146973,0.00873349979519844,7.632479310035706,1168.8301696777344,1.2115635871887207,1.3583548069000244,1835.8250122070312,86.47817640830715,3.609499990940094,51.22659560625509,0.009626833721995354,20.628347873687744,142.7282314300537,22.824999809265137,251.51462261414,206.500191688685,56.30624961853027,2.740499973297119,13.097674666138836,1083.1499633789062,304.7885522442457,25.27500057220459,25.030250549316406,114.52763292492494,130.74141550732642,0.03007899969816208,276.9949951171875,1.2729074954986572,0.999078243970871,69.61417985327874,36.24336179519346,28.722325873818114,83.4238319496541,123.79358128033714,0.28525475785136223,31.217078147577045,109.47027749147179,160.85076626193174,0.2830442562699318,30866.2421875,3777.4300537109375,12850.752197265625,24.03499984741211,6.4,142913.0,844000.0,262.639,106.244,79.0,559230.0,1639.0,1883.0,19359.7,-0.99,0.09,0.0,54.21,28132570.0,21058.379,82.14285714285714,18604093.75,1,1,2021
2021-01-25,33500.52978515625,133.06930982560328,0.346695251762867,468.6425018310547,92.1924991607666,162.8626251220703,144.06183806135675,158.8880815148072,0.7741660326719284,455.8292541503906,55.482500076293945,1.1279493868350983,52.44250011444092,0.008680250030010939,7.6199493408203125,1315.5288391113281,1.2148862481117249,1.3658081591129303,1845.3499755859375,92.68225973118972,3.6261249780654907,52.86739920920568,0.009640756295993924,23.05860424041748,143.13146209716797,19.06249976158142,268.78072825605847,215.7515380243039,57.0027494430542,2.4947500824928284,13.531471314538422,1106.9749755859375,314.34732018582304,21.75874948501587,25.446250438690186,117.59956673179646,134.46577483649355,0.02966800006106496,281.7833251953125,1.2680374681949615,1.0010262578725815,68.62396453502012,35.91656414535456,28.275234449253038,83.01424876485825,127.3412317712403,0.2724759913980961,31.848666332398512,110.21896388437658,163.79047354726433,0.27953074872493744,31032.802734375,3831.1900024414062,13256.94775390625,22.15999984741211,6.4,142913.0,799000.0,262.639,106.244,79.0,559230.0,1639.0,1883.0,19359.7,-1.03,0.09,2.2,55.44,28132570.0,21058.379,70.14285714285714,18607750.0,1,1,2021
2021-02-01,37759.41455078125,131.67498159509046,0.34266549348831177,462.57749938964844,88.0099983215332,162.010498046875,137.6511669734998,156.7122212458881,0.7660548835992813,408.71627044677734,55.86000061035156,1.1243034303188324,52.45000076293945,0.03991474979557097,7.451266646385193,1328.2671508789062,1.2131499648094177,1.3695587515830994,1850.5250244140625,91.73416592030372,3.5741249918937683,50.110116811035695,0.009573064744472504,22.806856155395508,131.2698574066162,20.53499984741211,263.33391043370693,224.47712123321082,60.920000076293945,2.601249933242798,13.115941055523589,1081.4000244140625,309.74805875224814,20.631250381469727,26.576250076293945,112.15160282218028,128.0557169320839,0.03341675037518144,272.29666900634766,1.2779575288295746,1.0011224895715714,65.7130342453902,34.04911331932979,27.103085764293116,80.24772426784857,125.79318272821024,0.3024839982390404,32.09103809099095,108.3472743414032,158.71545864930624,0.4324655085802078,30235.73974609375,3748.375,13064.972412109375,31.47249984741211,6.2,143422.0,803000.0,263.573,106.477,76.8,544891.0,1407.0,1715.0,19596.7,-1.02,0.08,0.012,56.42,28132570.0,21058.379,73.14285714285714,18615075.0,2,1,2021
2021-02-08,46249.6357421875,132.32209032806162,0.5908022522926331,484.79000091552734,87.4850025177002,167.16662216186523,144.36429751154526,167.34587130642305,0.7613176554441452,442.28711700439453,58.27250003814697,1.113385945558548,55.65749931335449,0.06777899991720915,8.231433033943176,1564.8310852050781,1.2047160267829895,1.370108187198639,1819.1250305175781,101.12739446373436,3.6142499446868896,52.241361550528154,0.009501397144049406,24.54594659805298,148.01538467407227,22.33750009536743,263.834055855049,231.98716595577645,75.1014986038208,2.8737499117851257,13.46870061056814,1122.2000122070312,319.22898223512794,22.459499835968018,27.5482497215271,114.32812193927592,130.5678359293947,0.03509249910712242,281.70999908447266,1.2777499854564667,1.0011115223169327,66.85946806338113,35.451818968904064,28.245119495902443,82.46655350622862,129.4905738163329,0.36966025084257126,32.67309641055675,108.30283522787246,164.2928795613744,0.4812515005469322,30890.90771484375,3848.4600830078125,13458.494873046875,24.140000343322754,6.2,143422.0,812000.0,263.573,106.477,76.8,544891.0,1407.0,1715.0,19596.7,-1.03,0.08,0.002,60.17,28132570.0,21058.379,81.14285714285714,18622406.25,2,1,2021
2021-02-15,54939.484375,132.62741231866005,0.8261115103960037,496.7199935913086,92.43499946594238,164.42162322998047,152.8356338634805,180.1018640808889,0.7735368460416794,657.413330078125,61.8100004196167,1.119441658258438,58.94000053405762,0.06668549962341785,14.541767597198486,1763.3379211425781,1.2104100584983826,1.380862295627594,1825.8249816894531,103.96917270349248,3.7663750052452087,55.49618986340103,0.009524296736344695,31.555922508239746,201.54710388183594,35.8924994468689,268.6836865806243,235.55408135366352,106.84074974060059,2.9024999737739563,14.696594643441184,1235.4000244140625,326.01705281494156,44.29749917984009,27.2814998626709,121.824844552841,138.3179144554823,0.0517809996381402,274.6116714477539,1.2708375453948975,1.0011437386274338,68.0128164279909,37.599383576145996,29.090646796491548,84.20088873234505,133.08655327922395,0.5022609978914261,33.25838907199907,109.36265429425735,164.96920301524338,0.5595349967479706,31412.955078125,3922.95751953125,13740.89501953125,20.869999885559082,6.2,143422.0,802000.0,263.573,106.477,76.8,544891.0,1407.0,1715.0,19596.7,-1.01,0.08,0.001,63.58,28132570.0,21058.379,93.14285714285714,18629768.75,2,1,2021
2021-02-22,47762.63671875,127.94409653109781,1.0280282646417618,485.2125015258789,90.11750030517578,163.54437255859375,150.24874388503383,179.82213645086802,0.7839175462722778,701.3616027832031,63.35499954223633,1.1178883910179138,59.83250045776367,0.05597950052469969,15.526197671890259,1897.8488159179688,1.2108549773693085,1.3975630104541779,1784.8250427246094,104.57739678464827,4.025125086307526,56.8263501008219,0.009479108965024352,33.36085224151611,223.13536834716797,44.167500495910645,263.72455520643217,233.5137546613172,97.20025253295898,3.1075000166893005,14.91090537294751,1281.7749938964844,323.47755771011805,69.12750053405762,27.278500080108643,123.07307929236633,139.98513045220864,0.05738550052046776,262.1341552734375,1.2640250027179718,1.000281736254692,68.62167901463289,39.133666021563656,29.892153369176725,84.7392195271562,131.82830975798143,0.49285750091075897,33.09225637526797,107.77876177356536,163.84845495937438,0.5449030101299286,31480.37255859375,3912.219970703125,13629.625,22.292499542236328,6.2,143422.0,702000.0,263.573,106.477,76.8,544891.0,1407.0,1715.0,19596.7,-0.79,0.08,1.1,64.73,28132570.0,21058.379,92.85714285714286,18633431.25,2,1,2021
2021-03-01,50015.9033203125,119.98854261780166,1.229228988289833,461.70250701904297,84.17000198364258,155.6860008239746,132.22655295418477,160.58596620206492,0.7859949618577957,511.4199447631836,65.6374979019165,1.1049514710903168,61.40750026702881,0.04974500089883804,11.416671514511108,1517.2559509277344,1.211559236049652,1.3991971909999847,1746.5750122070312,101.04652404542426,4.1579999923706055,55.541663305376936,0.009420149028301239,26.171700954437256,177.97223281860352,31.96250009536743,257.9691869403239,224.94330863768,77.32749938964844,2.8172499537467957,13.908046264716317,1207.625,308.47227944840535,49.36999988555908,26.8122501373291,117.60200250077182,134.32187345418563,0.04738699924200773,228.20833206176758,1.2671074867248535,1.0010317414999008,68.17825288875503,41.06690652099055,30.26511403197531,85.44606833830099,126.74472265200617,0.4145984873175621,32.77234158792486,105.96085835865956,156.98355612401855,0.4622647389769554,31196.43701171875,3835.1224365234375,13006.0927734375,27.09250020980835,6.1,144246.0,704000.0,264.847,106.898,84.9,603581.0,1668.0,1732.0,19823.4,-0.71,0.07,0.0,64.56,28132570.0,21058.379,64.71428571428571,18640762.5,3,1,2021
2021-03-08,57448.6376953125,119.62171834677649,1.1625744700431824,444.79248809814453,79.5474967956543,150.56799697875977,117.72816237249344,144.81124644934079,0.7724217474460602,511.4490280151367,67.68750095367432,1.0813522338867188,64.45999813079834,0.05113000050187111,11.25624966621399,1648.4119873046875,1.1960915327072144,1.3868201673030853,1707.0,103.18591953783674,4.071249961853027,55.1460199522318,0.009264960652217269,28.286276817321777,185.43589782714844,31.042500495910645,260.9625436974096,223.57999147567332,64.8797492980957,2.7425000071525574,12.59867671324278,1148.4999694824219,301.6988100708856,42.96749973297119,25.60225009918213,112.31341557139524,128.67631720908489,0.05048200022429228,204.70833206176758,1.2652499973773956,1.0005625188350677,68.80545590756587,44.14606992699032,31.036507899908536,86.73571753121166,125.04695517609655,0.4129977524280548,32.05411394208076,105.41808058339868,151.88928241944134,0.4601157531142235,31302.11767578125,3830.4299926757812,12711.75732421875,25.917500019073486,6.1,144246.0,693000.0,264.847,106.898,84.9,603581.0,1668.0,1732.0,19823.4,-0.62,0.07,0.025,68.0,28132570.0,21058.379,78.71428571428571,18648081.25,3,1,2021
2021-03-15,57285.7158203125,117.75083041226179,1.0815707743167877,440.8624954223633,79.4625015258789,153.27587890625,120.91505618928883,149.13888419779977,0.7739616930484772,556.2123260498047,69.07999992370605,1.0753669142723083,65.58250141143799,0.05797699932008982,12.71550989151001,1829.4290466308594,1.1934037804603577,1.3911709785461426,1712.5499877929688,102.24778883033446,4.11237508058548,56.7626901132778,0.00918697752058506,29.154993534088135,210.00864791870117,38.25250005722046,266.1830083553101,226.69100631421952,74.87500095367432,2.6294999718666077,12.548184542920694,1188.3749694824219,304.41355160991964,57.2475004196167,25.792499542236328,111.05787689731966,127.90861428508117,0.05137749947607517,222.0083351135254,1.2528949677944183,0.9999542683362961,71.66354221850708,45.25593098146868,31.97006026064241,89.92350537072079,125.99120689405142,0.3986252471804619,33.39414674256197,106.92011221189036,158.7468890147684,0.4512214958667755,32465.68798828125,3916.550048828125,12820.002685546875,22.59999990463257,6.1,144246.0,699000.0,264.847,106.898,84.9,603581.0,1668.0,1732.0,19823.4,-0.65,0.07,0.003,68.78,28132570.0,21058.379,74.28571428571429,18651731.25,3,1,2021
2021-03-22,55307.3857421875,119.07145477759646,1.2139357328414917,444.5449981689453,80.11499786376953,154.24499893188477,121.4068619890283,150.37192689394618,0.7765649855136871,531.5656280517578,65.12499809265137,1.0773952901363373,61.859999656677246,0.05731250066310167,12.178821086883545,1792.8367004394531,1.194148302078247,1.3888469636440277,1738.7250366210938,101.64566446137118,4.117499947547913,58.27474402544869,0.009178450098261237,29.132931232452393,201.6834259033203,41.7524995803833,284.04127707253735,224.83216540933958,76.53375244140625,2.5145000219345093,12.924603004655834,1203.4500122070312,306.81174916884095,60.63750076293945,26.22725009918213,114.20766775935081,132.27363397604285,0.06089999992400408,220.6283302307129,1.2483899593353271,1.0013409852981567,71.82437603499326,42.764586543993886,31.872765414258765,90.67014681373851,126.37039672509437,0.4050864949822426,33.77637933561839,107.64304686720432,161.02712015773648,0.504786491394043,32747.1982421875,3924.205078125,12933.8828125,21.005000591278076,6.1,144246.0,627000.0,264.847,106.898,84.9,603581.0,1668.0,1732.0,19823.4,-0.64,0.07,22.242,63.89,28132570.0,21058.379,71.85714285714286,18659050.0,3,1,2021
2021-03-29,58230.9091796875,118.75351426879433,1.1793172359466553,463.2024917602539,77.76250076293945,153.52575302124023,114.06667957143601,140.62491150371437,0.7626881152391434,500.7502212524414,63.617499351501465,1.0689916014671326,60.27250099182129,0.05370625015348196,11.815683841705322,1688.7626647949219,1.1841940879821777,1.3782483339309692,1730.875,100.93182424204517,4.064249932765961,58.699951562699454,0.009144201641902328,26.771124362945557,184.64860153198242,36.24499988555908,284.53396293248596,228.22598602600073,64.72500038146973,2.5459999442100525,12.806996029463722,1172.875,306.89449898805617,49.06500053405762,25.160999298095703,115.51796563577315,133.18599703311276,0.06211824715137482,211.41083145141602,1.2577349841594696,1.0010569989681244,72.36198893222836,42.14916653581684,31.543822969914043,91.03994020270119,126.99830653026102,0.39372149109840393,34.295449521192715,108.6888714566233,159.949813506019,0.5433537364006042,32828.9990234375,3945.1925048828125,12941.70751953125,19.987500190734863,6.1,144246.0,658000.0,264.847,106.898,84.9,603581.0,1668.0,1732.0,19823.4,-0.63,0.07,40.354,64.06,28132570.0,21058.379,65.14285714285714,18666387.5,3,1,2021
2021-04-05,59322.654296875,119.59969532352278,1.1987584829330444,478.8050003051758,79.58499717712402,156.41112518310547,116.83676627223632,143.62174736084415,0.7608525902032852,557.8564224243164,64.4350004196167,1.0612952709197998,61.00500011444092,0.05929700005799532,14.155482769012451,2005.603515625,1.1754677295684814,1.3805613219738007,1714.5750122070312,104.5098397807248,4.012749910354614,58.52259364811831,0.009055852191522717,30.40441131591797,202.45026397705078,46.76999855041504,294.7159877747285,231.72859619894024,68.83150100708008,2.6239999532699585,13.517497451902312,1194.3499755859375,313.3547492773879,52.04599952697754,24.69249963760376,120.8527827889568,139.16897706573727,0.11290375143289566,217.2441635131836,1.256262481212616,1.004091739654541,73.2766666150377,42.85373576351778,31.906997077621234,92.65601924060088,129.8123477444679,0.434213250875473,35.015173069901294,109.5849248544559,162.65467281658186,0.6228884905576706,33117.6376953125,4000.905029296875,13197.619873046875,18.425000190734863,6.1,144611.0,645000.0,266.625,107.549,88.3,608961.0,1492.0,1738.0,20160.7,-0.62,0.07,3.45,63.85,28529436.0,21389.005,73.42857142857143,18673706.25,4,2,2021
2021-04-12,57531.25,127.6873161267512,1.2598707377910614,498.29500579833984,82.41500091552734,165.9729995727539,121.02203051171767,149.10216667522124,0.7628858685493469,668.4929656982422,62.98750019073486,1.0763270556926727,59.44250011444092,0.07124399859458208,19.2142915725708,2114.4381103515625,1.1866561770439148,1.3752914369106293,1741.6250305175781,111.47355147140935,4.078374981880188,61.30569370289953,0.009111631661653519,33.24045276641846,243.17791366577148,50.32499980926514,308.91410070282564,244.2379646278423,70.25099754333496,2.5302500128746033,14.213283647412725,1216.8250122070312,326.2825051476834,51.202500343322754,25.238500595092773,124.19844382338675,143.5511168255381,0.12450300343334675,227.50333404541016,1.2547124922275543,1.0016522407531738,73.77040077839608,41.723509828566506,32.560825915489644,93.95665580654875,135.87470843353324,0.5666222646832466,35.38587522215193,110.36906608358291,169.30064276752674,1.2117765098810196,33658.61328125,4105.3798828125,13740.0595703125,16.99500036239624,6.1,144611.0,571000.0,266.625,107.549,88.3,608961.0,1492.0,1738.0,20160.7,-0.64,0.07,30.221,62.38,28529436.0,21389.005,72.85714285714286,18681018.75,4,2,2021
2021-04-19,50672.01171875,130.58290100220006,1.3019349873065948,518.510009765625,81.54750061035156,169.46100234985352,122.77161652262387,151.93115862568646,0.7706974297761917,949.4853668212891,65.83249759674072,1.085697591304779,62.21750068664551,0.2868847567588091,35.68136978149414,2258.3991088867188,1.1958178579807281,1.3795141279697418,1764.8999938964844,113.07588714765562,4.153499960899353,59.498040871967746,0.009176027961075306,38.202887535095215,279.88989639282227,42.515000343322754,305.74403443782893,250.69450941391307,73.85849952697754,2.6472500562667847,15.509197382926871,1193.3999633789062,331.7822271769221,48.40749931335449,25.775500774383545,122.80664668941837,142.02329905386725,0.1468989960849285,245.2033348083496,1.2527324855327606,1.0067704916000366,75.67153012931179,41.60985653393301,32.83305044197496,94.79244444539631,138.0842737914908,0.560749240219593,36.07026538239338,113.20044097279676,173.15704438777652,1.487914502620697,34050.9833984375,4169.267578125,13970.45751953125,16.447499990463257,6.1,144611.0,566000.0,266.625,107.549,88.3,608961.0,1492.0,1738.0,20160.7,-0.73,0.07,53.798,66.54,28529436.0,21389.005,76.42857142857143,18684693.75,4,2,2021
2021-04-26,55140.8232421875,130.9546512633342,1.108528509736061,514.9350128173828,81.8325023651123,167.73925018310547,120.08883024019079,146.46047135811386,0.779222384095192,812.7380828857422,66.22000122070312,1.0922386050224304,62.28499984741211,0.27441050484776497,30.82725238800049,2333.3394775390625,1.2059610188007355,1.3892488181591034,1778.5,113.78474583472901,4.302249908447266,54.82542024924932,0.009259324986487627,33.754072189331055,237.15576934814453,32.51249980926514,300.0857048492636,251.3277325844018,61.51350021362305,2.724000036716461,15.245549540189815,1222.7749938964844,330.17570088241587,38.40999984741211,26.137499809265137,120.5997189711114,139.17384307656866,0.11043225042521954,242.03083419799805,1.2513024806976318,0.999967023730278,76.18143852800584,40.78846178595589,32.73998195235218,94.83472267730909,137.63173244284903,0.4413987621665001,36.85444473617531,115.55756250857641,171.52882419229084,1.123992994427681,33989.091796875,4168.222412109375,13906.320068359375,17.835000038146973,6.1,144611.0,574000.0,266.625,107.549,88.3,608961.0,1492.0,1738.0,20160.7,-0.78,0.07,100.916,65.5,28529436.0,21389.005,51.57142857142857,18692025.0,4,2,2021
2021-05-03,57224.5751953125,129.87615294396676,1.2865150272846222,511.0699996948242,83.46500015258789,172.74724960327148,120.3765293580883,146.494536631754,0.7740449011325836,933.2389831542969,67.0049991607666,1.0952282845973969,63.32250118255615,0.35003675147891045,41.33138561248779,2799.329833984375,1.2053488790988922,1.3855521380901337,1770.5500183105469,117.24619546428032,4.532750129699707,52.672149883912056,0.00918718334287405,37.96189880371094,259.5846366882324,36.342498779296875,319.2653042337527,245.72698096869584,65.78300189971924,2.8832499980926514,15.137050717733421,1212.0,330.49018180249493,41.80625057220459,25.996500492095947,119.56804719541609,137.59280637660402,0.12227975204586983,236.19332885742188,1.2331575155258179,1.0000659972429276,76.76513552009908,42.34117345502682,33.647424364684056,95.74092565682952,136.14093223383335,0.5234097465872765,37.399524904896765,114.40716177675874,172.73609743627975,1.4518035352230072,33910.7314453125,4188.992431640625,13907.77490234375,18.285000324249268,5.8,145032.0,517000.0,268.404,108.103,82.9,605282.0,1607.0,1681.0,20427.0,-0.79,0.06,129.724,67.73,28529436.0,21389.005,58.142857142857146,18695687.5,5,2,2021
2021-05-10,49098.7060546875,127.46231042827588,1.6574620306491852,491.2800064086914,79.02249908447266,166.46337890625,109.80273774746044,135.33668078257168,0.7807189524173737,1347.6600494384766,68.14999961853027,1.1059905886650085,64.8675012588501,0.5628345161676407,113.7966365814209,3697.5310668945312,1.2121258676052094,1.3939548432826996,1819.9750061035156,116.22047912233892,4.6872498989105225,52.105977457009494,0.00919181271456182,48.92609214782715,357.46582794189453,33.08500003814697,318.4566076204753,242.68362813679246,62.54750156402588,2.9542499780654907,14.686827235125072,1246.6750183105469,325.3536829816736,35.71999931335449,27.108500003814697,117.46330874079429,134.74417438200248,0.14319750107824802,225.0616683959961,1.218304991722107,1.0000290423631668,80.16134362262598,45.20423765066117,34.75962107231709,98.24835075149755,134.09351449884724,0.6107717379927635,37.090237897772376,116.1163194630609,171.58686469378213,1.5420175194740295,34533.1484375,4207.95751953125,13697.592529296875,17.977500438690186,5.8,145032.0,494000.0,268.404,108.103,82.9,605282.0,1607.0,1681.0,20427.0,-0.91,0.06,175.548,68.61,28529436.0,21389.005,65.28571428571429,18703025.0,5,2,2021
2021-05-17,36711.5546875,124.12666800563565,2.1463282704353333,482.66500091552734,74.99499893188477,160.7021255493164,101.86009341224798,124.88181630598056,0.775910273194313,1268.6072082519531,68.53750038146973,1.1079593896865845,65.11500072479248,0.49416376650333405,98.91553115844727,3722.07861328125,1.2131299376487732,1.409146010875702,1833.875,112.97710845239236,4.712125062942505,50.64013442738184,0.009156537940725684,43.07811737060547,321.64622497558594,23.90749979019165,310.2677266578179,238.36638897807856,53.41374969482422,2.9547500014305115,14.1554146167333,1227.3000183105469,317.3405946814588,26.530000686645508,27.36900043487549,113.21736559986677,129.98518888933484,0.12380100041627884,200.34833526611328,1.2109175324440002,0.9999875277280807,80.86504862868502,45.744677344103906,35.03186308308407,98.04175025359055,131.01272264892233,0.6939215064048767,36.81999598883132,115.9073567732967,165.7683982557285,1.435102492570877,34352.7587890625,4160.2425537109375,13350.4775390625,20.90499973297119,5.8,145032.0,467000.0,268.404,108.103,82.9,605282.0,1607.0,1681.0,20427.0,-0.9,0.06,208.96,69.62,28529436.0,21389.005,37.142857142857146,18710325.0,5,2,2021
2021-05-24,36414.7685546875,122.90912628173827,1.5009762346744537,486.0925064086914,76.47749900817871,161.27700424194336,103.24206323757998,125.79886848515834,0.7768150120973587,687.8025817871094,66.92000007629395,1.1124739944934845,63.932501792907715,0.379785992205143,59.85603427886963,2386.0985107421875,1.2184684574604034,1.4154002368450165,1871.3999633789062,113.61418892534697,4.5647499561309814,50.951283659582046,0.009177343221381307,24.94798183441162,180.93156051635742,21.339999675750732,312.51708436116616,236.2319444709675,45.42199897766113,2.9639999866485596,14.653716131844565,1186.4750366210938,317.2040794549274,23.522500038146973,27.753999710083008,114.51303811184832,131.76666939326063,0.0755042489618063,192.11832809448242,1.2065874934196472,1.0009940266609192,80.16594929465644,45.13990225698592,34.85502013274929,96.61664795915681,131.08531226325238,0.4309152588248253,36.978369320800596,116.440299247994,163.10468075043605,0.9871232509613037,34076.240234375,4140.462463378906,13347.91748046875,21.267499446868896,5.8,145032.0,441000.0,268.404,108.103,82.9,605282.0,1607.0,1681.0,20427.0,-0.83,0.06,394.941,68.59,28529436.0,21389.005,15.714285714285714,18717643.75,5,2,2021
2021-05-31,36361.4140625,122.99979207911005,1.564337968826294,503.13499450683594,79.51250076293945,161.90462493896484,109.48552306657425,132.96013022539435,0.7740295827388763,668.6090393066406,68.88999938964844,1.112580418586731,65.94749927520752,0.316562756896019,66.25661087036133,2445.7465209960938,1.2196558713912964,1.41706582903862,1898.0750122070312,117.12390655259757,4.62987494468689,52.28048401297478,0.009123273193836212,27.219035625457764,172.7059326171875,24.4350004196167,325.78207764353516,242.2385039715706,47.232749938964844,2.96150004863739,15.94919289689371,1183.0000305175781,324.31028734771417,26.65749979019165,27.890750408172607,120.24082807515815,138.37486000106531,0.0726187489926815,204.97332763671875,1.2079474925994873,1.0004439651966095,80.37591098301804,44.74528498963204,35.20402968389822,98.32582868341225,133.96279380143596,0.39176199585199356,37.82506939202036,116.28534521308657,166.53772083730843,0.9096882343292236,34485.9697265625,4199.1849365234375,13659.73486328125,17.482500076293945,5.8,145032.0,427000.0,268.404,108.103,82.9,605282.0,1607.0,1681.0,20427.0,-0.84,0.06,479.498,69.36,28529436.0,21389.005,19.714285714285715,18721293.75,5,2,2021
2021-06-07,37158.23583984375,122.74991276248207,1.6930887699127197,500.70999908447266,81.5825023651123,160.5931282043457,108.23387889221216,132.76796563340537,0.7688242048025131,671.6797027587891,71.17999839782715,1.1118055880069733,68.85250282287598,0.3706335052847862,65.5581464767456,2650.2363891601562,1.2173365950584412,1.4164561033248901,1887.4500122070312,118.38014992137674,4.555499911308289,52.310228648449,0.009118041954934597,28.395826816558838,178.74313354492188,24.522500038146973,327.61593379270374,241.37115583802722,48.50749969482422,3.088499963283539,17.141032962781843,1171.5249938964844,325.5804296597294,29.104999542236328,27.881999969482422,121.7688780434038,139.97841421756019,0.07694599963724613,200.2599983215332,1.207482486963272,1.0007609575986862,81.00348202757759,47.329544432482145,35.734536547666444,98.89631248652253,134.742126040176,0.3940674960613251,38.85383495753129,114.70534627046378,165.8288843890938,0.9681917577981949,34674.1279296875,4215.4576416015625,13699.03955078125,16.947500228881836,5.9,145828.0,420000.0,270.71,108.595,85.5,611950.0,1638.0,1657.0,20474.7,-0.82,0.08,486.097,70.89,28529436.0,21389.005,21.428571428571427,18728612.5,6,2,2021
2021-06-14,36530.984375,124.44515274574044,1.5538665056228638,531.5924987792969,81.24249839782715,165.40550231933594,112.45848844248424,135.29045907036496,0.7739924341440201,611.0287933349609,72.29500198364258,1.1143206059932709,70.38250160217285,0.33127550780773163,58.25357437133789,2531.9315795898438,1.2133196294307709,1.4120506644248962,1882.3000183105469,120.46307941099602,4.5322500467300415,52.694572360591515,0.00912594236433506,23.854880332946777,167.44238662719727,25.522500038146973,330.78349631554624,248.1187926251284,49.76700019836426,3.2387499809265137,17.651118544630325,1154.5500183105469,331.07275808116134,30.110000610351562,28.059250354766846,121.80172506885006,139.88015906663335,0.07188599929213524,202.14583206176758,1.2124775350093842,1.0001672357320786,79.79450932954659,47.62551068719573,35.12027066811572,97.56045575998598,136.789507675252,0.34546224772930145,39.7707303916361,116.42152535676752,166.78450014317306,0.8823272436857224,34527.1904296875,4238.257568359375,13926.340087890625,16.18499994277954,5.9,145828.0,428000.0,270.71,108.595,85.5,611950.0,1638.0,1657.0,20474.7,-0.85,0.08,583.892,72.27,28529436.0,21389.005,21.142857142857142,18732287.5,6,2,2021
2021-06-21,33478.6376953125,127.51956478178792,1.444682002067566,559.2250061035156,83.50749969482422,172.70375061035156,115.45848239101473,138.64267823635907,0.7579918056726456,570.2797546386719,73.4950008392334,1.091484546661377,71.5099983215332,0.2887985035777092,52.470906257629395,2295.480224609375,1.1932437419891357,1.3888842165470123,1792.7250061035156,120.0429496734458,4.250749945640564,51.44315730693512,0.00907314638607204,22.263539791107178,158.88713836669922,29.545000553131104,330.43265834434374,250.9050493733525,62.1142520904541,3.241249918937683,18.52120104099873,1071.0999755859375,333.75924292026815,33.53000068664551,26.46624994277954,121.15935587656362,139.1457778955263,0.06846350058913231,205.7058334350586,1.2384949624538422,1.0028907358646393,75.74767243321318,45.82617069217385,33.31702587757297,94.47551704729256,137.59298713538362,0.3043282553553581,39.200414722805576,116.57645289484017,166.67807654301754,0.7945590168237686,33581.1513671875,4188.6151123046875,14037.04736328125,19.37000060081482,5.9,145828.0,422000.0,270.71,108.595,85.5,611950.0,1638.0,1657.0,20474.7,-0.75,0.08,765.141,74.49,28529436.0,21389.005,27.0,18739612.5,6,2,2021
2021-06-28,34972.087890625,129.85419307155996,1.2774114906787872,575.41748046875,85.14750099182129,171.52449798583984,121.65276598046594,145.3999025633659,0.7569900006055832,475.80306243896484,75.38750076293945,1.0895561873912811,73.37500190734863,0.2456747554242611,42.1318998336792,1981.2135009765625,1.1924161911010742,1.3892225623130798,1778.2999877929688,121.42223867719056,4.264374852180481,51.12287083399251,0.00904278620146215,18.392547369003296,131.43882179260254,27.69000005722046,337.2330958226349,255.80648880644154,55.67800045013428,3.4100000262260437,18.787590786824907,1089.5250244140625,338.98599103997486,32.24000024795532,26.04675006866455,122.60833869217498,140.9729583132418,0.06121324747800827,220.85333251953125,1.2322324812412262,1.0005592107772827,75.7822864437012,46.8641686654672,34.033666133848406,95.65406578481245,139.70575695609924,0.2548472583293915,39.14995787621607,117.54608299831497,170.95057273601768,0.6465864926576614,34170.1923828125,4255.2301025390625,14271.84716796875,16.81249976158142,5.9,145828.0,369000.0,270.71,108.595,85.5,611950.0,1638.0,1657.0,20474.7,-0.84,0.08,803.019,74.78,28529436.0,21389.005,20.0,18743268.75,6,2,2021
2021-07-05,33974.4755859375,135.5376340071338,1.4241729974746704,590.3050079345703,92.70499801635742,174.28874588012695,126.90523444468029,147.93942881922678,0.7528073936700821,518.2106475830078,75.75,1.0855547487735748,74.62750244140625,0.251543503254652,53.917860984802246,2247.837646484375,1.1876339316368103,1.3831481337547302,1776.2999877929688,123.72684251053924,4.275500059127808,51.87326580457379,0.00900661083869636,19.09123182296753,142.30303573608398,30.77250099182129,350.67475692352457,266.3216203827874,63.25200176239014,3.674749970436096,20.158150118475653,1078.9750061035156,348.27296984658597,36.552499771118164,26.29925012588501,126.23745777099303,145.02166045376774,0.06695075146853924,227.34333419799805,1.2342075407505035,0.9996835142374039,76.54458791111315,47.18495018816665,34.41842950704901,96.89157377111124,144.38906775053607,0.2706490010023117,39.42603071729436,120.29568538720582,174.56721524159587,0.6855417340993881,34645.1904296875,4333.6949462890625,14648.497314453125,15.387499809265137,5.4,146759.0,371000.0,271.965,109.062,81.2,601817.0,1600.0,1652.0,20628.7,-0.89,0.1,731.504,78.34,28428919.0,21571.421,26.0,18746918.75,7,3,2021
2021-07-12,32321.61279296875,141.0912287223958,1.361526995897293,602.2874908447266,91.17250061035156,184.0958709716797,122.85424140711424,144.13500983451763,0.7524225860834122,501.4245147705078,75.25750160217285,1.0906892716884613,74.21500015258789,0.21868449822068214,50.72885799407959,2183.5424194335938,1.1858674883842468,1.3864901661872864,1806.2999877929688,124.98819396386949,4.335874915122986,51.1960778188908,0.009072639280930161,18.8983154296875,134.92566299438477,28.232500553131104,348.903111341264,269.14669835722964,62.63825035095215,3.6725000143051147,20.127709449797486,1091.3999938964844,351.25784545056314,33.83000087738037,26.281750202178955,124.70089516924185,142.8792040671172,0.06254175025969744,218.19667053222656,1.2446050345897675,1.0003199875354767,76.42873930740421,45.7702027735009,34.05868906792639,96.95279665571076,145.99654681678552,0.2484785057604313,40.21793472301016,121.05697773835307,175.71811794983807,0.6402957588434219,34694.9072265625,4350.0174560546875,14773.782470703125,17.34500026702881,5.4,146759.0,332000.0,271.965,109.062,81.2,601817.0,1600.0,1652.0,20628.7,-0.95,0.1,776.472,76.77,28428919.0,21571.421,21.857142857142858,18754231.25,7,3,2021
2021-07-19,33856.56396484375,143.65612196080218,1.2232855260372162,605.0749816894531,87.34000015258789,181.13500213623047,116.78365955333777,138.71298090579637,0.7430062741041183,454.9756164550781,74.05749702453613,1.09010711312294,72.38749885559082,0.18816525116562843,43.72722053527832,1953.1011962890625,1.1816584169864655,1.3808037638664246,1815.375,126.61403442587611,4.320374965667725,50.85748829746178,0.009081303840503097,16.16342043876648,124.01994895935059,24.494999885559082,343.6180341806949,271.88692666301114,54.97799873352051,3.6752500534057617,18.69353108561637,1114.1750183105469,350.94787594936633,28.707500457763672,25.91225004196167,122.12048315793481,139.84648295864503,0.057452001608908176,218.3000030517578,1.2563350200653076,1.0004282295703888,75.68490214580909,43.133535291581225,33.96992285851362,96.40875875019917,146.58572701850997,0.23469549790024757,40.74667660140304,121.21958798583425,173.88876387061975,0.6015732437372208,34778.3837890625,4342.632568359375,14758.034912109375,17.885000467300415,5.4,146759.0,387000.0,271.965,109.062,81.2,601817.0,1600.0,1652.0,20628.7,-1.05,0.1,860.468,69.33,28428919.0,21571.421,20.142857142857142,18757893.75,7,3,2021
2021-07-26,39444.6953125,143.92559525181264,1.1816019713878632,620.3800048828125,90.22750091552734,180.98187255859375,118.41423301615407,141.35953051887313,0.7355199158191681,440.77833557128906,72.45749855041504,1.0878739655017853,70.38999938964844,0.19266649708151817,46.575029373168945,2075.6119384765625,1.1781672239303589,1.3715313971042633,1805.1000061035156,130.1114361740223,4.362249851226807,49.15537511717906,0.009076378075405955,16.01904845237732,121.88403511047363,23.897500038146973,360.6527697999824,277.1203000530118,53.040249824523926,3.9692500233650208,19.177723744339634,1066.2000122070312,355.5850925464669,27.510000228881836,25.225250244140625,123.37358137511215,141.4479113312987,0.05575874913483858,214.4091682434082,1.2612874805927277,1.0001642256975174,75.0662249983469,41.811947238050784,33.68493105863003,96.53594221717442,148.14230343220376,0.24998099729418755,40.659473293013214,122.74684265069388,175.3910228212964,0.5878299921751022,34740.0478515625,4367.9725341796875,14951.12255859375,18.955000400543213,5.4,146759.0,380000.0,271.965,109.062,81.2,601817.0,1600.0,1652.0,20628.7,-1.11,0.1,891.203,74.79,28428919.0,21571.421,21.142857142857142,18765212.5,7,3,2021
2021-08-02,42584.1474609375,143.08777571157597,1.3124577403068542,619.9750061035156,102.11250114440918,170.9280014038086,117.74120356236065,143.23499179639782,0.738242506980896,518.3550872802734,75.45000076293945,1.1006745100021362,73.17249870300293,0.20924775302410126,50.69584941864014,2493.4661865234375,1.185269445180893,1.3885507583618164,1813.7499694824219,133.82370013276824,4.501625180244446,49.02497083763313,0.00910581974312663,21.215599536895752,139.5901393890381,27.84749937057495,359.080186230377,276.91194179486735,63.84825134277344,3.9674999713897705,19.35822739244023,1053.8500061035156,355.89264689127407,32.77250051498413,25.38574981689453,126.24356749961738,145.09660027758977,0.06259899865835905,224.9308319091797,1.2473399937152863,1.0004172772169113,77.32781221808649,42.875721386734085,34.11475175559592,97.23069963956435,148.5204935166429,0.2760237455368042,40.968557935094836,124.2175648213508,175.81742145519755,0.708356499671936,34978.396484375,4398.2498779296875,14962.487548828125,18.52750015258789,5.1,147246.0,380000.0,272.752,109.436,70.3,605533.0,1595.0,1770.0,20811.0,-1.17,0.09,921.317,73.91,28428919.0,21571.421,50.42857142857143,18772525.0,8,3,2021
2021-08-09,46260.3447265625,143.43318526119083,1.4032804667949677,627.0399932861328,111.63500022888184,167.25812149047852,120.6863642111883,145.12990205798172,0.7365753203630447,555.8140869140625,71.61999893188477,1.097812980413437,69.52999877929688,0.23880475014448166,56.4808988571167,2915.355712890625,1.179650455713272,1.389436036348343,1777.4250183105469,134.6733796550265,4.380375027656555,49.31780688627855,0.009102121228352189,23.153103828430176,148.2821159362793,32.36000061035156,358.278954070632,279.1820267403295,71.3390007019043,4.099999904632568,20.1298873346318,992.9499969482422,358.2893266955534,34.1225004196167,24.710999965667725,130.39340403591902,149.84767549099948,0.0706382505595684,235.23083877563477,1.2530824840068817,1.0002254992723465,77.7565003854592,42.906044832814906,34.98607609311182,97.42854665454412,149.50973684416016,0.2882227450609207,41.2158166069379,125.4549243671805,175.5945554513943,0.7734237313270569,35094.53515625,4421.7149658203125,15066.880126953125,17.21999979019165,5.1,147246.0,361000.0,272.752,109.436,70.3,605533.0,1595.0,1770.0,20811.0,-1.04,0.09,981.765,69.65,28428919.0,21571.421,57.142857142857146,18779837.5,8,3,2021
2021-08-16,48089.66015625,145.47340931106066,1.9957754909992218,633.4124908447266,109.44750213623047,165.19512557983398,119.2945576750897,146.06154645008735,0.7346248924732208,664.4891815185547,70.16999816894531,1.0901732444763184,67.91250228881836,0.3157535046339035,70.46363353729248,3212.8038330078125,1.1776065826416016,1.3856651186943054,1755.0749816894531,136.51009913328818,4.355125069618225,49.380392366117704,0.009101195959374309,26.469171047210693,175.4051513671875,33.99000072479248,360.6128874908951,281.9707696913218,74.16000175476074,3.9382500052452087,20.037329134577554,1010.3999938964844,359.14111869361733,36.78000068664551,23.608999729156494,128.1548465580455,147.30442929531236,0.08776249922811985,238.63666915893555,1.2525449991226196,1.0006439983844757,79.45501693492501,42.81288767179716,35.90646536494358,98.53076022762772,149.78371777264636,0.3666052520275116,41.11426868388258,125.59398989454405,175.84165631540847,1.1716007441282272,35420.6416015625,4457.277587890625,15099.764892578125,15.869999647140503,5.1,147246.0,368000.0,272.752,109.436,70.3,605533.0,1595.0,1770.0,20811.0,-1.1,0.09,1036.418,70.07,28428919.0,21571.421,71.42857142857143,18787143.75,8,3,2021
2021-08-23,48634.005859375,145.38018874632968,2.508434295654297,642.5775146484375,105.71500205993652,160.94574737548828,114.20685004495527,141.26952895534671,0.7187575101852417,669.7426910400391,66.39000129699707,1.091816633939743,63.72249984741211,0.3157237619161606,67.77578544616699,3194.3135375976562,1.171613097190857,1.3681457340717316,1782.0249938964844,136.21663487903726,4.152500033378601,48.10932143856937,0.009114163229241967,27.765104293823242,181.30028533935547,34.182499408721924,357.48763603396685,291.5167963555138,70.38874816894531,3.856000006198883,20.273096731608277,994.5249938964844,357.4180541324534,34.122501373291016,23.273749828338623,124.65224501494579,143.43152487493498,0.08857199735939503,226.57166290283203,1.2772849798202515,1.0007657706737518,77.98126755044737,40.23471087469419,35.30143512729909,97.12943145461554,149.97522049284012,0.37083400785923004,41.36307140155445,127.80473849930368,172.2629814449461,1.2097787857055664,35140.3994140625,4432.8323974609375,15025.09033203125,19.46999979019165,5.1,147246.0,358000.0,272.752,109.436,70.3,605533.0,1595.0,1770.0,20811.0,-1.02,0.09,1135.697,69.07,28428919.0,21571.421,74.0,18794456.25,8,3,2021
2021-08-30,50484.484375,145.9518652602872,2.7882840633392334,656.2925109863281,109.86000061035156,165.76987838745117,118.84701879296358,146.03478187127834,0.723437026143074,653.0860595703125,70.74249839782715,1.0947466790676117,67.06750011444092,0.288914255797863,63.78111267089844,3221.9046020507812,1.1773000657558441,1.3737346529960632,1806.6499938964844,141.85380578893293,4.292750120162964,49.3896025332423,0.009106974583119154,26.24020767211914,176.54750442504883,39.05250072479248,367.7916113408064,291.76413383629176,71.33500099182129,4.243749916553497,22.19040680865725,1000.0,365.4697164751039,37.834999084472656,23.829999446868896,130.8995035882299,150.3016014039318,0.0875565018504858,235.1300048828125,1.2655274868011475,1.0009872615337372,79.28122138313097,42.2820950335255,36.18210391091998,98.4718907507275,152.86773263955416,0.3510795012116432,41.301917821061664,127.42532470555702,175.4758326882729,1.159631460905075,35393.427734375,4495.590087890625,15363.267578125,17.039999961853027,5.1,147246.0,353000.0,272.752,109.436,70.3,605533.0,1595.0,1770.0,20811.0,-1.08,0.09,1140.711,72.26,28428919.0,21571.421,74.42857142857143,18801781.25,8,3,2021
2021-09-06,47066.3779296875,150.19627681717466,2.9068267941474915,666.7100219726562,110.70749855041504,172.97900009155273,122.08309438124702,149.29676392512582,0.7403449416160583,729.7245635986328,72.33250045776367,1.0943733155727386,69.07750129699707,0.30352750420570374,70.49888801574707,3769.5452270507812,1.1865283250808716,1.3836587071418762,1824.2000122070312,143.3480470615394,4.322249889373779,49.5553987368471,0.009103589225560427,31.23123836517334,215.19105911254883,42.36000061035156,375.07478227231763,293.1551747536135,71.10674858093262,4.5915000438690186,22.665677674484364,1014.3750152587891,371.6323446851764,35.43875026702881,24.527249336242676,132.67210698563045,151.82158712719374,0.10034099780023098,243.48833084106445,1.2549825012683868,1.0004297196865082,79.21402412282364,42.126099287908495,35.77797769381817,98.488385690571,154.42915712445128,0.37998300045728683,42.61661445983771,128.38216668570857,177.84061758081668,1.25619176030159,35379.572265625,4532.6175537109375,15615.47021484375,16.392499923706055,4.7,147712.0,337000.0,273.942,109.657,72.8,609671.0,1563.0,1625.0,20978.6,-1.01,0.08,1074.707,72.43,28428919.0,21571.421,73.71428571428571,18805431.25,9,3,2021
2021-09-13,46725.884765625,148.162408321845,2.5326592326164246,660.8249969482422,106.48999977111816,174.38999938964844,119.90439936708901,147.0126551965104,0.7388260066509247,673.2255401611328,72.47999954223633,1.0892792046070099,69.23999977111816,0.25937799736857414,60.69846725463867,3462.7294921875,1.1830584108829498,1.382435828447342,1796.6499633789062,141.12740634768454,4.391499996185303,49.65670481108802,0.009092889493331313,29.797831535339355,191.10332107543945,37.67750072479248,376.80415063677754,288.61325076950817,63.62924861907959,4.872750163078308,22.4159062468206,966.2000122070312,369.07694940945447,30.850000381469727,24.091249465942383,132.32171761860218,150.91605979650424,0.1053057499229908,247.62583541870117,1.2663249969482422,1.0000017434358597,78.05774671022485,41.53679168825752,35.257049805441305,96.59482023810935,152.6180118453858,0.34427474439144135,41.76111371708791,126.3434600036629,177.87209966898675,1.1228235214948654,34797.0712890625,4477.550048828125,15504.08251953125,19.980000019073486,4.7,147712.0,344000.0,273.942,109.657,72.8,609671.0,1563.0,1625.0,20978.6,-1.04,0.08,1087.108,72.97,28428919.0,21571.421,46.285714285714285,18812750.0,9,3,2021
2021-09-20,43383.2216796875,144.58042248357452,2.3550735116004944,653.91748046875,104.30249786376953,172.81262588500977,118.05767542675474,144.9839427214235,0.7305627316236496,618.0969085693359,74.87749671936035,1.0775872766971588,71.64750099182129,0.23868250474333763,56.14017677307129,3363.4302368164062,1.1756926476955414,1.3784310519695282,1762.2250061035156,140.95622467786362,4.297749996185303,50.12414664392341,0.00911367847584188,28.03493881225586,188.98047637939453,35.8149995803833,366.46782225091476,291.08928040692115,61.99749946594238,5.184750080108643,22.10698228356482,936.9750061035156,366.0603930659016,29.452499866485596,22.68375015258789,132.44581750887997,151.81430828690068,0.10745699889957905,249.0724983215332,1.2722000479698181,1.0002270191907883,76.17385208873597,42.71972140217102,35.2313538080125,95.11105647662674,151.398416717525,0.3203187435865402,41.49949933167434,125.30879597394588,178.03684384838658,1.0639560222625732,34667.6044921875,4446.6826171875,15380.06494140625,20.19499969482422,4.7,147712.0,367000.0,273.942,109.657,72.8,609671.0,1563.0,1625.0,20978.6,-0.98,0.08,1224.289,73.59,28428919.0,21571.421,47.57142857142857,18820075.0,9,3,2021
2021-09-27,46590.06640625,142.93172285881175,2.1995944380760193,628.6025085449219,104.49250221252441,169.81637573242188,115.13635922886594,142.40307559842216,0.7284348607063293,524.7092742919922,76.91999816894531,1.0808206796646118,72.97500038146973,0.20950474962592125,48.47041702270508,3036.06591796875,1.1719351708889008,1.3685586154460907,1755.4749755859375,140.10081709248973,4.221124887466431,49.5484855415659,0.009079370182007551,24.402485847473145,154.9070816040039,35.59500026702881,350.2592207746103,288.65699765690266,59.62074947357178,5.049499988555908,21.798814441613807,965.9750061035156,361.6134745554701,28.05775022506714,22.477750301361084,131.28639310757774,150.96845806628824,0.09069824777543545,253.51666641235352,1.2712699472904205,1.0007355064153671,74.6722675966146,43.20719620957551,35.23135942259623,94.36447147469232,150.50135606903316,0.28216100484132767,40.72570973277073,124.26940164173783,177.4165719522507,0.9501454830169678,34522.203125,4420.5675048828125,15209.327392578125,20.480000019073486,4.7,147712.0,374000.0,273.942,109.657,72.8,609671.0,1563.0,1625.0,20978.6,-0.87,0.08,1297.05,78.85,28428919.0,21571.421,27.0,18827381.25,9,3,2021
2021-10-04,53247.3662109375,139.9360534125138,2.212297201156616,585.0524749755859,103.2874984741211,165.47537231445312,110.34863860226262,137.4699745840803,0.7239265292882919,547.9301605224609,79.20749855041504,1.07477468252182,75.39249801635742,0.21619149670004845,51.784584045410156,3277.0778198242188,1.1621422469615936,1.3561537861824036,1749.5,136.49257262590586,4.189999938011169,49.65440119634359,0.008995377225801349,26.32329797744751,164.01507949829102,33.47999858856201,343.2124250511985,280.6074235182705,60.14474964141846,5.673500061035156,20.832379802567537,967.5249938964844,353.30629767755346,26.36750030517578,22.553500175476074,126.24842450307074,145.8732745715844,0.09231249988079071,259.41917419433594,1.2638899981975555,1.0003235042095184,74.89166619814434,46.821863867651004,35.827308586676764,93.96514361164954,147.48477630711227,0.3029862493276596,40.05028435667902,121.02702527398465,176.2867226975458,1.0216815322637558,34374.8955078125,4364.9749755859375,14844.860107421875,21.207499980926514,4.5,148569.0,314000.0,276.528,110.184,71.7,618573.0,1587.0,1719.0,21142.9,-0.89,0.08,1399.173,81.44,29617215.0,21960.388,36.142857142857146,18834687.5,10,4,2021
2021-10-11,60058.833984375,139.42574382690012,2.2202399373054504,573.0025024414062,104.47249794006348,163.4905014038086,108.4256861435763,137.6402630818587,0.7296774685382843,585.3898468017578,81.7450008392334,1.0785838961601257,78.4424991607666,0.23610074445605278,53.556700706481934,3450.7779541015625,1.1580941081047058,1.3604342937469482,1759.3250122070312,137.08262967979653,4.250375032424927,49.6636142232994,0.00893959729000926,26.18067693710327,174.92061614990234,37.71250057220459,328.8600589607189,283.1878787613752,67.83050155639648,5.747250080108643,20.59607429218067,1008.2499847412109,351.4347161520682,26.02500009536743,22.684500217437744,123.91618987294993,143.44018829660828,0.09779374860227108,262.5974884033203,1.2510974705219269,1.0006442815065384,75.39205101652335,48.97524239519828,36.37394810477655,94.8913444201636,146.82409409750022,0.33257800340652466,39.71948405630567,119.86336969513637,176.5706233655084,1.1288185119628906,34572.3173828125,4372.8974609375,14759.1875,20.080000400543213,4.5,148569.0,290000.0,276.528,110.184,71.7,618573.0,1587.0,1719.0,21142.9,-0.89,0.08,1371.958,83.75,29617215.0,21960.388,70.14285714285714,18838337.5,10,4,2021
2021-10-18,62108.8515625,140.77266576938018,2.159716308116913,600.9825134277344,110.27499961853027,168.3092498779297,112.60848532788657,143.53759852160593,0.7401100397109985,609.7728424072266,84.25749969482422,1.0821157097816467,81.65999984741211,0.2341725006699562,53.38788032531738,3760.60595703125,1.1588615775108337,1.371097207069397,1771.0249938964844,139.38709872767717,4.631375193595886,49.57151683791153,0.00878898031078279,26.31218147277832,181.81766510009766,46.56999969482422,322.83100550413934,292.56522798589293,74.09049987792969,5.48800003528595,21.501120992722896,1043.8249816894531,357.565013240398,27.307499885559082,23.15174913406372,126.23382696076762,145.27024782520908,0.09793400205671787,276.23084259033203,1.2376925349235535,1.0001680105924606,77.68913312355193,49.98396011913806,36.70943720292389,96.41060649328801,150.04474359567686,0.3763992413878441,40.70298604632241,120.44992881625762,181.7464813413323,1.0999552309513092,35006.3984375,4437.1199951171875,15020.077392578125,17.28249955177307,4.5,148569.0,290000.0,276.528,110.184,71.7,618573.0,1587.0,1719.0,21142.9,-0.95,0.08,1477.114,84.13,29617215.0,21960.388,74.85714285714286,18845656.25,10,4,2021
2021-10-25,61143.5390625,144.92878144767712,2.1595985293388367,634.7900085449219,118.14249992370605,168.3157501220703,115.86914312426617,148.69229198104904,0.7465337663888931,622.9054718017578,85.13500022888184,1.0888796746730804,83.14000129699707,0.2681257463991642,55.477736473083496,4057.1612548828125,1.1634862422943115,1.3767204582691193,1789.3500061035156,138.05284911742416,4.587875008583069,47.00405198928653,0.00879932357929647,29.093889713287354,193.76583099365234,50.6924991607666,327.036144712324,299.0903334155553,72.87799835205078,5.1910001039505005,22.514214690329112,1050.1499938964844,364.7094720678264,29.24000072479248,24.13825035095215,129.6318025854293,148.91170206420645,0.10038799978792667,298.4024963378906,1.2356800138950348,1.0001647621393204,78.8202187552858,50.72952655613835,37.83087171635175,98.45441342702529,153.25563920592987,0.37744374573230743,41.98286504445528,123.37092412115373,186.33025753249723,1.0975699722766876,35538.75,4524.2349853515625,15320.607666015625,15.907500267028809,4.5,148569.0,268000.0,276.528,110.184,71.7,618573.0,1587.0,1719.0,21142.9,-1.02,0.08,1413.188,84.85,29617215.0,21960.388,76.42857142857143,18852962.5,10,4,2021
2021-11-01,62647.98828125,147.00438470219927,1.9907652735710144,648.2949981689453,121.78500175476074,168.71475219726562,119.21612329314462,152.8190152511902,0.7521081119775772,591.5558471679688,84.4474983215332,1.0921310782432556,83.28250122070312,0.2799147441983223,52.71711254119873,4234.3974609375,1.1590642929077148,1.372282713651657,1787.3999938964844,144.3513589686068,4.411500096321106,45.11817610784419,0.008786995196714997,30.488383769989014,190.59963607788086,52.16750144958496,319.85748868371496,315.9856100487941,71.92549896240234,5.636000037193298,24.856571721771452,1029.1999816894531,374.33622013508227,27.79599952697754,24.06624984741211,132.40445819415032,152.32040990871877,0.09943999908864498,357.28417205810547,1.2376374900341034,1.000392735004425,79.39508010103663,50.75803369304569,37.84260770816346,98.66232461336298,156.17258611112948,0.3622155040502548,42.49126770970202,125.90878104531998,193.5322168203256,1.0887605100870132,35755.6171875,4589.0499267578125,15724.08251953125,16.369999885559082,4.2,149206.0,262000.0,278.824,110.792,67.4,624874.0,1704.0,1766.0,21316.7,-0.92,0.08,1358.606,84.51,29617215.0,21960.388,72.28571428571429,18860287.5,11,4,2021
2021-11-08,65514.3046875,147.89006698028595,2.026582509279251,659.4949951171875,133.0074977874756,173.59724807739258,120.85112706297843,154.18850348344162,0.7455038279294968,602.4890289306641,82.72249984741211,1.095879852771759,81.4174976348877,0.26717551052570343,53.89410591125488,4516.74658203125,1.1556473076343536,1.3529639542102814,1802.9250183105469,147.11090642030769,4.35212504863739,46.61029200391995,0.008797839051112533,31.90092706680298,200.37889099121094,61.42499923706055,336.47667734247625,324.622576500255,78.68025016784668,5.50599992275238,28.97833123164662,1039.249984741211,386.6874006476261,31.047500133514404,23.94100046157837,141.82947515159435,163.83244216193367,0.10444499924778938,400.52750396728516,1.2430875301361084,1.001208022236824,81.15921828429718,50.898375360493475,37.6337982623717,100.13904888610398,160.94523641724,0.36901724338531494,42.722155110486625,126.05543754199236,203.0152238144361,1.1903632283210754,36234.654296875,4677.1549072265625,16239.637451171875,16.34749984741211,4.2,149206.0,251000.0,278.824,110.792,67.4,624874.0,1704.0,1766.0,21316.7,-1.11,0.08,1354.382,83.22,29617215.0,21960.388,73.42857142857143,18867593.75,11,4,2021
2021-11-15,59861.92578125,147.18206468193537,2.1005555391311646,656.7399749755859,147.28249740600586,176.28500366210938,117.16750339686766,152.5173836296899,0.7323407530784607,672.0556640625,82.77499961853027,1.0881025195121765,81.58250045776367,0.2650965042412281,57.51336860656738,4649.3284912109375,1.1482900381088257,1.3449861705303192,1855.1500244140625,147.42230270725673,4.418499946594238,47.020232158735695,0.008793631801381707,34.45675086975098,263.2200584411621,74.85249900817871,336.43438430244566,325.787752624307,82.51749801635742,4.992499947547913,30.409888886510814,1082.1000061035156,385.2067689554576,41.609999656677246,25.093249797821045,145.95620888808497,168.29357251085506,0.1136777512729168,354.2624969482422,1.2513225078582764,1.000190019607544,83.52611265363888,50.79311723499919,37.67602774750674,100.96840777567556,162.01632766406985,0.3896302580833435,42.78320449915349,126.37712900110584,198.8488148114679,1.2126709818840027,36170.404296875,4677.8699951171875,16176.747314453125,17.15750026702881,4.2,149206.0,250000.0,278.824,110.792,67.4,624874.0,1704.0,1766.0,21316.7,-1.13,0.08,1391.657,81.94,29617215.0,21960.388,75.42857142857143,18871243.75,11,4,2021
2021-11-22,56858.662109375,155.15014444069118,1.8712680041790009,682.8574981689453,153.1425018310547,183.0055046081543,112.75601749111604,147.744825866823,0.7289775162935257,595.7198333740234,79.74250030517578,1.0788941979408264,77.34499931335449,0.2334812507033348,51.23352241516113,4347.599548339844,1.1319943964481354,1.3454146087169647,1855.824951171875,148.30583863307655,4.3755000829696655,46.178558932854955,0.00877112546004355,29.63463830947876,231.09484481811523,57.56750011444092,343.2696428302627,331.4365453111008,74.3387508392334,5.059249997138977,31.90458099010906,1049.8999938964844,392.25087412097025,37.514999866485596,24.906250476837158,150.38955525069656,172.5477769230366,0.11025399714708328,365.95333099365234,1.2608074843883514,1.0081952214241028,82.57656728967308,48.78665501578328,36.861937515340635,100.34462458287223,165.34625486085966,0.3491882458329201,42.72992231872108,126.13348114081603,203.1705126530109,1.0902034938335419,35768.9853515625,4696.6124267578125,16467.227294921875,17.71500015258789,4.2,149206.0,223000.0,278.824,110.792,67.4,624874.0,1704.0,1766.0,21316.7,-0.98,0.08,1573.769,80.97,29617215.0,21960.388,50.42857142857143,18878575.0,11,4,2021
2021-11-29,50181.4287109375,156.18699544274,1.6147847175598145,667.7199859619141,154.20000076293945,177.83412551879883,106.06501780129581,139.05839335997922,0.7167751491069794,577.1161041259766,75.13750076293945,1.078937292098999,70.73250198364258,0.21037225052714348,48.30173587799072,4268.314025878906,1.1274044215679169,1.3353107273578644,1798.4000244140625,143.32426343853243,4.325999855995178,45.56873787321973,0.008773048175498843,25.417696952819824,203.11491775512695,50.61250019073486,336.40701436046936,325.1848634262313,67.67025184631348,5.275999903678894,32.07301880603247,972.5500183105469,386.2646847252998,34.88349914550781,23.465250492095947,147.8796748412437,169.78899499834864,0.09678725153207779,368.98250579833984,1.271925002336502,1.0002020299434662,80.91482780172359,49.01909565788811,36.629671701552056,98.2701196392614,163.10932286933985,0.32657549530267715,42.74213240735048,125.12118053812708,200.65904303683612,0.9771559983491898,35119.53515625,4629.6251220703125,16201.242431640625,25.895000457763672,4.2,149206.0,222000.0,278.824,110.792,67.4,624874.0,1704.0,1766.0,21316.7,-1.02,0.08,1459.339,73.34,29617215.0,21960.388,33.57142857142857,18885893.75,11,4,2021
2021-12-06,49768.4501953125,160.14277818617876,1.4295492768287659,633.0625152587891,148.29999923706055,171.42724990844727,95.31171138587857,125.10074623989225,0.7044921815395355,462.1446075439453,70.63249778747559,1.087738037109375,66.97000122070312,0.1755565032362938,39.127079010009766,4175.718017578125,1.131434053182602,1.326088935136795,1783.1749877929688,141.95010232337145,4.2795000076293945,45.7310530304574,0.008848643163219094,20.356037139892578,165.8033790588379,45.297499656677246,311.9920431418874,316.96014656982953,65.55525016784668,4.376499891281128,31.173460151313893,936.625,377.8277919334069,31.50749969482422,22.58625030517578,147.867507381152,170.6352903933867,0.08611875027418137,350.24916076660156,1.2788675129413605,1.0003410130739212,79.50677522565931,48.47088128099787,35.88595430013264,96.40351430535921,161.5402949066334,0.2891097478568554,42.430210363851046,123.65240984965692,195.52930364843604,0.8139539808034897,34613.76171875,4561.232666015625,15855.487548828125,29.59249973297119,3.9,149781.0,207000.0,280.806,111.458,70.6,619938.0,1757.0,1913.0,21471.0,-1.01,0.08,1487.996,73.38,29617215.0,21960.388,28.0,18893200.0,12,4,2021
2021-12-13,47304.3681640625,172.680901685647,1.3418137729167938,642.5874938964844,139.58499908447266,172.2145004272461,94.74368186692645,122.57094432059588,0.7136073857545853,459.8538131713867,74.32250022888184,1.0849970579147339,70.8499984741211,0.17071975022554398,38.2348518371582,4149.318664550781,1.1302758753299713,1.3253117203712463,1781.2000122070312,145.61705710124647,4.30412495136261,47.61612051523831,0.00881949090398848,20.320751190185547,157.38420867919922,41.01499938964844,323.96562758897636,327.655696335486,60.36500072479248,3.8612499833106995,30.167796802345297,939.1499938964844,384.9550928538096,26.917500019073486,22.169999599456787,148.55123301782606,172.72480042195087,0.08881000056862831,338.0783386230469,1.2724950313568115,1.0005277395248413,81.71311446997758,49.92035731118381,36.57805522246124,99.14434112166553,167.28442186463334,0.27697424590587616,43.56245491239437,126.42677778663503,197.80055207372658,0.8413802236318588,35639.5244140625,4669.5299072265625,16158.755126953125,21.722500324249268,3.9,149781.0,227000.0,280.806,111.458,70.6,619938.0,1757.0,1913.0,21471.0,-0.98,0.08,1599.768,74.12,29617215.0,21960.388,25.285714285714285,18896850.0,12,4,2021
2021-12-20,49753.216796875,170.5408247074768,1.2587439715862274,583.4075164794922,138.50749969482422,169.84900283813477,93.81416294301533,117.50649618852208,0.7188149988651276,435.68763732910156,73.97749900817871,1.0834242403507233,71.02750015258789,0.17769500240683556,35.335968017578125,3913.9650268554688,1.1270621716976166,1.326503574848175,1793.6000366210938,142.47756814364988,4.258875012397766,46.82778294817466,0.008795253932476044,18.895594596862793,152.08649444580078,35.00999927520752,332.4382004449477,318.2513944961881,56.874250411987305,3.770500063896179,28.453058467552076,923.8250122070312,378.7367388160264,23.702999591827393,22.255249977111816,145.53651127144,168.59509946329703,0.08234700001776218,314.9316635131836,1.2853800058364868,1.0000160187482834,81.69450821390103,48.13756343281131,36.42790015535892,97.48802809674169,164.58116726660188,0.2575394995510578,44.329491114628475,130.0881060776295,191.30223568810567,0.820722758769989,35551.2431640625,4643.3726806640625,15901.887451171875,21.199999809265137,3.9,149781.0,215000.0,280.806,111.458,70.6,619938.0,1757.0,1913.0,21471.0,-0.96,0.08,1758.041,70.51,29617215.0,21960.388,25.571428571428573,18904150.0,12,4,2021
2021-12-27,48116.6796875,171.2214169611496,1.4012882709503174,562.4649963378906,143.7050018310547,169.94675064086914,96.22155759731423,120.66873804178428,0.7199925780296326,446.26438903808594,74.98500061035156,1.0862520039081573,71.89249992370605,0.1842067465186119,37.0717830657959,4010.7716064453125,1.131659597158432,1.3347313702106476,1804.7749633789062,144.6577673070347,4.351999998092651,47.14080667335939,0.008759868098422885,21.8965744972229,156.05315780639648,36.61000061035156,330.8606253536555,321.82633123227754,58.435500144958496,3.775499939918518,29.069975881973054,958.8749847412109,383.54279582143624,24.807499885559082,22.754499912261963,147.82249934897598,172.6139010289105,0.08031699806451797,341.09165954589844,1.2841449975967407,1.0002289563417435,81.40824029112147,47.61129180570544,36.1346428801991,97.26594031055492,166.09915530640686,0.28220749646425247,44.13523031241859,130.9679428334311,194.1267213819907,0.921323761343956,35656.9013671875,4680.8551025390625,16121.4775390625,20.232499599456787,3.9,149781.0,216000.0,280.806,111.458,70.6,619938.0,1757.0,1913.0,21471.0,-1.02,0.08,1580.347,75.24,29617215.0,21960.388,37.57142857142857,18911475.0,12,4,2021
2022-01-03,43001.5517578125,175.31726397182814,1.4083152413368225,569.9450073242188,147.0199966430664,168.23387145996094,93.7133471994199,116.96405242311116,0.7246100306510925,448.1387481689453,77.8700008392334,1.095009982585907,75.10750007629395,0.17677749693393707,35.76931381225586,3845.0840454101562,1.1351262331008911,1.3501690328121185,1818.5500183105469,145.03160886291255,4.437999963760376,47.87117715958745,0.008700937731191516,21.814961433410645,151.70740509033203,34.82499980926514,338.82314776211524,328.8862443576708,56.34575080871582,3.8142500519752502,29.818411172830213,964.375,390.8533638660017,23.44000005722046,23.150999546051025,152.1819966616873,176.91867498132802,0.07803674973547459,357.1425018310547,1.2687900066375732,1.0002315193414688,84.3868247787666,49.28285676840558,36.861738164399256,100.0662268880926,169.94184090500556,0.28724149614572525,46.069384898857514,133.76957459500028,199.05424502870076,0.8696552366018295,36327.630859375,4768.8201904296875,16391.15234375,17.617499828338623,4.0,150006.0,227000.0,282.542,111.988,67.2,631509.0,1712.0,1915.0,21585.9,-0.97,0.08,1579.526,78.25,30400960.0,21903.85,28.142857142857142,18918781.25,1,1,2022
2022-01-10,42575.6875,171.5752356335344,1.2158587276935577,525.1000061035156,136.88750076293945,164.61124801635742,86.4440685311752,109.97000122070312,0.7194243967533112,391.8249816894531,80.88249969482422,1.0896185338497162,78.13500022888184,0.15605125576257706,30.871520042419434,3303.292236328125,1.1344159543514252,1.3553186357021332,1802.125,138.40965094753267,4.398124933242798,49.77016959570394,0.008651908254250884,26.24762201309204,135.16907501220703,29.864999771118164,330.7885225881522,310.3550165275616,50.334248542785645,3.862499952316284,28.016324708259695,961.1500091552734,376.7666108591008,21.198750495910645,22.536999225616455,147.83382009959513,171.77979125021128,0.06872774846851826,355.9933319091797,1.268479973077774,1.0002715289592743,84.16694600926141,53.250019810274004,38.408145053684095,100.85837378550372,163.6952882701973,0.26668650284409523,44.64755993807671,128.9996234554435,196.74800725194604,0.7739799916744232,36381.875,4708.85498046875,15806.262451171875,18.730000019073486,4.0,150006.0,247000.0,282.542,111.988,67.2,631509.0,1712.0,1915.0,21585.9,-0.7,0.08,1560.421,81.56,30400960.0,21903.85,19.428571428571427,18922431.25,1,1,2022
2022-01-17,37578.970703125,169.8995643205436,1.328823983669281,519.9499969482422,135.01000213623047,161.86462783813477,81.16063456612103,104.52250099182129,0.7256978303194046,380.2360534667969,84.77749824523926,1.0915760397911072,82.47999954223633,0.17435600236058235,31.32401180267334,3262.6868286132812,1.140122652053833,1.3659420907497406,1812.6499938964844,138.08370140071005,4.432249903678894,51.24020270784514,0.00873817503452301,25.93162775039673,141.4041347503662,28.8100004196167,327.3571211221817,303.3973029991306,49.43375110626221,4.345000088214874,26.983385024081464,958.1750183105469,371.74897624792726,20.552500247955322,22.844249725341797,148.77684723671928,171.86563988900522,0.06790724862366915,349.5683288574219,1.2558574974536896,1.000448226928711,83.21256228657458,56.41529497287651,38.5896698553935,100.41723813757876,161.3762552316086,0.26224975660443306,43.362331596996725,127.65580436493624,191.6810863274635,0.7673587650060654,35994.3515625,4664.192626953125,15601.52490234375,19.767500400543213,4.0,150006.0,245000.0,282.542,111.988,67.2,631509.0,1712.0,1915.0,21585.9,-0.66,0.08,1598.887,87.82,30400960.0,21903.85,21.571428571428573,18929731.25,1,1,2022
2022-01-24,36961.16796875,162.07893817320524,1.202359214425087,507.7800064086914,123.0999984741211,146.7727508544922,73.2317580175402,94.22524833679199,0.7220549583435059,317.40301513671875,87.71000099182129,1.0956909656524658,85.24250030517578,0.14610350131988525,26.613216876983643,2689.0361938476562,1.1356742978096008,1.3589140474796295,1829.7500305175781,131.55827790798492,4.494374871253967,49.07919780649011,0.008772864704951644,18.330523252487183,119.27072715759277,23.53249979019165,307.8491056279147,292.2152863612717,40.24400043487549,4.042249977588654,24.11991480234278,1021.5499877929688,350.0902822743626,16.269999980926514,24.184749603271484,136.59943302730036,157.3999299183714,0.06016150023788214,324.9241638183594,1.2538974583148956,1.0005090236663818,79.61031396558039,56.024350706399744,36.54820440118288,96.82886740649823,152.6402939544263,0.20818224921822548,42.331220616492956,123.86168268659165,178.82536580500698,0.6492782384157181,34605.513671875,4455.864990234375,14688.93505859375,27.167500495910645,4.0,150006.0,238000.0,282.542,111.988,67.2,631509.0,1712.0,1915.0,21585.9,-0.63,0.08,1614.002,87.74,30400960.0,21903.85,18.285714285714285,18937056.25,1,1,2022
2022-01-31,40925.2978515625,163.5653996287013,1.0459294766187668,509.35748291015625,106.74749946594238,142.12324905395508,68.69707857040564,87.58249855041504,0.7036068737506866,289.06529998779297,89.1924991607666,1.0796740055084229,86.09499931335449,0.13969124853610992,24.5395245552063,2521.254638671875,1.1190211176872253,1.3436818718910217,1800.3250122070312,130.5156263955129,4.352124929428101,45.093412570978984,0.008704455569386482,16.789313793182373,108.0119857788086,21.897499561309814,299.0804374954415,292.09121694526095,34.46875047683716,5.125,22.616550083914152,1014.0,341.1924890264045,14.599999904632568,22.71274995803833,128.6271403751956,148.21291819232889,0.05732725001871586,289.3666687011719,1.2714150249958038,1.0004767775535583,77.6711767984755,57.343776510970514,36.20874644210261,94.59000995393056,150.93938250521632,0.1928342469036579,41.67180604988878,122.61044100807327,173.1775998104488,0.6043947637081146,34354.234375,4384.8875732421875,14320.152587890625,30.28999948501587,4.0,150006.0,231000.0,282.542,111.988,67.2,631509.0,1712.0,1915.0,21585.9,-0.65,0.08,1654.85,92.35,30400960.0,21903.85,21.714285714285715,18944375.0,1,1,2022
2022-02-07,42951.08984375,169.66368395457582,1.1185062229633331,517.8274917602539,121.03999900817871,153.70299530029297,72.21275357153272,91.95750045776367,0.7112801373004913,312.40389251708984,91.98999786376953,1.0805695950984955,91.03249740600586,0.1494699977338314,28.491079807281494,2916.3214111328125,1.1382592916488647,1.3524592220783234,1802.9999694824219,141.90705672594356,4.437999963760376,44.7131581883231,0.008692237315699458,17.426454544067383,121.83914566040039,23.3125,256.8619205861036,298.3874644682139,37.84550094604492,4.800750017166138,24.334042462321605,1026.7750091552734,351.7147454599439,16.19249987602234,22.572500228881836,133.4474439771196,154.30628099059496,0.06387550104409456,304.3658447265625,1.2725175321102142,1.000654250383377,78.42436238549315,60.47129992690345,37.44871489308608,95.35843372503629,155.84756987968166,0.215293250977993,42.01774849443332,125.42159580518252,178.52887852550367,0.6588337421417236,35088.6943359375,4502.597412109375,14756.994873046875,24.077499389648438,3.8,150875.0,210000.0,284.525,112.492,62.8,638101.0,1742.0,1860.0,21684.2,-0.48,0.08,1679.932,97.28,30400960.0,21903.85,29.857142857142858,18948025.0,2,1,2022
2022-02-14,39910.697265625,167.77396272705698,1.0960427522659302,485.82999420166016,117.78250122070312,155.78887557983398,72.52267493372274,93.68000030517578,0.7173400372266769,336.35965728759766,93.61250114440918,1.0800112783908844,92.31750106811523,0.15279000252485275,33.04219722747803,2970.91015625,1.138661652803421,1.3565778732299805,1838.8750305175781,135.90401095675367,4.5315001010894775,45.02806242156316,0.008647630456835032,16.641031980514526,129.4612693786621,27.480000495910645,222.339607392232,290.91423275176635,42.2135009765625,4.05649995803833,24.605807606032545,1023.2499847412109,344.1526763790757,18.692500591278076,23.326499462127686,132.63896618682352,153.5984847661472,0.06574250105768442,293.2058334350586,1.270440012216568,1.0009979903697968,78.98108184267281,61.999516955670494,38.06633737001067,94.95049968192178,152.8641605962252,0.22270875051617622,41.06613035486577,124.66181949212913,177.59811715364887,0.8015212416648865,34980.2294921875,4457.1800537109375,14440.030029296875,26.410000324249268,3.8,150875.0,234000.0,284.525,112.492,62.8,638101.0,1742.0,1860.0,21684.2,-0.5,0.08,1666.232,101.66,30400960.0,21903.85,48.0,18955350.0,2,1,2022
2022-02-21,37471.0341796875,165.84524646893954,0.9756162464618683,452.35499572753906,114.85750007629395,154.1112518310547,66.6888299207947,85.82499885559082,0.7173895686864853,312.1639099121094,93.53000068664551,1.0845001935958862,91.74749946594238,0.1404467485845089,28.84633779525757,2757.1909790039062,1.1333361864089966,1.3580318093299866,1886.3249816894531,131.64834808122765,4.512624979019165,42.773508553421436,0.00868436531163752,15.30056643486023,115.73104095458984,25.134999752044678,208.67899716323208,282.84263235966245,40.38599967956543,4.423750162124634,24.19902617932499,1065.2000122070312,337.42981751309196,17.63249969482422,23.786749839782715,131.16510624729946,152.5456513417946,0.06310199946165085,289.83333587646484,1.2739050090312958,1.0004997849464417,78.6044822978146,60.60457192485118,37.215332672497084,93.93304310743167,149.76403420203712,0.20240399986505508,40.21214524310796,121.81030021780327,176.14730718288047,0.7926679998636246,34295.58203125,4378.6275634765625,14146.407470703125,27.855000019073486,3.8,150875.0,225000.0,284.525,112.492,62.8,638101.0,1742.0,1860.0,21684.2,-0.49,0.08,1674.929,98.95,30400960.0,21903.85,36.57142857142857,18962656.25,2,1,2022
2022-02-28,39858.9404296875,159.5128373821943,0.8639317601919174,454.10250091552734,116.90250015258789,150.26675033569336,64.70041019214081,82.36250114440918,0.7213018536567688,297.9233169555664,98.54249954223633,1.082687795162201,93.44499778747559,0.12428049929440022,26.99631977081299,2600.485595703125,1.1260564923286438,1.343306452035904,1907.2749938964844,131.65655740493835,4.47825014591217,43.65197136025543,0.008674977580085397,13.517558813095093,103.28402519226074,22.4375,204.66042406283825,283.6053648569822,38.9709997177124,4.54324996471405,23.31433003835078,1059.2000122070312,331.68792966079144,15.766499757766724,24.32099962234497,129.44174649560523,151.0555241929207,0.058950500562787056,264.7058296203613,1.2731899917125702,1.000588744878769,77.76237433809916,60.691187443589016,36.40440945266164,92.7614275205774,147.1773257071316,0.18167075142264366,40.44142235224881,122.80513276742558,168.4338840856681,0.7177069932222366,33621.4697265625,4317.3223876953125,13909.190185546875,29.975000381469727,3.8,150875.0,209000.0,284.525,112.492,62.8,638101.0,1742.0,1860.0,21684.2,-0.79,0.08,1596.052,103.08,30400960.0,21903.85,23.857142857142858,18969993.75,2,1,2022
2022-03-07,38856.30078125,161.68511099596626,0.8689777553081512,457.6175003051758,112.06000137329102,147.3847541809082,62.36488646673903,80.77750205993652,0.7330272495746613,297.8862991333008,113.42000007629395,1.0885056257247925,110.59000015258789,0.12491150014102459,27.8338623046875,2673.69091796875,1.1009258925914764,1.327514499425888,1948.8249816894531,132.0163143103228,4.806749939918518,44.705653904024835,0.008694825926795602,13.955739498138428,104.74374771118164,23.897499561309814,202.0626881572659,285.12844895032913,42.38350009918213,4.854249954223633,23.214006321871828,1096.5249938964844,332.6127131266519,15.694999933242798,25.41974973678589,126.45364830761578,147.50673440313312,0.05957374908030033,281.76416778564453,1.2689824998378754,1.0003650039434433,77.51444223535896,65.2469837547077,35.36717946747716,94.87934146189859,146.88773112234432,0.18045324832201004,41.34265603952875,124.86835315371508,168.32694212973118,0.7395584881305695,33629.0859375,4338.5150146484375,13939.20751953125,31.894999504089355,3.7,151346.0,222000.0,287.467,112.916,59.4,651027.0,1678.0,1879.0,21720.8,-0.99,0.2,1461.227,129.02,30400960.0,21903.85,34.57142857142857,18973643.75,3,1,2022
2022-03-14,40623.234375,154.73770321507556,0.8066679984331131,426.4674987792969,105.09250068664551,143.57412719726562,56.78889210221374,73.67249870300293,0.7354018688201904,287.2603988647461,117.36749839782715,1.07378551363945,113.19750022888184,0.11440899781882763,26.17446279525757,2563.81982421875,1.0937383770942688,1.3084388971328735,1999.3249816894531,129.18512155806934,4.69700014591217,43.490758942260356,0.008568640798330307,13.0882089138031,102.62810325622559,23.112500190734863,189.6611195913464,272.8973836719342,40.61299991607666,4.770999908447266,21.982664936666847,1104.3500366210938,319.8078283694331,15.470000267028809,26.278000354766846,121.08047422037852,141.56397544171426,0.059806499630212784,269.91749572753906,1.2764624953269958,1.0002702474594116,76.31912050867243,68.2856553012804,34.31581478595086,93.37095131738009,141.1083856254021,0.1782824993133545,41.19712206498376,122.81937335685839,162.2296162672232,0.7696554958820343,33011.7158203125,4223.375,13403.0400390625,31.96500015258789,3.7,151346.0,217000.0,287.467,112.916,59.4,651027.0,1678.0,1879.0,21720.8,-0.79,0.2,1608.021,110.39,30400960.0,21903.85,22.714285714285715,18980956.25,3,1,2022
2022-03-21,45284.1435546875,158.07361984163904,0.862673744559288,442.0849914550781,110.84499931335449,156.2447509765625,61.82439152449454,81.55000114440918,0.7344051003456116,315.9748992919922,106.46249961853027,1.0701040029525757,103.1624984741211,0.11842449940741062,35.545899391174316,2801.5512084960938,1.1037301123142242,1.314411461353302,1935.324951171875,132.8075490488435,4.662875175476074,43.58888238541897,0.008416601922363043,14.283480405807495,112.22997665405273,26.047500133514404,207.9200758418723,286.99520545897064,43.2165002822876,4.796499967575073,25.11870031748163,1030.9249725341797,335.7100238616614,18.107500076293945,25.165000438690186,127.90549019099763,149.25435516659212,0.06108600087463856,289.5558319091797,1.2669449746608734,1.000463753938675,79.45357757458625,65.29140077111819,36.253540290230234,96.3355617553296,147.57885355731742,0.1925399973988533,41.94049277011413,128.35618743051145,172.24686704041576,0.7957774847745895,34270.8046875,4388.340087890625,14072.007568359375,26.355000972747803,3.7,151346.0,207000.0,287.467,112.916,59.4,651027.0,1678.0,1879.0,21720.8,-0.58,0.2,1728.893,122.29,30400960.0,21903.85,26.571428571428573,18988275.0,3,1,2022
2022-03-28,46349.27734375,169.1910115909956,1.1039914786815643,437.92250061035156,118.23749923706055,163.86749649047852,64.42768473590611,85.59749794006348,0.7540199160575867,364.63988494873047,118.02249908447266,1.0747954547405243,112.13000106811523,0.13815700076520443,45.740129470825195,3178.245849609375,1.0999761521816254,1.3200972080230713,1948.0750122070312,139.20284653889374,4.7053749561309814,47.35972275994821,0.008238405687734485,16.22935199737549,125.48368263244629,28.957499504089355,218.16428771593428,294.3254889029416,46.726500511169434,5.366750121116638,27.2860138529727,1016.9499969482422,348.61017449354733,20.702500343322754,25.479999542236328,133.4021798835389,155.6247234240751,0.06712824944406748,330.7558364868164,1.2491974830627441,1.0004299879074097,82.7681500076713,69.07419706011811,37.09039937598507,98.01946145956059,152.74006148849344,0.22085050493478775,41.99871535124059,129.2109609938948,177.52278043759102,0.8424430042505264,34751.74609375,4514.1124267578125,14626.25732421875,21.94499969482422,3.7,151346.0,214000.0,287.467,112.916,59.4,651027.0,1678.0,1879.0,21720.8,-0.49,0.2,1688.632,114.5,30400960.0,21903.85,43.42857142857143,18995587.5,3,1,2022
2022-04-04,43385.6728515625,172.2514159822562,1.180591493844986,454.3324966430664,112.03750038146973,165.0677490234375,67.33964444724407,89.13750076293945,0.7501488924026489,377.8514862060547,107.86499977111816,1.078861117362976,102.31249809265137,0.14471299946308136,47.420658111572266,3460.879638671875,1.1056963205337524,1.3116218149662018,1920.3999938964844,139.931486869315,4.694874882698059,45.80606266367106,0.008145179599523544,17.689116954803467,127.98101043701172,29.29750108718872,224.0415903442472,301.96788845526487,49.58899974822998,5.631749868392944,27.116281063706015,986.7749938964844,356.0589978551263,21.357499599456787,24.69099998474121,131.71185770681663,153.06758097723588,0.0733530018478632,361.4625015258789,1.2507799863815308,1.000368744134903,83.58698271117649,68.73700321378124,36.53974774871018,97.80537533821969,155.35782183913852,0.23436499759554863,43.9192265313138,131.25498096365902,181.7798447338758,0.8494667410850525,34886.7626953125,4559.1473388671875,14923.43994140625,20.3149995803833,3.7,151651.0,215000.0,288.582,113.301,65.2,660194.0,1828.0,1835.0,21749.6,-0.38,0.33,1692.936,108.15,30568582.0,21919.222,52.142857142857146,19002893.75,4,2,2022
2022-04-11,40307.888671875,169.22544927327374,1.080874502658844,450.93499755859375,103.34000015258789,157.88662338256836,62.61777604074942,83.29475021362305,0.7511215507984161,335.8714141845703,103.46499824523926,1.0719743967056274,98.97999954223633,0.15460675209760666,41.95993614196777,3281.5054321289062,1.091159075498581,1.3047584891319275,1936.6249694824219,135.1669110976406,4.733374834060669,44.399589663395574,0.00807298137806356,15.969951152801514,115.45646476745605,24.365000247955322,223.9644435846282,293.73334534288165,46.52624988555908,6.1859999895095825,24.176189503316888,968.375,346.8757117014344,17.75575017929077,24.725749969482422,123.57075180584691,142.64372223270868,0.0651152515783906,352.11582946777344,1.2535675168037415,1.000312715768814,82.93660087834604,70.44803869923263,35.763512963654875,95.23781596265998,150.77215161433918,0.21040399745106697,44.586920525734996,134.7036934438619,176.6588687249577,0.7767682671546936,34686.3505859375,4505.012451171875,14531.022216796875,21.387500286102295,3.7,151651.0,213000.0,288.582,113.301,65.2,660194.0,1828.0,1835.0,21749.6,-0.12,0.33,1758.958,97.92,30568582.0,21919.222,38.285714285714285,19006568.75,4,2,2022
2022-04-18,40132.08984375,164.064080215487,0.9452372491359711,426.3375015258789,94.65749740600586,152.2594985961914,59.352508740399244,78.87250137329102,0.7426402121782303,325.41416931152344,108.35249900817871,1.0642612278461456,103.61749839782715,0.14100699871778488,37.45562553405762,3039.7852172851562,1.0831172168254852,1.306097388267517,1966.1500244140625,127.4291459241,4.69350004196167,43.191706438935604,0.00794023065827787,14.071808815002441,108.82658004760742,21.664999961853027,212.0978789465398,275.76318719830437,44.986998558044434,7.048250198364258,21.57980433692598,982.2499847412109,333.76609445166724,15.460000276565552,25.595750331878662,117.74990961175982,136.245899121345,0.06032849848270416,330.77833557128906,1.2605225145816803,1.0003222525119781,83.57288079346013,71.12079085113446,35.21920810043373,95.05934869411331,144.17759812774403,0.1981322504580021,44.121896187466625,132.94122676697066,173.83795431749527,0.7472937405109406,34473.6103515625,4409.3798828125,13983.4775390625,22.90750026702881,3.7,151651.0,209000.0,288.582,113.301,65.2,660194.0,1828.0,1835.0,21749.6,-0.07,0.33,1738.379,110.83,30568582.0,21919.222,25.0,19013868.75,4,2,2022
2022-04-25,38809.466796875,161.53506829905035,0.906292736530304,416.9500045776367,90.53250122070312,147.76162719726562,53.91535541598347,72.57724952697754,0.7358393371105194,317.21629333496094,108.19750022888184,1.048420399427414,103.6624984741211,0.13540924713015556,34.720322608947754,2978.2073974609375,1.0825478732585907,1.2902325689792633,1947.3249816894531,121.81635012897885,4.637624979019165,43.80616731769041,0.007808854687027633,13.561455249786377,106.89299774169922,19.119999885559082,191.57708898694432,271.6570226897239,42.58600044250488,6.892749905586243,20.267879561645216,947.8749847412109,324.2228419923209,12.682500123977661,24.717249870300293,117.08575259192777,135.82397673959198,0.06615275051444769,339.6441650390625,1.2644875049591064,1.0003405213356018,81.83774990594179,69.53534290658041,34.73879463254083,94.78332593257879,141.80307795905537,0.19390150159597397,44.60831930764669,129.01617073312264,174.06433248516208,0.71892349421978,34222.1015625,4331.0299072265625,13583.43505859375,26.109999656677246,3.7,151651.0,210000.0,288.582,113.301,65.2,660194.0,1828.0,1835.0,21749.6,-0.1,0.33,1783.609,99.27,30568582.0,21919.222,25.428571428571427,19021181.25,4,2,2022
2022-05-02,35475.111328125,156.68118452022586,0.8061884939670563,400.20250701904297,86.71249771118164,129.10237503051758,48.289772090031214,65.87750053405762,0.7126687318086624,290.87516021728516,106.9799976348877,1.0317253470420837,103.16250038146973,0.13928749784827232,28.703216552734375,2852.3333740234375,1.0594414472579956,1.2598435878753662,1904.1250305175781,115.50602251912142,4.409500002861023,41.574967121257515,0.00772859004791826,11.756410837173462,99.88236618041992,16.377500295639038,194.6874368476357,271.9689209237173,37.23349952697754,7.06374990940094,18.848136361364425,928.0499877929688,310.8411925636285,10.627500057220459,23.120750427246094,113.5264726241223,131.31427220472008,0.06876824982464314,297.65332794189453,1.27633997797966,1.0001472681760788,80.05801188206465,67.06410963745374,33.07509907065686,91.33055253652307,139.2042845130842,0.1783670000731945,42.59284253903045,125.16498494120822,161.99206821138642,0.6252084970474243,33243.3955078125,4174.1475830078125,13021.909912109375,31.985000610351562,3.6,151892.0,219000.0,291.299,113.709,58.4,659847.0,1540.0,1712.0,21689.9,0.18,0.77,1796.302,108.36,30568582.0,21919.222,23.571428571428573,19028506.25,5,2,2022
2022-05-09,30795.69775390625,156.0489522293194,0.7781272530555725,397.2675094604492,93.92249870300293,117.21174812316895,46.601352910651926,62.85000133514404,0.7135339677333832,271.5848617553711,110.4749984741211,1.016193151473999,107.79749870300293,0.12742524780333042,27.87213373184204,2622.5092163085938,1.0556159019470215,1.2397846281528473,1879.9249877929688,116.18141813501069,4.2832499742507935,41.761876729697306,0.007685117074288428,10.534455299377441,96.68998718261719,15.544999837875366,207.23081667209368,270.89418383496184,31.013999462127686,8.075250148773193,18.905043301592812,954.8249816894531,307.14251831349316,9.980000019073486,22.49625062942505,115.00523155853554,133.93749644002904,0.08269874937832355,294.15916442871094,1.279719978570938,0.9999322593212128,80.006349580414,72.48422594600731,32.994641176915465,91.26154579740894,138.65331358168564,0.1680154986679554,40.73274979348595,123.89319232414476,156.14332671385637,0.5877120047807693,33091.58740234375,4154.212463378906,12866.625,30.490000247955322,3.6,151892.0,204000.0,291.299,113.709,58.4,659847.0,1540.0,1712.0,21689.9,0.3,0.77,1858.995,106.67,30568582.0,21919.222,21.285714285714285,19032156.25,5,2,2022
2022-05-16,30165.435546875,145.30220673935398,0.5886905193328857,397.79000091552734,92.52000045776367,110.62887573242188,41.47287004198661,54.27750015258789,0.691010132431984,213.78003311157227,109.31250190734863,1.001426801085472,107.45499801635742,0.09521475248038769,21.954851627349854,2141.993682861328,1.0440610647201538,1.2275528013706207,1822.4250183105469,114.40317542170268,4.16700005531311,40.96168471661348,0.0077316241804510355,7.915721297264099,73.29071235656738,11.40250015258789,195.32442300670988,254.90781525594664,20.362000465393066,7.510749936103821,17.281113377941857,951.2250213623047,293.4914479099347,7.797499895095825,21.19949960708618,111.7260351265785,130.03957754673073,0.07404199801385403,255.40083694458008,1.280765026807785,0.9866894781589508,77.1254126392492,71.28898046505563,31.70011957428749,88.32276103720375,131.47125911181308,0.1403222493827343,38.72628796928241,121.84016805155036,146.89446725797956,0.4539225101470947,32093.427734375,3996.97998046875,12252.310302734375,30.500000476837158,3.6,151892.0,225000.0,291.299,113.709,58.4,659847.0,1540.0,1712.0,21689.9,0.2,0.77,1833.152,114.86,30568582.0,21919.222,11.0,19039462.5,5,2,2022
2022-05-23,29436.1015625,137.36892046933497,0.547327995300293,400.12999725341797,94.8700008392334,108.99787712097168,41.962537368922064,54.4325008392334,0.7020150274038315,198.7973861694336,111.6150016784668,1.0192802548408508,111.78750038146973,0.08683949895203114,21.094194889068604,2034.7994384765625,1.0529605448246002,1.2430411279201508,1828.1000366210938,109.60411491864403,4.258000135421753,39.56764632905741,0.007803529733791947,7.341340780258179,70.69075202941895,10.002500295639038,194.1872848133336,248.5424700184904,20.511499881744385,8.094250202178955,16.851795346557005,944.4500122070312,285.15336688369496,7.020250082015991,21.58025026321411,111.922962357277,129.4115620325149,0.07554399780929089,227.54666900634766,1.2857349812984467,0.9990109950304031,77.54335640635904,73.54716373883156,31.312007053213872,86.31677903013077,128.7042151408991,0.13506574928760529,38.190343371594984,123.23108246647865,138.73596743494602,0.422432504594326,31462.17529296875,3925.9400634765625,11934.130126953125,29.37000036239624,3.6,151892.0,211000.0,291.299,113.709,58.4,659847.0,1540.0,1712.0,21689.9,0.26,0.77,2044.658,115.13,30568582.0,21919.222,11.857142857142858,19046843.75,5,2,2022
2022-05-30,30341.68994140625,144.4004704313498,0.49185600876808167,419.0074996948242,99.11000061035156,111.68499946594238,43.358397240263045,56.05999946594238,0.7099923938512802,187.4579620361328,117.57750129699707,1.0403731167316437,113.51250076293945,0.08238674886524677,23.395101070404053,1856.4150695800781,1.0702860057353973,1.2599793076515198,1852.5000305175781,109.18686495734781,4.30287492275238,41.15007355467543,0.007864864892326295,6.827185392379761,65.63082599639893,9.887500047683716,189.94478388993247,262.15518419192955,21.218749523162842,8.676500082015991,18.042161243681182,944.9750061035156,296.3157342681779,6.9374998807907104,22.059499740600586,117.3010331410936,135.52214076040667,0.08080700226128101,241.63583755493164,1.2737124860286713,0.9991072416305542,80.7999603968224,78.05234805905856,33.1318943655945,89.39358063217624,135.10372358979998,0.12963075004518032,39.76668515688896,126.65594874565033,145.38298714817472,0.3960082456469536,32751.283203125,4087.525146484375,12405.382568359375,27.019999504089355,3.6,151892.0,200000.0,291.299,113.709,58.4,659847.0,1540.0,1712.0,21689.9,0.11,0.77,2006.688,123.01,30568582.0,21919.222,12.0,19050493.75,5,2,2022
2022-06-06,27995.30908203125,144.61236086121247,0.5736439973115921,428.55250549316406,105.41250228881836,121.49625015258789,43.1848440398723,56.4325008392334,0.7210395038127899,186.99214553833008,119.01250076293945,1.0405887365341187,117.35000038146973,0.08270800113677979,22.51101541519165,1840.6026611328125,1.071500450372696,1.2525105774402618,1846.9750366210938,114.21892012107818,4.450625061988831,41.22071910288652,0.007701094029471278,7.425206899642944,64.55436992645264,9.292500019073486,190.97493549126534,263.6402965907513,23.77174997329712,8.5552499294281,18.76551501271023,1008.2249908447266,301.3764085229039,6.590000033378601,21.918749809265137,118.66359088723965,137.1262927777924,0.08275150135159492,241.66499710083008,1.2615274786949158,0.9992407560348511,81.05117685727953,79.87997457064967,33.14372599194532,90.52389003332155,136.96140221667628,0.14276500046253204,39.4390315621066,124.05991669078378,149.75190235157092,0.40148399770259857,32895.2919921875,4117.1099853515625,12610.364990234375,25.565000534057617,3.6,152353.0,214000.0,295.072,114.376,50.0,666113.0,1542.0,1745.0,21642.5,0.28,1.21,2040.093,124.99,30568582.0,21919.222,13.285714285714286,19057793.75,6,2,2022
2022-06-13,21402.68896484375,138.2632618479177,0.5391705110669136,404.4674987792969,98.36499977111816,114.33500289916992,41.39973184910313,54.16249942779541,0.7168249934911728,157.4887580871582,121.74750137329102,1.019190400838852,120.41499900817871,0.06927300058305264,18.33957815170288,1560.4118957519531,1.0580114424228668,1.2386508882045746,1860.625,112.47127739945066,4.338375091552734,38.048808410825686,0.007494333549402654,7.133779287338257,52.72062873840332,7.897500038146973,181.19350973743585,252.2479076376075,21.332250595092773,8.84500002861023,17.51075171578075,986.5500030517578,288.65125405045785,5.517500042915344,21.921250343322754,112.34494061231912,129.68986057789448,0.0779892485588789,236.97999572753906,1.2696750164031982,0.9991432577371597,78.2172251301302,80.37331747191938,31.494233416070927,88.00391965645832,130.63747751756512,0.12664675153791904,37.77372962960375,120.90416348079947,143.47237290570868,0.36226650327444077,31852.197265625,3967.6649780273438,12073.862548828125,27.21749973297119,3.6,152353.0,213000.0,295.072,114.376,50.0,666113.0,1542.0,1745.0,21642.5,0.69,1.21,2212.62,128.44,30568582.0,21919.222,13.285714285714286,19065112.5,6,2,2022
2022-06-20,20881.87109375,130.45566286680128,0.4840410053730011,361.30750274658203,83.64999961853027,105.73250007629395,38.01545946063041,48.290000915527344,0.6975499987602234,124.14925575256348,115.78500175476074,1.024351492524147,112.76249885559082,0.059053500182926655,15.018569946289062,1150.0400085449219,1.0481829643249512,1.2199097573757172,1837.5750122070312,107.17671746652312,4.078125,35.253661264504096,0.0074518920155242085,6.499968647956848,51.25276565551758,6.627500057220459,164.14389821266255,242.33571261014026,16.399500131607056,7.429749846458435,15.967079212428832,931.3500061035156,270.7894368445037,4.668750047683716,21.49399995803833,101.86155327259347,116.67686743022688,0.06173349916934967,219.4691619873047,1.295737475156784,0.9986547529697418,71.19449517781243,68.72131273816753,29.473188665620206,82.21201648459268,122.46563560773096,0.11313849873840809,35.388954515127,114.86656437932409,133.47382945500823,0.3228904977440834,30143.939453125,3706.175048828125,11330.1201171875,31.267499446868896,3.6,152353.0,215000.0,295.072,114.376,50.0,666113.0,1542.0,1745.0,21642.5,0.67,1.21,2229.279,118.25,30568582.0,21919.222,7.428571428571429,19072425.0,6,2,2022
2022-06-27,19700.474609375,137.6128440128487,0.49032149463891983,379.25250244140625,85.48000144958496,113.29749870300293,43.88401394805226,54.84749984741211,0.6918845623731613,115.54292488098145,112.38000106811523,1.0416515171527863,107.31000137329102,0.07025675196200609,16.45387625694275,1180.3894653320312,1.0547958612442017,1.225494146347046,1827.875,115.1069297893742,3.821250021457672,35.97422971111888,0.0073911071522161365,6.8361769914627075,56.20703125,7.2850000858306885,165.4253518101712,257.18203891542953,19.678750038146973,6.359249830245972,16.78820154986083,913.375,284.6732470656883,5.117500066757202,21.24549961090088,104.33227372365413,119.46737893323063,0.0640319986268878,240.6449966430664,1.2918350398540497,0.9992589950561523,70.94796512604519,64.94494626629512,30.228124220571335,83.57551812854481,128.258054377399,0.12011724896728992,37.05085859746826,121.05658684716968,140.85346220696673,0.3541570007801056,31148.33447265625,3863.1099853515625,11936.929931640625,28.214999675750732,3.6,152353.0,212000.0,295.072,114.376,50.0,666113.0,1542.0,1745.0,21642.5,0.65,1.21,2155.942,119.69,30568582.0,21919.222,11.714285714285714,19076093.75,6,2,2022
2022-07-04,20774.7265625,136.7677693069055,0.46374349296092987,370.9775085449219,77.0625,109.90499877929688,41.60799851643151,51.417500495910645,0.6881347298622131,106.52005958557129,112.9124984741211,1.044036716222763,108.86750030517578,0.06887325085699558,15.319948196411133,1097.702392578125,1.0460887253284454,1.213284820318222,1805.0249938964844,110.16953577772236,3.6554999947547913,34.76151276220706,0.007384620141237974,6.359456539154053,52.450560569763184,5.962499976158142,160.94396719091702,254.12142173318227,17.52650022506714,5.912500023841858,15.171169915617648,886.1500091552734,278.9499983008369,4.454999804496765,19.94724988937378,98.38912944389317,112.61217470209922,0.06622000131756067,231.3650016784668,1.2830075025558472,0.999068483710289,70.31605228387498,66.27872311359907,30.32977413861459,84.13125360411793,125.6851836427425,0.11132100038230419,37.59874836802338,123.60780033491677,137.407639363434,0.3292664960026741,31127.86962890625,3833.7975463867188,11667.550048828125,27.522500038146973,3.5,153049.0,215000.0,294.94,114.638,51.5,659550.0,1392.0,1719.0,21641.8,0.54,1.68,2167.085,121.8,30928912.0,22066.784,12.0,19083400.0,7,3,2022
2022-07-11,20539.8203125,142.5427905151723,0.46566449850797653,382.6925048828125,77.6924991607666,113.59749984741211,45.04433689958803,54.52250099182129,0.6883107870817184,107.27659606933594,106.79999923706055,1.028437614440918,104.03249931335449,0.06830799952149391,15.24308156967163,1162.0213317871094,1.0229541063308716,1.2026192843914032,1754.6749877929688,115.47877477057112,3.513000011444092,35.28663454507942,0.00736038782633841,6.311563014984131,51.86384963989258,7.7799999713897705,167.08752515624968,258.7037294620042,20.971500396728516,5.94349992275238,15.420830032096344,882.4499969482422,285.7186734555136,5.1875,19.310999870300293,99.9437112699697,114.15614608407498,0.06802600063383579,243.1683349609375,1.2952499985694885,0.9993737488985062,68.95189185137265,63.60516876836052,30.339295590064733,83.5600435905499,128.07809977961074,0.10956850089132786,37.41827730934176,124.29659952848175,140.81569786511676,0.33054524660110474,31135.72021484375,3864.8299560546875,11949.19287109375,25.88249969482422,3.5,153049.0,212000.0,294.94,114.638,51.5,659550.0,1392.0,1719.0,21641.8,0.67,1.68,2164.266,114.85,30928912.0,22066.784,20.714285714285715,19090718.75,7,3,2022
2022-07-18,22549.2646484375,146.17932374014964,0.44155100733041763,378.17498779296875,79.46249961853027,112.17500114440918,43.86170288838926,51.89999961853027,0.6792199313640594,108.0973072052002,101.12000274658203,1.0210688412189484,97.6974983215332,0.0629699993878603,18.04577660560608,1268.7273254394531,1.0074685961008072,1.1873782575130463,1710.6499938964844,111.94628857836264,3.2743749618530273,35.84001009824271,0.007239805650897324,6.295523762702942,53.7350378036499,7.922500133514404,162.77531587821824,250.59183048435992,20.61500072479248,6.797499895095825,15.42157742029832,847.8000030517578,283.86574170256915,5.338750123977661,18.567749977111816,103.21067240314409,117.9949174628131,0.06697475165128708,239.55750274658203,1.3042649924755096,0.9996164888143539,68.01804753364999,62.02462733829868,30.008588582310622,82.74026682206163,127.93876508173715,0.10585674829781055,37.09593565568449,123.59821680672273,139.94724087510076,0.3377682566642761,31022.0,3832.2049560546875,11870.392333984375,25.41249942779541,3.5,153049.0,216000.0,294.94,114.638,51.5,659550.0,1392.0,1719.0,21641.8,0.59,1.68,2190.375,117.27,30928912.0,22066.784,18.428571428571427,19094375.0,7,3,2022
2022-07-25,23005.79736328125,150.57463911139956,0.5050027370452881,398.1074981689453,87.18000030517578,120.87249946594238,45.936894340771,55.6225004196167,0.6936951130628586,127.46243476867676,103.36999893188477,1.0356546938419342,97.02249908447266,0.06878399848937988,24.57284641265869,1548.0470275878906,1.0197212398052216,1.1987919211387634,1717.25,108.90433237764303,3.3330000042915344,37.1257257257795,0.007318305200897157,7.0260971784591675,58.300758361816406,11.934999942779541,171.20062517646699,253.8747183825287,27.189749717712402,8.023249864578247,17.172420363306255,861.1750030517578,294.6838658470182,7.022499918937683,18.554999828338623,109.81185612647371,125.81472071738565,0.0676332525908947,265.5625114440918,1.291959971189499,1.0000030249357224,70.57374428309761,64.69818062683065,30.972151358025805,85.62981369609687,133.1352262738036,0.11353874951601028,38.01870684064852,123.79672472498478,149.300448071013,0.3607509955763817,31750.19970703125,3938.5823974609375,12323.079833984375,23.59500026702881,3.5,153049.0,220000.0,294.94,114.638,51.5,659550.0,1392.0,1719.0,21641.8,0.45,1.68,2192.367,108.23,30928912.0,22066.784,31.285714285714285,19101693.75,7,3,2022
2022-08-01,23104.033203125,157.54459352896384,0.5093407332897186,402.4449996948242,92.11499977111816,130.5199966430664,44.76938097644472,53.88249969482422,0.6987640261650085,139.5283908843994,108.03000068664551,1.047016441822052,98.03250122070312,0.06771975010633469,35.26187038421631,1625.1406860351562,1.0204482972621918,1.2141188383102417,1752.2999877929688,112.81563319508172,3.5223750472068787,34.916930293389434,0.007459221058525145,7.4059799909591675,59.079912185668945,12.557499885559082,160.2248464020052,266.99158780769244,27.394250869750977,8.555000066757202,17.737647530425775,879.125,304.530210116141,7.100750088691711,19.696750164031982,114.17473710875916,130.30602946348066,0.06817050091922283,287.22083282470703,1.2819400429725647,1.0002489686012268,72.95213544955294,69.56452084375921,31.8001130624899,90.13259596219292,138.52722001518896,0.11576725170016289,39.790478310029314,126.3846001492099,155.48470982196108,0.3738202452659607,32576.44921875,4077.8674926757812,12733.447265625,22.294999599456787,3.6,153286.0,228000.0,295.162,115.298,58.2,663566.0,1520.0,1542.0,21606.6,0.09,2.33,2161.885,106.09,30928912.0,22066.784,34.142857142857146,19109006.25,8,3,2022
2022-08-08,24096.275390625,161.9966082933628,0.5204562470316887,425.9124984741211,100.70749855041504,139.66749954223633,48.422413459292564,60.06500053405762,0.6935700923204422,138.9915657043457,96.73999977111816,1.0431534051895142,90.92000198364258,0.06859874911606312,36.7760648727417,1677.7197875976562,1.019418179988861,1.211191087961197,1772.7250061035156,116.30395840761506,3.5366249680519104,33.8266596156376,0.007466607610695064,8.00052261352539,60.3818883895874,13.795000076293945,164.62412932643952,274.06305648249077,31.049750328063965,8.039499998092651,18.784711462340987,912.5000152587891,314.15310361947235,8.086250185966492,19.955749988555908,118.23060079526293,135.2142204761139,0.06950825080275536,293.8725051879883,1.289540022611618,1.0001719892024994,72.85518940613079,66.72317573767013,31.940475630667386,91.53077599489376,142.53089776536524,0.12128375098109245,39.67583495656473,125.82255086623533,160.63458519586575,0.37525824457407,32741.52197265625,4134.4625244140625,13137.777587890625,21.93499994277954,3.6,153286.0,221000.0,295.162,115.298,58.2,663566.0,1520.0,1542.0,21606.6,0.29,2.33,2195.692,103.46,30928912.0,22066.784,31.0,19112662.5,8,3,2022
2022-08-15,22265.140625,167.6741037379376,0.559661254286766,440.49000549316406,99.42500114440918,141.9775047302246,50.890579675666274,63.09475135803223,0.7060277462005615,139.89361953735352,97.40999984741211,1.0573155283927917,91.61249923706055,0.07869400084018707,41.10623073577881,1890.3714904785156,1.0264232456684113,1.2151871025562286,1793.4750061035156,119.61562214379715,3.6625000834465027,33.99213161951407,0.007488987175747752,8.810188293457031,62.58082962036133,17.174999713897705,176.84154466798378,281.7182472845528,34.547499656677246,8.515499949455261,18.190027401090678,951.6999969482422,320.71323672627136,9.542250156402588,20.59999990463257,117.80984745688978,134.48047118160827,0.07024524919688702,296.15333557128906,1.2806299924850464,1.0003032386302948,75.7182397831905,69.92736137203823,33.38702182873249,94.42747548730148,145.5226235284573,0.12714450247585773,40.965000600379774,127.23608973236233,163.75232411823717,0.37597598880529404,33497.962890625,4238.2149658203125,13410.802490234375,20.130000591278076,3.6,153286.0,220000.0,295.162,115.298,58.2,663566.0,1520.0,1542.0,21606.6,0.35,2.33,2175.857,98.25,30928912.0,22066.784,42.0,19119975.0,8,3,2022
2022-08-22,20163.837890625,170.35837002651516,0.4867430031299591,431.47249603271484,97.08499717712402,140.23500061035156,46.249287339509266,58.082499504089355,0.6932442337274551,123.81859397888184,95.75,1.0478902459144592,89.84249877929688,0.07376774959266186,35.58039951324463,1695.0367736816406,1.009693443775177,1.1900751292705536,1760.4249877929688,117.83911725252396,3.6583750247955322,33.90175322801313,0.007360135554336011,7.48136830329895,57.327680587768555,14.47000002861023,170.29989148289255,281.40069101599306,30.151999950408936,9.188000202178955,18.1331036022732,898.3000183105469,319.59168684469336,7.987499833106995,19.356250286102295,116.34821547541871,133.38665670192142,0.06675899773836136,300.12499237060547,1.2940725088119507,1.0000692456960678,75.43925701415364,71.17458300828733,33.48218684694169,94.93894145243172,145.64240193521795,0.11451775021851063,40.806324882415765,127.27912831007752,165.10625917342603,0.35377974808216095,33819.44921875,4250.2349853515625,13354.3828125,20.47000026702881,3.6,153286.0,215000.0,295.162,115.298,58.2,663566.0,1520.0,1542.0,21606.6,0.46,2.33,2235.665,95.06,30928912.0,22066.784,33.285714285714285,19127281.25,8,3,2022
2022-08-29,20029.2138671875,163.2899132394628,0.4424535036087036,390.5824966430664,92.71500015258789,132.45750045776367,43.18732367499503,53.28249931335449,0.7011774480342865,119.63043975830078,99.20249938964844,1.0371271073818207,92.11999893188477,0.06423425022512674,32.690836906433105,1502.4563293457031,0.9981409162282944,1.178053230047226,1740.125,111.36507143238343,3.715749979019165,32.14160956743143,0.007290506619028747,6.537580728530884,54.32519721984863,12.082500219345093,162.7952425681076,265.98439043732236,25.74174976348877,9.417499780654907,16.65313471930922,859.7749786376953,305.2394238658135,6.985000014305115,18.87249994277954,110.54205412118667,127.27417821288873,0.06271975114941597,291.5308303833008,1.2979474663734436,1.0000204890966415,74.43920091850659,74.31526507270175,32.3687328011101,92.17846449034029,138.3316838824746,0.10557275079190731,39.330793533553155,123.00508863007292,157.55831251212769,0.33471299707889557,32607.90283203125,4094.0049438476562,12747.25,24.672499656677246,3.6,153286.0,210000.0,295.162,115.298,58.2,663566.0,1520.0,1542.0,21606.6,0.54,2.33,2205.188,101.13,30928912.0,22066.784,26.428571428571427,19134593.75,8,3,2022
2022-09-05,20988.3828125,155.23212803060713,0.484919510781765,370.21500396728516,82.54749870300293,127.68750381469727,40.752632164201316,50.49875068664551,0.6830074191093445,117.28185272216797,95.83249855041504,1.0223589539527893,89.34500312805176,0.06276349909603596,32.43556833267212,1556.5487060546875,0.9977665096521378,1.1570325791835785,1713.6750183105469,107.96134492070217,3.4742499589920044,30.186424904013055,0.007152813021093607,6.941209673881531,59.046326637268066,11.46500015258789,160.36420537253957,253.10153889669007,22.59025001525879,8.968250274658203,14.205995848883568,822.9249877929688,292.1756953715123,6.760000109672546,17.864249229431152,103.07490103244817,118.26797702893353,0.06366249918937683,273.7624969482422,1.3088925182819366,1.000076025724411,71.03713639597379,73.13607970884274,31.428955779081125,88.88502753583515,131.22142379376166,0.10557125136256218,37.86094235571519,120.07280611210355,152.33524343446777,0.3296179994940758,31536.0322265625,3953.7899780273438,12201.05029296875,25.454999923706055,3.5,153513.0,204000.0,296.421,115.805,58.6,661854.0,1470.0,1613.0,21520.5,0.73,2.56,2173.413,94.22,30928912.0,22066.784,22.714285714285715,19141912.5,9,3,2022
2022-09-12,20225.0810546875,154.25760094356963,0.4996184855699539,387.75499725341797,83.57999801635742,131.2425022125244,43.0162505895247,53.24850082397461,0.6819891929626465,127.47005844116211,92.4749984741211,1.036700576543808,86.29249954223633,0.06265324912965298,37.64639902114868,1702.0278930664062,1.0082819014787674,1.1565543115139008,1711.7749633789062,108.99639172660366,3.544250011444092,29.5727517171414,0.00701719440985471,7.679799914360046,60.558959007263184,13.399999856948853,165.38302155654475,256.063431089863,24.726250648498535,8.217249989509583,14.129103045763975,865.1750030517578,297.60928823223907,7.7500001192092896,18.444000720977783,104.62337116126605,120.32388887598215,0.06332749966531992,291.2374954223633,1.3087925016880035,1.0002344846725464,72.85992476082941,72.33106917656748,32.273570466366095,90.24256095255991,132.73927228912402,0.11101225018501282,38.7122059029726,123.54083777523789,157.73148345805356,0.3468557447195053,31894.90576171875,4024.570068359375,12428.954833984375,24.005000114440918,3.5,153513.0,197000.0,296.421,115.805,58.6,661854.0,1470.0,1613.0,21520.5,0.95,2.56,2218.546,93.45,30928912.0,22066.784,23.857142857142858,19145562.5,9,3,2022
2022-09-19,18892.28515625,151.49188791475146,0.4644722491502762,321.88250732421875,78.26250076293945,126.0625,42.81790714216911,52.855000495910645,0.678157314658165,117.19254684448242,92.13999938964844,1.0408904552459717,86.17000007629395,0.059368000365793705,32.20225429534912,1445.0791015625,1.0043460130691528,1.1541579961776733,1680.7999572753906,104.04258017766233,3.5723750591278076,28.24789069578451,0.0069898071233183146,7.562489867210388,56.398138999938965,11.974999904632568,151.3516554049928,244.53419715600822,22.09725046157837,8.120749950408936,13.375614362247468,897.1999969482422,288.45273609187535,7.147500038146973,19.30424976348877,101.03718783838885,116.46151689263398,0.06176550127565861,301.5550003051758,1.3195574879646301,1.0000692456960678,70.23803190297829,71.91835144656838,31.79773217165386,86.80808322761543,128.01943839623345,0.10815024934709072,37.23781567955791,122.74677077874567,155.82870250340775,0.3592820018529892,31174.73974609375,3925.7550048828125,12046.46240234375,26.052499771118164,3.5,153513.0,201000.0,296.421,115.805,58.6,661854.0,1470.0,1613.0,21520.5,1.15,2.56,2217.542,89.43,30928912.0,22066.784,25.571428571428573,19152868.75,9,3,2022
2022-09-26,19244.99169921875,150.0436372249952,0.45100750029087067,287.11499786376953,70.28750038146973,116.08249855041504,38.560910331668886,47.37199878692627,0.6623601615428925,113.98879432678223,87.81750106811523,1.0234600901603699,80.54999923706055,0.061614250764250755,28.65200662612915,1301.5331420898438,0.9780708700418472,1.1007601916790009,1654.0000305175781,99.09623231987399,3.416249990463257,26.597161472548734,0.006981773884035647,7.584392428398132,52.830711364746094,9.96749997138977,141.6598473586225,234.67191865564132,19.368000507354736,7.1290000677108765,12.816216741296916,873.1999969482422,274.1324130783258,6.347999930381775,19.014249801635742,95.84136248880102,110.40023780811265,0.059867498464882374,284.3199920654297,1.3480574786663055,1.0000622123479843,65.73896223914564,65.66191987895206,29.972900128562312,82.11406878286552,122.41725511116078,0.1177312508225441,34.46949512185752,117.90108767822261,145.7045461594883,0.46982474625110626,29864.54541015625,3735.25,11463.6650390625,29.425000190734863,3.5,153513.0,189000.0,296.421,115.805,58.6,661854.0,1470.0,1613.0,21520.5,1.56,2.56,2299.011,82.55,30928912.0,22066.784,22.428571428571427,19160200.0,9,3,2022
2022-10-03,19581.61767578125,140.41179005022826,0.43018149584531784,278.50750732421875,64.5875015258789,114.3849983215332,37.9460342393706,46.2524995803833,0.6482225507497787,115.95149040222168,87.4124984741211,1.0136442482471466,79.54249954223633,0.06006524991244078,27.678462982177734,1304.2369384765625,0.974997878074646,1.097924530506134,1654.4750061035156,96.42897530368697,3.416624963283539,24.970223410581774,0.006924762856215239,7.472118496894836,52.62321472167969,10.692500114440918,136.28767351475196,230.305069713523,21.051499843597412,6.781749844551086,12.248577573752652,867.4000091552734,266.2361697709549,7.015000104904175,18.786749362945557,91.76347770568591,104.96627220483313,0.0606282502412796,270.4925003051758,1.372689962387085,1.0000489801168442,64.76506480430325,65.49755395179288,29.190633741650707,80.28577881998521,118.05416388999393,0.1166247483342886,33.14885457077061,117.03355055618911,141.3574333502334,0.4550594985485077,28994.662109375,3623.0275268554688,11114.06494140625,31.877500534057617,3.6,153913.0,204000.0,297.979,116.2,59.9,668671.0,1440.0,1560.0,21424.7,1.43,3.08,2252.523,90.68,31419689.0,22249.459,21.571428571428573,19167537.5,10,4,2022
2022-10-10,19186.2890625,139.49650364781786,0.42536525428295135,290.00999450683594,61.34749984741211,116.14249801635742,37.89620121570188,46.58749961853027,0.6481850892305374,118.0167064666748,95.23499870300293,1.0098427832126617,89.86499977111816,0.06250200048089027,27.40162467956543,1324.1910705566406,0.9801636934280396,1.1189715266227722,1697.7250061035156,98.73047742460486,3.450374960899353,24.958329214919733,0.0069010843290016055,7.556769371032715,53.79966449737549,11.650000095367432,134.79719203684664,233.08822790383076,22.54775047302246,6.747250080108643,12.444115587678162,925.8500061035156,267.9670320736635,6.836250066757202,20.407249450683594,93.93817628428525,108.32376092043589,0.06222449894994497,231.4150047302246,1.3668624758720398,1.0001512467861176,66.69326767921942,73.72945841593159,29.76463755215041,82.22617679025186,119.7816084448063,0.12519950047135353,32.297855444324036,118.72164159360374,139.37969654325002,0.5122715011239052,29475.822265625,3672.7899169921875,11181.124755859375,31.070000648498535,3.6,153913.0,206000.0,297.979,116.2,59.9,668671.0,1440.0,1560.0,21424.7,1.62,3.08,2226.95,97.13,31419689.0,22249.459,23.142857142857142,19174856.25,10,4,2022
2022-10-17,19392.9951171875,137.0885242960153,0.37949900329113007,287.6625061035156,56.647499084472656,108.85000038146973,34.54192539770557,42.572500228881836,0.6535799354314804,110.41878509521484,93.27749824523926,0.9969007223844528,87.51499938964844,0.05900949984788895,23.566786766052246,1290.404052734375,0.9722338765859604,1.1158601343631744,1654.1999816894531,96.5857216492378,3.4485000371932983,24.55872901125137,0.006762675358913839,7.130577921867371,51.550188064575195,10.452500104904175,127.43936909914974,223.60535811829573,21.21525001525879,6.53600001335144,11.335559108514856,904.3499908447266,257.5523971268982,5.917500138282776,18.468749523162842,85.82155156791917,98.87242101119547,0.06203899998217821,210.2825050354004,1.3800974786281586,1.0000412315130234,65.23820249268779,73.94265817223305,29.60918293535857,81.56337174518384,114.6703460763697,0.11586099676787853,31.111268884515013,118.65920631685962,133.66166368329198,0.48409076035022736,29589.85498046875,3592.4300537109375,10744.412109375,32.427499771118164,3.6,153913.0,199000.0,297.979,116.2,59.9,668671.0,1440.0,1560.0,21424.7,1.57,3.08,2172.301,91.04,31419689.0,22249.459,22.285714285714285,19182181.25,10,4,2022
2022-10-24,20366.4814453125,143.7523632150413,0.35762999951839447,302.18499755859375,58.46000003814697,117.07999801635742,35.80390391672846,44.94499969482422,0.6397700309753418,109.16522789001465,92.6349983215332,0.9995899647474289,85.09000015258789,0.05972124915570021,22.957804679870605,1338.8303833007812,0.9826688021421432,1.1278605163097382,1645.4500122070312,100.3825708859355,3.481750011444092,25.338900952691233,0.006739701493643224,6.992875576019287,52.95438766479492,11.620000123977661,130.21131057581349,235.59234785699377,22.925999641418457,5.283750057220459,12.291281859557081,940.1749877929688,269.16687252211017,5.861250042915344,18.922749996185303,89.76244931286652,103.41997881823175,0.061907500959932804,215.1750030517578,1.368182510137558,1.0000730156898499,68.12457191958329,78.25458947761615,30.6519569874927,84.62283940233363,120.70537684967783,0.11161500215530396,31.901556650241826,120.99804707940048,138.81253567200733,0.46396150439977646,30820.50244140625,3726.7349853515625,11238.695068359375,30.302500247955322,3.6,153913.0,201000.0,297.979,116.2,59.9,668671.0,1440.0,1560.0,21424.7,1.66,3.08,2242.044,91.57,31419689.0,22249.459,22.285714285714285,19185843.75,10,4,2022
2022-10-31,20846.52490234375,151.26491561649138,0.4005517438054085,322.03499603271484,60.84999942779541,106.45000267028809,37.52033503987532,47.27500057220459,0.6425080448389053,115.12147521972656,95.00749778747559,1.0052354633808136,87.05500030517578,0.110963499173522,24.557331562042236,1540.4507141113281,0.9959011226892471,1.153696209192276,1645.875,96.83703503101762,3.503000020980835,26.99438740191672,0.006786503130570054,7.574818968772888,55.124372482299805,13.692500114440918,107.77455432308894,232.18987073764052,26.90850019454956,5.5019999742507935,13.381108970528748,959.5750122070312,275.1217039070783,6.838750123977661,19.209749698638916,93.062422676349,107.64482844096486,0.06305299699306488,222.36000061035156,1.357690006494522,1.0001797676086426,70.43082217237134,81.50288453901933,32.26156985949922,89.57705195691271,125.5422084017952,0.1117824986577034,33.2015418648647,126.37450460611045,141.1691926795045,0.4609899967908859,32443.705078125,3862.2974853515625,11485.18994140625,27.050000190734863,3.6,153913.0,202000.0,297.979,116.2,59.9,668671.0,1440.0,1560.0,21424.7,1.58,3.08,2275.459,93.3,31419689.0,22249.459,30.571428571428573,19193143.75,10,4,2022
2022-11-07,17360.667236328125,139.78761322929395,0.40613000094890594,293.82749938964844,61.584999084472656,93.71750259399414,35.828696867726244,44.82249927520752,0.6421973556280136,117.81600761413574,97.07999992370605,0.9996317923069,90.84750175476074,0.1250122506171465,24.76393699645996,1578.2622375488281,0.9921572953462601,1.1383475065231323,1658.6499938964844,87.71315595901507,3.6424999237060547,26.81837192530108,0.0067953746765851974,8.14201295375824,65.42155647277832,11.525000095367432,91.81477440446244,218.33279945513652,26.985999584197998,6.231000065803528,13.859346491640965,960.6999969482422,263.1973251847895,6.054999947547913,20.36875009536743,92.78722820078818,106.57778420288099,0.06306250020861626,213.85499954223633,1.3558000028133392,1.000051498413086,70.87304550858168,83.38491193153752,32.40746871548872,90.64570861445173,120.03643375289424,0.11031549982726574,33.14885165199434,125.91108868047903,136.12097264728934,0.47406676411628723,32401.35546875,3787.760009765625,10980.2099609375,25.042499542236328,3.6,154210.0,204000.0,298.708,116.554,56.7,659458.0,1420.0,1402.0,21358.0,1.69,3.78,2241.317,99.87,31419689.0,22249.459,33.0,19200456.25,11,4,2022
2022-11-14,16391.482421875,144.3219858366566,0.34709374606609344,328.0449981689453,69.4650011062622,97.16000175476074,38.24107430248587,45.65999984741211,0.6626006811857224,101.71156120300293,95.80749893188477,1.0482073426246643,89.08999824523926,0.09011800214648247,20.867947101593018,1282.849853515625,1.0260753482580185,1.17030867934227,1742.7250061035156,93.70202233473346,3.8644999861717224,28.68967526138067,0.007097894558683038,6.856049060821533,59.22928810119629,9.850000381469727,108.00098036657677,235.8444559177875,19.486499547958374,6.173500180244446,15.683634673474346,1039.4500274658203,277.23110057905643,5.34375,21.380500316619873,104.43379265151503,119.64856479327106,0.0542412493377924,194.48999786376953,1.194875031709671,0.9948874861001968,76.03000231690919,84.40501560904438,33.8592225506543,94.6657655878111,127.46322216659586,0.0923012513667345,34.95851282020642,127.70962829392397,138.849212727131,0.37139424681663513,33434.66748046875,3932.8899536132812,11566.10986328125,23.500000476837158,3.6,154210.0,210000.0,298.708,116.554,56.7,659458.0,1420.0,1402.0,21358.0,1.51,3.78,2165.018,93.59,31419689.0,22249.459,24.857142857142858,19204106.25,11,4,2022
2022-11-21,16314.94384765625,148.84932391131304,0.3199554979801178,335.4574966430664,74.1150016784668,96.13750076293945,37.34356065471422,45.125,0.6695751696825027,104.0180835723877,89.48750114440918,1.052376925945282,81.80999946594238,0.08054124936461449,18.831892490386963,1176.7710571289062,1.0360572636127472,1.1874003112316132,1757.5750122070312,96.9141578097654,3.6919999718666077,28.94761981688016,0.007152840378694236,5.975190043449402,60.62411022186279,8.132499933242798,112.62917531392239,236.72076427809856,16.98349952697754,6.2200000286102295,15.717097915758842,1011.7750091552734,281.17226310541446,4.699999928474426,21.251749992370605,107.76679115721464,122.28101889002335,0.04959949944168329,184.43750381469727,1.3367425203323364,0.9990462511777878,76.25348220043908,84.23996640145558,33.813779493042645,95.15566714800936,129.70520961839804,0.0878167487680912,34.801599526834195,128.67015658129824,138.92990759452144,0.36094649881124496,33679.5478515625,3966.5150756835938,11724.59228515625,23.830000400543213,3.6,154210.0,220000.0,298.708,116.554,56.7,659458.0,1420.0,1402.0,21358.0,1.52,3.78,2125.426,88.44,31419689.0,22249.459,22.285714285714285,19211425.0,11,4,2022
2022-11-28,16878.250244140625,147.03541488292478,0.3110232427716255,331.8249969482422,75.01749992370605,93.10750007629395,35.40472870030802,43.247501373291016,0.6718503832817078,110.59013748168945,84.86499786376953,1.055552214384079,77.5,0.09406524710357189,19.457753658294678,1174.6075439453125,1.0376608073711395,1.202968031167984,1750.1500244140625,96.47127331156109,3.6177499294281006,28.36664157060597,0.007161972811445594,6.657881855964661,72.86538410186768,6.459999918937683,110.44697239730314,241.63945243699578,17.533499479293823,6.949250102043152,16.019521955542082,1007.75,281.2067132705659,4.309999883174896,21.269999504089355,108.0432229631654,122.95098269935443,0.05241874884814024,179.2775001525879,1.340212494134903,0.9993769973516464,77.61823005499488,83.54767858739481,34.359082435864664,96.83908623255412,130.4231664083718,0.08872675150632858,35.338772243992196,131.03780710383688,138.4874100268561,0.38958724588155746,34159.9384765625,4004.9000854492188,11720.455078125,21.360000133514404,3.6,154210.0,209000.0,298.708,116.554,56.7,659458.0,1420.0,1402.0,21358.0,1.43,3.78,2054.914,83.5,31419689.0,22249.459,22.857142857142858,19218743.75,11,4,2022
2022-12-05,17084.2744140625,144.59379144639763,0.31812474876642227,339.3500061035156,75.44000244140625,94.23250007629395,37.01926482758127,45.265000343322754,0.6769523024559021,110.81094932556152,85.29750061035156,1.064295381307602,79.22500038146973,0.10224075056612492,19.51357936859131,1254.6535949707031,1.047863095998764,1.2201851606369019,1783.3500061035156,98.83746523347709,3.7832500338554382,28.33048270199587,0.007380174472928047,7.311149835586548,76.31659507751465,6.627499938011169,119.28778883955032,246.5439894325653,19.863250255584717,6.551000118255615,16.61638004251178,1041.0249938964844,285.20447373593174,4.771250009536743,22.535249710083008,109.04495570918715,123.88892726900598,0.053361001424491405,191.8474998474121,1.3504950106143951,1.000000536441803,78.83553293077713,82.96539978260145,34.318427106378344,97.56913215177234,131.44491477596824,0.08809800073504448,35.598767538507005,133.21577587861645,141.71677868777033,0.3919509947299957,34259.759765625,4045.389892578125,11888.5498046875,19.924999713897705,3.5,154336.0,209000.0,298.808,116.977,59.8,651763.0,1340.0,1400.0,21219.3,1.21,4.1,2093.647,83.36,31419689.0,22249.459,26.857142857142858,19222418.75,12,4,2022
2022-12-12,17104.79638671875,142.1571260483009,0.31273000687360764,331.5350112915039,70.21749687194824,89.92999839782715,35.0402688146156,43.097500801086426,0.6780001074075699,108.89614677429199,78.93499946594238,1.0677964389324188,73.70999908447266,0.09735749661922455,19.136098861694336,1263.6056518554688,1.0533729493618011,1.224265694618225,1792.125,94.49572875318034,3.8584999442100525,27.55423615798653,0.007338389288634062,6.927502155303955,77.97383308410645,5.534999966621399,116.78707813824238,242.24822810640853,20.112000465393066,6.054499864578247,16.799233822692138,1038.9999694824219,278.9399292001724,4.4075000286102295,23.19374990463257,107.4720148188655,122.1020791583397,0.05392574891448021,179.60750198364258,1.3639425039291382,1.000085487961769,77.55638935405992,77.84196309237666,33.299571167082775,95.65996921674973,128.7765585626133,0.08504274860024452,35.10740683096729,132.71150219886235,137.26508557037525,0.3837737515568733,33676.810546875,3959.89990234375,11628.9951171875,22.18000030517578,3.5,154336.0,210000.0,298.808,116.977,59.8,651763.0,1340.0,1400.0,21219.3,1.33,4.1,2158.517,78.0,31419689.0,22249.459,26.428571428571427,19229737.5,12,4,2022
2022-12-19,16773.7734375,136.59184102479207,0.2777475044131279,339.3350067138672,67.7075023651123,89.67500114440918,34.10804293565566,41.78200054168701,0.6750924736261368,103.61369895935059,79.13250160217285,1.0743990242481232,74.14999961853027,0.08176249824464321,16.839571237564087,1219.4451293945312,1.0608704686164856,1.2213479280471802,1793.6500244140625,91.95287922567266,3.794374942779541,26.609244516296172,0.007326238672249019,6.190822124481201,68.02834892272949,4.2825000286102295,118.47661868484292,244.68821870065426,18.34025001525879,6.63099992275238,17.07151549502185,1022.7250061035156,274.8708693343219,3.9774999618530273,23.374249935150146,106.8311122954313,121.01219450006354,0.05426649935543537,156.9674949645996,1.3685999810695648,1.0002117455005646,76.27726671494045,77.69066958472101,32.692081505749066,95.25412037985522,127.68864120960218,0.07771699875593185,34.847188288674225,131.49643454423938,133.56386265887744,0.36118774861097336,33301.9482421875,3908.3975219726562,11457.347412109375,23.037500381469727,3.5,154336.0,213000.0,298.808,116.977,59.8,651763.0,1340.0,1400.0,21219.3,1.42,4.1,2134.765,81.66,31419689.0,22249.459,28.571428571428573,19237056.25,12,4,2022
2022-12-26,16654.6201171875,131.0191524662877,0.2590012513101101,336.92750549316406,64.78749752044678,85.09499931335449,31.187400636109526,38.21750068664551,0.6710392832756042,101.02812767028809,82.62750053405762,1.0743663609027863,78.31499862670898,0.07553975097835064,15.987391233444214,1206.3250122070312,1.0646006762981415,1.2085961699485779,1799.5500183105469,88.41230469351011,3.791999936103821,25.191756242235176,0.00749316078145057,5.954451084136963,67.40912246704102,3.697499990463257,116.67012732481038,234.9037324146254,16.618000507354736,5.3144999742507935,15.467576563534157,1031.3499755859375,263.55387187810334,3.7475000619888306,23.660749912261963,100.21401633552033,114.98676485302161,0.05466549936681986,130.64249992370605,1.3639425039291382,0.9999964982271194,74.36332224664051,78.82997374714839,32.347673579677,94.21428090648276,122.47690140853665,0.07444575242698193,33.802858366776846,130.2789936832424,126.94861131731385,0.34540925174951553,33104.7822265625,3835.987548828125,11010.175048828125,21.49500036239624,3.5,154336.0,204000.0,298.808,116.977,59.8,651763.0,1340.0,1400.0,21219.3,1.55,4.1,2216.348,82.45,31419689.0,22249.459,28.0,19240712.5,12,4,2022
2023-01-02,16961.41552734375,127.79909436927383,0.25146524980664253,334.9375,64.16999816894531,83.76000022888184,30.57005131566688,37.92500019073486,0.6776052564382553,98.3076114654541,84.85000228881836,1.080297976732254,79.62250137329102,0.0709410011768341,15.691848754882812,1204.5124816894531,1.0698585510253906,1.2081375122070312,1817.1999816894531,87.41707491790808,3.8352500200271606,25.268899857527302,0.007580575533211231,5.6774067878723145,69.72210121154785,3.384999990463257,118.7453469702254,234.60423482017885,14.394249677658081,4.673749923706055,14.541084406156116,1058.7999725341797,261.1608918056821,3.4225000739097595,23.864749908447266,99.80588296317897,113.23097201982006,0.054503750056028366,119.77000045776367,1.356289952993393,0.9997427612543106,74.54115152539273,80.80914509752586,32.858556513692136,94.80150171334803,121.68595289856006,0.0728090014308691,34.206340113287695,130.97719374679815,126.02917620202847,0.3462822437286377,33132.509765625,3829.4924926757812,10882.9423828125,21.774999618530273,3.5,154780.0,204000.0,300.456,117.526,64.9,680253.0,1361.0,1443.0,21205.1,1.58,4.33,2553.716,82.82,31458438.0,22403.435,27.0,19248025.0,1,1,2023
2023-01-09,19982.68310546875,127.09973111736292,0.2832554914057255,333.44000244140625,63.71249866485596,85.14250183105469,30.96922287678639,38.29999923706055,0.6836621463298798,101.53595161437988,80.4424991607666,1.0758881568908691,75.37499809265137,0.07289674878120422,19.214468479156494,1264.3233642578125,1.0632172226905823,1.2038994133472443,1857.8499755859375,87.23044752061885,3.8644999861717224,27.158886331508345,0.0075709911761805415,5.839593529701233,75.81855010986328,3.9475000500679016,127.5613065618206,224.59639502906876,15.649499893188477,3.833500027656555,14.678473140794916,1086.1999816894531,263.23107946624043,4.052500069141388,23.829750537872314,103.45882335988324,117.60526730488279,0.05332949943840504,111.68249893188477,1.3504849672317505,0.9998884946107864,76.13966944053402,80.26719034104168,33.77070224538662,96.64257459161529,122.09631615578877,0.07572975009679794,34.89672425391139,130.56971800307232,128.34084077287557,0.3416122570633888,33446.0517578125,3872.6700439453125,10967.5546875,21.75499963760376,3.5,154780.0,208000.0,300.456,117.526,64.9,680253.0,1361.0,1443.0,21205.1,1.31,4.33,2199.121,77.5,31458438.0,22403.435,26.428571428571427,19255362.5,1,1,2023
2023-01-16,22316.18115234375,131.60977140108844,0.3412969931960106,342.92250061035156,69.82999992370605,95.4225025177002,34.71547941848004,42.77250003814697,0.6955624967813492,120.93967819213867,83.59749794006348,1.0794243514537811,78.32500076293945,0.08434749953448772,22.046783447265625,1488.8447265625,1.0804908275604248,1.2201550900936127,1906.1750183105469,90.13407744523762,4.140249967575073,28.793334848089174,0.007753262645564973,6.601733446121216,85.7633056640625,6.919999837875366,134.06564058072775,231.91387282246893,20.537750244140625,3.5874999165534973,16.451769475602365,1067.5249633789062,274.0847391217082,5.747249960899353,23.96950054168701,110.40349732934051,125.07079429201278,0.061022499576210976,121.41749954223633,1.3392049968242645,1.0002877116203308,79.44675344636201,82.63181007647019,34.53121193039986,98.4401946041547,127.01586116301137,0.08594275079667568,36.24737165924496,130.18154159751268,135.18008162342693,0.38048548996448517,34092.3349609375,3969.8550415039062,11420.400146484375,19.292500019073486,3.5,154780.0,203000.0,300.456,117.526,64.9,680253.0,1361.0,1443.0,21205.1,1.31,4.33,2179.781,82.65,31458438.0,22403.435,36.57142857142857,19262675.0,1,1,2023
2023-01-23,23468.77490234375,135.45505846496687,0.3663655072450638,352.14500427246094,70.04749870300293,96.67000007629395,36.060509998220965,44.77750110626221,0.6965048015117645,127.06229972839355,86.70999717712402,1.0879009366035461,80.78249740600586,0.08740799874067307,22.22290277481079,1610.0915832519531,1.0852391719818115,1.234594702720642,1921.9250183105469,95.6402473526092,4.238124847412109,28.190659641937053,0.007724376628175378,6.881017684936523,87.1834831237793,7.879999756813049,137.0590152865869,234.05685952182859,23.292749881744385,3.3070000410079956,17.556115623245216,1036.5499877929688,276.99530431626226,6.137499928474426,23.87625026702881,112.00916262581606,125.96140500775545,0.06136124860495329,131.9574966430664,1.341302514076233,1.000216767191887,79.00644258224301,83.44935771485643,34.0089612301132,95.99347724591959,128.42144217471466,0.08947400003671646,36.26707385164767,129.16401519151123,136.04542394860218,0.39728400111198425,33492.46875,3961.5375366210938,11545.067626953125,20.02999973297119,3.5,154780.0,203000.0,300.456,117.526,64.9,680253.0,1361.0,1443.0,21205.1,1.24,4.33,2135.499,87.54,31458438.0,22403.435,50.714285714285715,19269987.5,1,1,2023
2023-01-30,23184.03125,142.58958544842562,0.38492725789546967,366.35250091552734,74.85500144958496,99.87249755859375,38.962557399115866,48.880249977111816,0.7106299847364426,134.35999870300293,86.9575023651123,1.0845863819122314,80.26000022888184,0.0889702495187521,22.51506996154785,1619.2085266113281,1.0879987180233002,1.236956000328064,1928.3499755859375,97.73772106224347,4.235499978065491,27.383078428915113,0.007694854983128607,7.202270269393921,93.38779830932617,8.355000138282776,148.13433601170578,239.83769674502105,25.274250030517578,3.143499970436096,19.777795472392572,1019.9750061035156,288.8298323696058,6.247499942779541,23.522250175476074,117.32466773272021,132.1816072423528,0.0628472501412034,167.68749618530273,1.335055023431778,1.0001451969146729,79.61187405108225,84.29932158625566,34.711718298875375,97.16857548760211,133.14438242042016,0.09350324794650078,37.01189345950968,128.5274350200189,142.81854786348836,0.41454724967479706,33848.423828125,4046.0975341796875,12032.85498046875,18.97249984741211,3.5,154780.0,200000.0,300.456,117.526,64.9,680253.0,1361.0,1443.0,21205.1,1.26,4.33,2048.714,84.9,31458438.0,22403.435,54.285714285714285,19277300.0,1,1,2023
2023-02-06,22120.939453125,150.17887213696275,0.39161550253629684,380.99498748779297,83.2874984741211,104.94750022888184,42.05501917448829,53.008249282836914,0.6983024626970291,135.03858184814453,81.71750259399414,1.0851928293704987,75.09249877929688,0.09227975085377693,22.900075912475586,1628.6026611328125,1.0872453153133392,1.214464247226715,1886.6000061035156,102.96025024221292,4.104125022888184,28.769225963993513,0.007668896811082959,7.035449981689453,96.10016632080078,7.382500171661377,178.45146484358366,251.26193715105467,27.808499813079834,2.4852500557899475,20.757741662838484,984.7249908447266,299.6662577156157,6.845000147819519,22.86549949645996,121.9325953318727,138.08965161392425,0.06383825000375509,185.43499755859375,1.3387075066566467,1.00017948448658,80.26994485605768,80.5543881431891,35.14973548581389,98.87210235715966,138.00495354190107,0.09111049957573414,37.96869477326278,128.18987477722928,148.54735732129802,0.40198274701833725,33942.0361328125,4120.987487792969,12483.452880859375,18.605000019073486,3.6,155086.0,215000.0,301.476,117.963,66.9,672152.0,1404.0,1620.0,21184.6,1.38,4.57,2072.261,80.48,31458438.0,22403.435,57.0,19280956.25,2,1,2023
2023-02-13,23812.37255859375,149.87491861484307,0.3716997429728508,374.0849914550781,82.85750198364258,98.85000038146973,39.812968044252415,50.1274995803833,0.6921801418066025,126.19353294372559,84.69499969482422,1.0827185809612274,78.00500106811523,0.08439950086176395,21.498852252960205,1555.01416015625,1.071899652481079,1.2071398198604584,1865.6500244140625,97.27243810932994,4.043625116348267,27.14200590848655,0.007611647946760058,7.028482437133789,94.43400764465332,6.1875001192092896,178.01849055742744,259.6448001280529,25.453999996185303,2.5087499618530273,21.566326244657205,953.8749847412109,297.63311352950814,5.869500160217285,22.09500026702881,121.744567197038,137.93968799264982,0.06478574965149164,199.33250045776367,1.3397774994373322,1.000203788280487,78.74801301949967,82.29366611179913,35.176207746870745,98.58015370557891,138.69052103984794,0.08686099760234356,37.23081855261901,127.61361715374872,146.2087495696167,0.38302674144506454,33895.7744140625,4104.5625,12396.409912109375,20.357500553131104,3.6,155086.0,219000.0,301.476,117.963,66.9,672152.0,1404.0,1620.0,21184.6,1.41,4.57,2107.775,85.98,31458438.0,22403.435,51.714285714285715,19288262.5,2,1,2023
2023-02-20,23777.708984375,151.54174049478428,0.3915729969739914,361.8725051879883,80.14000129699707,97.80499839782715,41.169155829817015,52.56500053405762,0.6900332123041153,133.1634407043457,83.68499946594238,1.0821492373943329,77.08999824523926,0.08629299886524677,22.06317949295044,1641.4243469238281,1.0713838338851929,1.2065956890583038,1840.3000183105469,94.20958068102871,4.102124929428101,27.201882711471352,0.007480669999495149,7.678197264671326,97.11453247070312,7.409999847412109,173.42513476519935,257.03050365693474,28.491000175476074,2.3482500314712524,21.67898600826863,921.9250030517578,298.12845156988067,6.402500033378601,21.73075008392334,121.21760101751518,137.42516608357357,0.06888224929571152,205.46999740600586,1.343992531299591,1.000766009092331,78.12821874852924,79.61640555481247,35.1256648768049,99.23163534070656,138.21626674617033,0.08924375101923943,36.85667224764754,127.32669024359154,147.62318530529518,0.38509950786828995,33875.6455078125,4091.4750366210938,12409.872314453125,19.96000051498413,3.6,155086.0,217000.0,301.476,117.963,66.9,672152.0,1404.0,1620.0,21184.6,1.46,4.57,2059.662,82.79,31458438.0,22403.435,57.714285714285715,19295618.75,2,1,2023
2023-02-27,22737.66015625,146.1362513013673,0.3752639889717102,328.37000274658203,78.47249794006348,94.08250045776367,38.723303041111635,50.01499938964844,0.6774424463510513,138.89635848999023,82.73750114440918,1.068819522857666,75.98750114440918,0.08304225094616413,21.841755390167236,1641.4388427734375,1.060405433177948,1.1992838084697723,1817.3500366210938,89.55683531198528,4.025499939918518,25.00338224087981,0.007362373871728778,7.632940411567688,94.95635223388672,6.900000095367432,170.8472919735946,246.9178732553425,26.28024959564209,2.3614999651908875,22.70164701426278,913.3500061035156,288.9579881145661,6.067499995231628,21.096999645233154,117.91596329131825,133.24588334650184,0.06971224956214428,198.81250381469727,1.3591175377368927,1.0001417696475983,77.18538631290814,78.13418389414038,34.3459063738667,97.14444425203986,134.30667847798225,0.09060250036418438,35.5857192660669,124.59000882909078,141.963026184545,0.3839137479662895,32994.25390625,3983.8775634765625,12024.300048828125,21.964999675750732,3.6,155086.0,209000.0,301.476,117.963,66.9,672152.0,1404.0,1620.0,21184.6,1.56,4.57,2162.435,81.24,31458438.0,22403.435,54.42857142857143,19302950.0,2,1,2023
2023-03-06,21635.111328125,147.7772060917178,0.34292975068092346,338.385009765625,80.32999801635742,93.78250122070312,39.48197496939331,50.72249889373779,0.6754970997571945,127.24041938781738,84.85000038146973,1.0667790472507477,78.5625,0.07635625079274178,20.10734224319458,1588.1813659667969,1.0632096230983734,1.2034440338611603,1839.7249755859375,92.14694711928473,4.0678750872612,25.379153229400124,0.007353045395575464,7.0475910902023315,91.52006912231445,6.622500061988831,180.6933899011674,248.99237115604953,25.010499954223633,2.899749994277954,23.508737805637367,968.3000030517578,292.69666690092777,6.242500066757202,20.970250129699707,119.96572336050099,135.97744677882616,0.067738501355052,198.20499420166016,1.3606325089931488,1.00014927983284,80.19814029135044,80.05412732401498,34.42531910792309,99.38363719449139,136.46665803914243,0.08428150042891502,35.59289769092641,124.00649671913203,142.27186657004313,0.3696319982409477,33172.1171875,4016.9324340820312,12178.042236328125,19.289999961853027,3.5,155171.0,229000.0,301.643,118.304,62.0,665071.0,1342.0,1493.0,20876.3,1.49,4.65,2190.793,85.86,31458438.0,22403.435,49.857142857142854,19306612.5,3,1,2023
2023-03-13,26609.02783203125,148.72761791458305,0.32499275356531143,334.8050003051758,83.45499801635742,92.06500244140625,36.76587873735482,48.027499198913574,0.6623949259519577,118.36394119262695,83.26250076293945,1.0808938145637512,77.26749992370605,0.07021375000476837,18.417324542999268,1541.5659790039062,1.0635670721530914,1.1996917128562927,1851.0,91.47018442730601,4.041749954223633,26.208773514792412,0.007379944087006152,6.523919343948364,77.44272804260254,5.659999966621399,181.19105054694805,247.29193085895596,20.609000205993652,2.528750002384186,23.258443583027756,957.2250061035156,287.97222872220175,5.6600000858306885,20.449999809265137,118.9427005273214,134.36750994500582,0.06311050057411194,178.4800033569336,1.3786599934101105,1.0109355002641678,76.18990771007384,77.5505505132888,32.401292182386335,96.72701425010392,135.02668570538432,0.08132199943065643,34.081246324500235,120.96120065133309,137.59960512014794,0.3745422437787056,32293.7275390625,3911.99755859375,11979.3251953125,24.264999389648438,3.5,155171.0,222000.0,301.643,118.304,62.0,665071.0,1342.0,1493.0,20876.3,1.31,4.65,2126.677,79.67,31458438.0,22403.435,41.714285714285715,19313931.25,3,1,2023
2023-03-20,27887.998046875,152.0763624580727,0.3445570021867752,350.05001068115234,93.23749732971191,96.75249862670898,37.600172398941034,50.02250003814697,0.6721746474504471,132.57240867614746,75.19000053405762,1.0856007039546967,69.02999877929688,0.07413274981081486,20.732876777648926,1746.7679748535156,1.0702424049377441,1.214480459690094,1949.9500122070312,98.40453313054351,3.9367499947547913,28.604925472911923,0.007541439612396061,6.9834617376327515,82.97836303710938,7.550000071525574,192.04489128041612,267.72199207833086,25.14175033569336,2.419250011444092,25.02025225436569,980.875,296.9873814818833,7.49750018119812,21.935750007629395,122.16886524622609,137.6103458512057,0.06675374880433083,177.59750366210938,1.3750174641609192,1.0046035051345825,73.00246624437341,72.46003241128635,30.254526215806738,93.94248848250402,139.12792008348714,0.0865275003015995,33.751108040264725,121.2529507907742,137.80795545147103,0.3837694898247719,31865.0927734375,3901.6499633789062,12352.37744140625,26.02500009536743,3.5,155171.0,230000.0,301.643,118.304,62.0,665071.0,1342.0,1493.0,20876.3,1.33,4.65,2098.393,72.42,31458438.0,22403.435,57.42857142857143,19321237.5,3,1,2023
2023-03-27,28041.30224609375,157.60807664806273,0.3578142523765564,370.6499938964844,97.80749893188477,98.5149974822998,37.93140575856948,50.74499988555908,0.6672374308109283,127.71381568908691,74.3849983215332,1.0859674513339996,68.57750129699707,0.0746575016528368,20.358853816986084,1780.473388671875,1.0781770646572113,1.224168837070465,1976.5249938964844,103.83855742052515,4.073125064373016,28.45119791904164,0.007631947984918952,7.279726982116699,90.13393974304199,8.077499985694885,202.43092718905064,273.5788445775447,26.026999950408936,2.246500074863434,26.552005998276183,983.4250030517578,305.36174798917415,8.752500057220459,22.986499786376953,126.15952000988017,141.29312552451756,0.06350875087082386,189.45750427246094,1.375932514667511,1.0013069808483124,73.41406827396636,72.35117283146764,29.94406256583598,93.65777170715897,142.8458608309932,0.09227699972689152,32.897395786659104,122.41754394908108,139.59743233387854,0.44075851142406464,32260.5322265625,3972.657470703125,12721.385009765625,23.082499980926514,3.5,155171.0,234000.0,301.643,118.304,62.0,665071.0,1342.0,1493.0,20876.3,1.29,4.65,2220.131,76.8,31458438.0,22403.435,62.857142857142854,19328575.0,3,1,2023
2023-04-03,28170.51513671875,161.07061817636716,0.3775454983115196,381.07250213623047,97.10500144958496,101.59000015258789,39.194376640938614,52.447500228881836,0.6701730191707611,122.7337818145752,78.52749824523926,1.0919929444789886,74.04749870300293,0.07880325056612492,20.392439365386963,1781.6525573730469,1.0854445099830627,1.2333631217479706,1969.3000183105469,102.49995433631483,4.0934998989105225,30.95714535481147,0.007554174633696675,7.236549973487854,91.62387657165527,8.262500047683716,207.50950813482,280.0262432175171,27.76900053024292,2.1542500257492065,27.291775382391418,986.6749877929688,312.9334172303224,9.434999942779541,23.842750549316406,128.20308746356753,143.69846967630417,0.06494024861603975,202.0349998474121,1.3574674725532532,1.0001637488603592,76.6294443718751,76.4550272827017,30.881152704167203,97.07784109479071,146.783832185587,0.10428274981677532,34.33543391697011,124.70561231557431,144.93619321446175,0.515550509095192,33029.00439453125,4070.2250366210938,13017.349853515625,19.71250057220459,3.4,155387.0,217000.0,302.858,118.715,63.7,670494.0,1368.0,1470.0,20729.9,1.14,4.83,2221.01,85.81,32332274.0,22539.418,60.857142857142854,19335887.5,4,2,2023
2023-04-10,29956.3974609375,162.84773230470392,0.3889314979314804,380.79750061035156,93.20750045776367,102.02999877929688,38.26586809855883,51.35249996185303,0.6695503443479538,125.33790969848633,84.94250106811523,1.101418912410736,80.55249786376953,0.08646300248801708,20.65663766860962,1855.4480285644531,1.0945440232753754,1.2410305738449097,2001.9000244140625,106.47594232286713,4.026624977588654,32.16010362869337,0.0075663013849407434,7.273512363433838,91.53162956237793,8.12749993801117,213.329579950926,284.7978611164833,29.1392502784729,2.0527499616146088,27.09965075120858,1005.5000152587891,313.61214574210055,9.257499933242798,24.72249984741211,125.79459450081487,140.2544490118036,0.0661422498524189,188.13750076293945,1.3518999814987183,1.0002777427434921,76.83132160101678,79.88100349039604,30.953712811430563,95.6168795403956,146.8183260157144,0.10571325197815895,34.62592741579536,128.3752141727666,143.04289450563155,0.5060639902949333,33462.76953125,4103.252502441406,13043.827392578125,18.807499885559082,3.4,155387.0,219000.0,302.858,118.715,63.7,670494.0,1368.0,1470.0,20729.9,1.14,4.83,2239.655,86.56,32332274.0,22539.418,62.142857142857146,19339556.25,4,2,2023
2023-04-17,28205.66064453125,162.49132780269983,0.4373904913663864,376.92000579833984,92.51749992370605,101.48250007629395,38.42206569294371,51.789000511169434,0.6707551181316376,132.31003189086914,85.96499824523926,1.1164662837982178,81.98499870300293,0.08844449743628502,21.98387098312378,2056.405242919922,1.1036824882030487,1.2435943484306335,2009.25,107.24227824067417,4.0956249833106995,31.36464014261892,0.007496010628528893,7.891208052635193,98.10668754577637,10.97000002861023,217.91049112423735,281.4782000250096,32.50325012207031,2.1052500307559967,26.86405320411787,1034.5999755859375,313.49363918393607,12.447499752044678,25.41100025177002,125.04618934002306,139.39939795354923,0.06584849953651428,184.42250061035156,1.3471500277519226,1.000585749745369,77.62685176814625,81.32020136319126,31.613998026826152,96.29042075406842,146.20757201187598,0.10660975053906441,34.396099421961466,130.08414619968852,143.64286228707778,0.5219710022211075,33799.8271484375,4127.755065917969,13036.1572265625,17.8149995803833,3.4,155387.0,223000.0,302.858,118.715,63.7,670494.0,1368.0,1470.0,20729.9,1.28,4.83,2256.845,85.63,32332274.0,22539.418,66.71428571428571,19346881.25,4,2,2023
2023-04-24,28901.0751953125,163.9045685866497,0.40254324674606323,378.20750427246094,89.27000045776367,105.86499977111816,37.664632243160135,50.37750053405762,0.6733688712120056,123.27334213256836,82.57000160217285,1.1184507310390472,78.79250144958496,0.08241799846291542,20.207309246063232,1918.3611145019531,1.1051763892173767,1.2425080835819244,1984.1000061035156,104.60738493490994,4.01199996471405,30.12752309559837,0.007449988508597016,7.452943801879883,90.43483352661133,9.890000104904175,213.08073616913003,282.09833597859324,30.094500064849854,2.2477500438690186,27.177595706916428,1109.9500427246094,313.16541202608977,11.492250204086304,25.06974983215332,123.58773903429001,137.73120966212934,0.0662164967507124,170.10250091552734,1.3591749668121338,1.000134751200676,77.78787726312204,79.9629101500611,32.092892660855235,97.60601549963587,146.05243074150593,0.09720825031399727,34.68775419330127,129.77430660282494,144.75177245360572,0.4771832525730133,33828.5703125,4137.594970703125,13024.339599609375,16.875000476837158,3.4,155387.0,210000.0,302.858,118.715,63.7,670494.0,1368.0,1470.0,20729.9,1.24,4.83,2308.538,84.23,32332274.0,22539.418,55.0,19354193.75,4,2,2023
2023-05-01,28602.71923828125,166.3251549971519,0.3975920006632805,372.8300018310547,88.06250190734863,106.05249786376953,35.878281393051196,47.992499351501465,0.6629162132740021,118.31428146362305,79.88000106811523,1.1200712621212006,76.66749954223633,0.07976524904370308,19.493313789367676,1877.2200317382812,1.108772486448288,1.2530455887317657,1989.9750061035156,105.9136259271613,3.8772499561309814,30.061645622643297,0.007378284819424152,7.102136254310608,89.07577705383301,9.837499856948853,231.2750023485891,295.01291683289594,31.647250175476074,2.3625000715255737,27.35248496807408,1090.4249572753906,315.36711878895164,11.520000219345093,24.96725034713745,121.35243397896886,134.48348708836352,0.06676724925637245,161.65999603271484,1.3622375130653381,1.0003252476453781,77.06686586354596,79.47849620248205,31.872792615029184,96.45760084410897,146.8872727257637,0.0943362507969141,34.93274576437354,129.00213569964393,144.47639503037416,0.4677639976143837,33884.1826171875,4139.592529296875,13115.902587890625,16.78500008583069,3.6,155614.0,214000.0,303.316,119.063,59.0,673902.0,1583.0,1532.0,20801.5,1.36,5.06,2239.866,81.32,32332274.0,22539.418,59.857142857142854,19361518.75,5,2,2023
2023-05-08,27100.74462890625,169.72585427362705,0.3820347562432289,352.0899963378906,88.08499717712402,104.60750198364258,36.44604725837632,48.030500411987305,0.6691724509000778,117.28316688537598,74.74750137329102,1.1187215447425842,70.75249862670898,0.07778775133192539,19.01418972015381,1893.2263793945312,1.1144902408123016,1.2591900825500488,2020.9250183105469,105.20701360852716,3.886875033378601,30.122643935147494,0.007393111591227353,6.979081392288208,84.81448173522949,10.067499876022339,233.97975017227537,304.32727139198585,32.201250076293945,2.1787500381469727,28.396058735331565,1064.4000244140625,317.09491989369633,11.34249997138977,25.571500301361084,122.43483122863712,135.5619658084669,0.0692450013011694,167.43499755859375,1.350122481584549,1.0012192577123642,76.55013760574387,75.68277913469855,31.28506620383108,96.33644939321273,148.04969140695655,0.09267949871718884,34.78807943290132,129.23934981076548,144.1641222489643,0.455888994038105,33636.021484375,4126.924987792969,13186.955078125,17.81000018119812,3.6,155614.0,223000.0,303.316,119.063,59.0,673902.0,1583.0,1532.0,20801.5,1.29,5.06,2217.601,75.85,32332274.0,22539.418,61.142857142857146,19365175.0,5,2,2023
2023-05-15,26892.275390625,170.95841815185437,0.36810125410556793,338.697509765625,94.90750122070312,109.625,37.626204604198804,48.985249519348145,0.6685222685337067,115.71154022216797,74.99249839782715,1.117177665233612,70.97500038146973,0.0726614985615015,18.313786029815674,1807.551513671875,1.094771683216095,1.2512523233890533,2021.8250122070312,114.00743860364426,3.763000011444092,28.77841174479513,0.00739467132370919,6.564688205718994,82.14382553100586,9.270000219345093,232.92720645814148,304.4159015783832,28.353999614715576,2.2517500519752502,28.468008311334238,1083.1249694824219,320.52339903591553,11.079999685287476,24.4347505569458,121.91156986453265,135.11514730086955,0.06901625171303749,169.9749984741211,1.3568950295448303,1.0006729662418365,75.4397703384537,74.0867923478851,30.98515357839795,95.66048637961018,148.71463542026805,0.08930174820125103,34.62475814228486,128.13316582426623,145.63451894022498,0.4291047379374504,33370.9853515625,4125.3399658203125,13325.21484375,17.18250036239624,3.6,155614.0,225000.0,303.316,119.063,59.0,673902.0,1583.0,1532.0,20801.5,1.31,5.06,2220.927,75.46,32332274.0,22539.418,50.0,19372475.0,5,2,2023
2023-05-22,27563.833984375,172.78113412668577,0.3647177517414093,361.89749908447266,103.29749870300293,115.08749961853027,38.21132217536763,49.88750076293945,0.6655615270137787,115.76452827453613,75.53750038146973,1.1119800209999084,71.47750282287598,0.07269349880516529,18.123244762420654,1807.2383117675781,1.0828576982021332,1.245891660451889,1982.9749755859375,121.2950912478286,3.71150004863739,29.101820783783992,0.007269549532793462,6.509771823883057,90.49896812438965,9.417500019073486,242.6812472453945,310.8830388039222,28.57574987411499,2.5262500047683716,30.60712102564392,1076.1500244140625,329.5673190762662,11.134249925613403,23.838749885559082,129.58113037027601,143.09886923572085,0.07397950068116188,176.64500045776367,1.3489725291728973,1.000174731016159,75.35324455524433,74.0423343961915,31.432598956633935,96.44547913928693,153.52191143928314,0.08824950084090233,33.972623119849985,126.95434325505019,148.19910063270314,0.4522767439484596,33378.0869140625,4176.6824951171875,13694.8125,16.94249963760376,3.6,155614.0,227000.0,303.316,119.063,59.0,673902.0,1583.0,1532.0,20801.5,1.48,5.06,2275.311,75.77,32332274.0,22539.418,50.285714285714285,19379793.75,5,2,2023
2023-05-29,27311.2041015625,172.78604931104775,0.3760567530989647,402.21500396728516,121.24499893188477,118.875,39.0840439602202,51.15875053405762,0.6539112031459808,115.14958381652832,76.77750015258789,1.106928139925003,72.65500068664551,0.07259175181388855,18.305317401885986,1875.2291870117188,1.0749727189540863,1.2369702458381653,1952.9499816894531,123.28805993003532,3.6513749957084656,28.251650037484445,0.007150122779421508,6.534419298171997,89.92010879516602,9.25,256.6255108563713,323.5190049712998,28.606250286102295,2.268499970436096,36.7706195492735,1043.0499877929688,339.5443004223342,11.252750158309937,23.24524974822998,141.26858989260552,155.88929960653644,0.077139001339674,190.79000091552734,1.3474150002002716,1.000200480222702,73.76702472872924,74.1850702139813,31.1181793958891,95.4109415466294,159.60978516456134,0.08803275041282177,33.39282730687077,124.49744975093961,148.7572456796157,0.4743037447333336,33071.38525390625,4181.9376220703125,14111.8076171875,18.382500171661377,3.6,155614.0,230000.0,303.316,119.063,59.0,673902.0,1583.0,1532.0,20801.5,1.57,5.06,2189.681,76.33,32332274.0,22539.418,50.0,19387093.75,5,2,2023
2023-06-05,26161.84619140625,178.5113228522864,0.37575624883174896,430.4925003051758,120.77749824523926,123.51499938964844,40.81585020443816,53.68499946594238,0.658710241317749,115.11960983276367,75.38749885559082,1.1008995175361633,71.01499938964844,0.07242574915289879,18.189682483673096,1888.4190673828125,1.0721409916877747,1.2444416880607605,1954.7000122070312,123.78070671970085,3.7077500224113464,30.358701289967673,0.0071515574818477035,6.475260376930237,93.52668952941895,9.865000009536743,268.4896417540168,328.754757734339,30.172499656677246,2.231999933719635,39.57779581835115,1015.0749816894531,348.4376617958527,11.89674997329712,23.52274990081787,145.42252052766298,159.77686341124004,0.08071349933743477,210.07749938964844,1.3409624993801117,1.0001530200242996,74.64906342780964,74.02595354419468,31.444695525262233,96.8282822601694,163.78902279711664,0.09114925004541874,34.10795373875515,125.20184167626981,152.71842336110365,0.5236092582345009,33508.75830078125,4255.3900146484375,14476.312255859375,15.505000114440918,3.6,155871.0,253000.0,304.099,119.37,64.2,677117.0,1415.0,1493.0,20782.6,1.5,5.08,2131.417,76.61,32332274.0,22539.418,51.714285714285715,19390768.75,6,2,2023
2023-06-12,26059.7470703125,179.48783647490592,0.2886755019426346,448.0824966430664,123.37749862670898,123.72249984741211,42.12121602759454,54.78650093078613,0.6703855842351913,104.4876651763916,75.46750068664551,1.1062707602977753,71.10749816894531,0.06358549930155277,15.452000856399536,1781.1240844726562,1.0746999084949493,1.252623826265335,1958.0,123.09648763043863,3.7737500071525574,30.471406590098603,0.007167942356318235,5.452430248260498,81.29395866394043,9.452500104904175,265.08817231098686,324.22184881339234,28.394500255584717,2.265250027179718,38.626664612575674,1027.3750305175781,349.22751789903515,10.492499828338623,24.12424945831299,144.9301795076218,159.3727313049204,0.07185149937868118,238.43749618530273,1.339345008134842,1.0002842396497726,76.03339843063716,75.68510734971704,31.942932854928266,98.75928728017246,163.2817275851833,0.08455674909055233,34.62008567080507,126.11199868846015,157.93117738430598,0.5165599882602692,33782.1435546875,4295.3524169921875,14503.362548828125,14.112499952316284,3.6,155871.0,258000.0,304.099,119.37,64.2,677117.0,1415.0,1493.0,20782.6,1.56,5.08,2126.87,71.8,32332274.0,22539.418,48.57142857142857,19398093.75,6,2,2023
2023-06-19,29665.7236328125,182.86101681910588,0.265688493847847,492.12999725341797,123.22250175476074,125.72999954223633,43.67327241778983,56.766249656677246,0.6856100261211395,105.94405937194824,75.38249969482422,1.115226298570633,70.5625,0.061758000403642654,15.115497827529907,1708.0141296386719,1.0907588005065918,1.2746418416500092,1952.5750122070312,123.0666278245216,3.8535000681877136,34.52135119302675,0.007085679215379059,5.213925004005432,76.39616966247559,9.78249979019165,277.4871958824607,335.72686149702713,28.769500255584717,2.530750036239624,41.90786989312937,995.5750122070312,361.33952481418623,10.226749658584595,24.048250198364258,151.1895442457939,166.50455399929007,0.07052449882030487,257.3175048828125,1.3254199922084808,0.9991225153207779,77.85516468314056,75.7599998619344,32.38070480627747,101.66666496826662,169.80303763968956,0.08011250011622906,35.048230013349304,127.65387604864782,162.85866684672888,0.4989519938826561,34242.6181640625,4393.0050048828125,15005.962646484375,13.90499997138977,3.6,155871.0,260000.0,304.099,119.37,64.2,677117.0,1415.0,1493.0,20782.6,1.55,5.08,2011.556,76.09,32332274.0,22539.418,46.0,19405406.25,6,2,2023
2023-06-26,30524.66943359375,184.27620805125036,0.2855452448129654,484.32749938964844,112.3075008392334,128.33749961853027,42.27121507588454,56.1274995803833,0.6725649982690811,178.19610404968262,74.2599983215332,1.1158674657344818,69.59750175476074,0.0660254992544651,17.854978561401367,1859.8393249511719,1.0930920839309692,1.2740490138530731,1927.2249755859375,121.43939837326911,3.8392500281333923,33.11012405469118,0.0069870761362835765,5.915917634963989,86.43114852905273,12.082500219345093,284.4966769275558,331.5096005173948,32.14774942398071,2.661500036716461,42.58250428857159,942.8749847412109,358.79965360929907,11.357250213623047,22.544249534606934,147.4438290976192,161.33522712908953,0.07216475158929825,259.61000061035156,1.320752501487732,1.0003680288791656,76.73037713443722,72.8137548431447,31.756701759187496,100.45040660029866,167.00781138015634,0.08847275003790855,33.77779923395694,127.56915825513738,162.92507541454972,0.49437349289655685,33827.001953125,4359.5374755859375,14926.332763671875,13.569999694824219,3.6,155871.0,236000.0,304.099,119.37,64.2,677117.0,1415.0,1493.0,20782.6,1.54,5.08,1961.027,73.86,32332274.0,22539.418,59.857142857142854,19412725.0,6,2,2023
2023-07-03,30394.95166015625,190.25923321695254,0.2868325114250183,487.4599914550781,112.39750289916992,129.82750129699707,43.321208679846904,57.934749603271484,0.666171982884407,278.26789474487305,74.12750053405762,1.1167090237140656,69.84250068664551,0.06711225118488073,20.292695999145508,1913.7850646972656,1.091225415468216,1.269193023443222,1916.0249938964844,118.80698731406872,3.741999924182892,32.73281080376141,0.006937571219168603,6.348260045051575,105.54730415344238,13.43999981880188,283.99902254296404,333.5097196311809,33.466750621795654,2.7570000290870667,41.84415330345182,907.4250030517578,362.57920607346745,11.692499876022339,22.714749336242676,149.50470486082355,165.31606049364254,0.0755237489938736,257.1724967956543,1.312867522239685,1.000051498413086,79.3431752953575,75.8371072802261,32.518716441648536,103.47192198525158,170.12167851805856,0.10541900061070919,35.12262476116482,128.44913835910003,165.8693040151344,0.48000649362802505,34223.21875,4421.8299560546875,15064.79736328125,13.712500095367432,3.5,156019.0,248000.0,304.615,119.536,71.5,678424.0,1473.0,1501.0,20772.2,1.61,5.12,1909.639,74.52,33167334.0,22780.933,59.285714285714285,19416375.0,7,3,2023
2023-07-10,30569.7919921875,189.4636380123561,0.28680574148893356,483.98999786376953,113.57749938964844,129.69500160217285,43.54658040959946,58.94250011444092,0.6672294586896896,270.58081817626953,77.51250076293945,1.121903270483017,72.83250045776367,0.06671174988150597,19.13511085510254,1883.2049865722656,1.0940395891666412,1.2795566618442535,1922.4249572753906,119.42155166809559,3.7591249346733093,31.598434646526993,0.0070035652024671435,6.257023453712463,99.97949981689453,15.507499933242798,289.64240577064356,333.4751557810943,37.48675060272217,2.6232500076293945,42.36837080819423,909.0249786376953,363.0957405705316,14.592749834060669,23.046249866485596,148.2775849904191,163.6447727984518,0.07782699912786484,276.49749755859375,1.3293150067329407,1.0002137273550034,78.57272987971683,76.02596119828341,32.65962262183067,103.45244654478826,169.42819424524686,0.10062874853610992,35.63356314183068,126.2130414648347,167.5175761744326,0.4725879952311516,33913.02734375,4409.8525390625,15079.504638671875,15.052500009536743,3.5,156019.0,229000.0,304.615,119.536,71.5,678424.0,1473.0,1501.0,20772.2,1.76,5.12,1811.981,77.83,33167334.0,22780.933,57.857142857142854,19423706.25,7,3,2023
2023-07-17,30015.4765625,188.28391976482044,0.32102300226688385,509.63999938964844,115.87500190734863,132.98249435424805,47.37986060593222,64.10500144958496,0.6800893694162369,259.4059944152832,79.70750045776367,1.1515681147575378,75.20999908447266,0.069454001262784,19.039952754974365,1930.5864868164062,1.1172573864459991,1.3019750118255615,1948.3999938964844,122.65608809889393,3.8801249265670776,32.43145219768034,0.00717379804700613,6.6474769115448,95.64655876159668,17.8149995803833,303.8255549554543,337.6060948212718,44.07150077819824,2.5800000429153442,45.14410380804731,959.0749969482422,371.8455917554386,18.502500295639038,24.450500011444092,154.34396141026235,169.5238996837362,0.07957524992525578,278.29000091552734,1.3210799992084503,1.0005664974451065,79.9324720297804,77.4140868093789,33.237836628440206,105.40576498452963,172.74999804360945,0.13547874800860882,36.28749348964438,127.48663936142668,170.97921358660497,0.7114592641592026,34329.0009765625,4482.1298828125,15443.974609375,14.00249981880188,3.5,156019.0,228000.0,304.615,119.536,71.5,678424.0,1473.0,1501.0,20772.2,1.56,5.12,1728.322,77.8,33167334.0,22780.933,57.857142857142854,19431037.5,7,3,2023
2023-07-24,29394.57666015625,191.66946283465043,0.3170802444219589,522.9599914550781,113.2024974822998,131.10250091552734,48.24266343657895,64.96000003814697,0.6757623702287674,246.54058074951172,80.39499855041504,1.1578649282455444,76.3174991607666,0.071942999958992,18.736318588256836,1892.4134216308594,1.1163650453090668,1.2914115488529205,1963.4000244140625,120.76264201495025,3.818499982357025,33.30857634698465,0.0071016657166182995,7.675327777862549,93.20818519592285,17.172499656677246,298.1946472771199,343.83093033134685,44.171250343322754,2.674750030040741,45.128860290003914,966.5249938964844,374.32231017034997,18.609999656677246,24.8435001373291,153.55473084737528,169.3001640825258,0.08474649861454964,268.78249740600586,1.3203700184822083,1.0001162588596344,80.80435835046733,78.81639175555691,34.05900816051255,106.45174626935189,175.06979740159667,0.15419374778866768,36.23801556672827,131.1883687285187,170.00108229599357,0.7606474906206131,35061.7177734375,4539.00244140625,15548.489990234375,13.637500047683716,3.5,156019.0,231000.0,304.615,119.536,71.5,678424.0,1473.0,1501.0,20772.2,1.48,5.12,1770.867,82.53,33167334.0,22780.933,53.285714285714285,19434693.75,7,3,2023
2023-07-31,29182.18310546875,193.5952632716852,0.3126867488026619,524.625,112.38750076293945,130.88500213623047,48.3430744635811,64.69500064849854,0.671710804104805,248.35980987548828,83.87499809265137,1.1532975733280182,79.57750129699707,0.07750475034117699,18.682597160339355,1862.4754943847656,1.1041085422039032,1.2863538265228271,1959.25,129.35157794608708,3.8827500343322754,35.29312555231107,0.007116402615793049,7.625712871551514,93.0234203338623,16.625000476837158,314.880968645841,334.83654425350636,43.365248680114746,2.6265000104904175,46.208526924068394,941.2999877929688,377.1844916742888,18.179999351501465,24.445000648498535,157.08769455144102,173.3427006929242,0.0812122505158186,264.9749984741211,1.3222649991512299,0.9999217540025711,82.08198343537991,81.03549959228381,34.28494937512069,106.89689904377397,175.141371585819,0.15511924773454666,36.00127693834,131.650171011256,169.70296136876502,0.7077319920063019,35445.126953125,4575.0224609375,15668.00732421875,13.605000019073486,3.5,156019.0,238000.0,304.615,119.536,71.5,678424.0,1473.0,1501.0,20772.2,1.6,5.12,1821.124,85.22,33167334.0,22780.933,51.142857142857146,19442000.0,7,3,2023
2023-08-07,29366.69140625,184.0581275009148,0.2980875074863434,532.2050018310547,114.6299991607666,137.29500579833984,46.2490406250495,63.017499923706055,0.6594077944755554,231.34785842895508,85.375,1.1455765068531036,81.89249992370605,0.07524575106799603,18.09278392791748,1837.4623413085938,1.1003043949604034,1.2749319672584534,1942.6999816894531,128.67729960824386,3.8740000128746033,34.69286351505734,0.00704173743724823,7.234537363052368,85.31808090209961,16.315000295639038,312.78832283220754,325.55611850099683,39.28074932098389,2.5759999752044678,44.94471311875495,924.2250213623047,370.87670919809557,17.6225004196167,23.865750312805176,153.84420026826552,170.25178792593448,0.07747524976730347,256.8224983215332,1.3325849771499634,0.9988659918308258,81.2704743959728,81.98453340151984,34.00798718522202,105.9774125548941,170.83737256304326,0.14236574992537498,35.19894813915295,129.27308111352428,168.7815124566812,0.6440437436103821,35211.033203125,4506.2073974609375,15403.02001953125,16.297500133514404,3.7,156176.0,258000.0,306.138,119.658,69.4,684755.0,1305.0,1578.0,20746.9,1.68,5.33,1810.583,86.47,33167334.0,22780.933,51.42857142857143,19449337.5,8,3,2023
2023-08-14,26862.13330078125,177.2745522517847,0.29138999432325363,513.9625091552734,110.17500114440918,139.0900001525879,43.00385284943306,58.87249946594238,0.6530771106481552,231.06583786010742,86.2599983215332,1.1425940096378326,82.79250144958496,0.07477149926126003,17.62809658050537,1839.2810363769531,1.097980409860611,1.2716887593269348,1919.5500183105469,129.2172202396356,3.7329999804496765,34.22508480420449,0.006941731204278767,7.399636626243591,82.39465522766113,15.082499980926514,303.95000434954545,318.7221093657662,38.07050037384033,2.7822499871253967,41.94934725089403,905.8750152587891,363.9484813653426,15.612499952316284,22.868249893188477,147.10734583382347,162.70877600175828,0.07697700150310993,244.24249649047852,1.343265026807785,0.9992299824953079,80.19331339355267,83.75274180661332,34.00312687759352,106.03091890438328,165.98793762666787,0.13962649926543236,35.230984632737034,131.39496004618948,167.84528339725625,0.6298814862966537,35287.1962890625,4474.8624267578125,15110.1650390625,15.605000019073486,3.7,156176.0,248000.0,306.138,119.658,69.4,684755.0,1305.0,1578.0,20746.9,1.83,5.33,1799.311,87.4,33167334.0,22780.933,52.285714285714285,19456650.0,8,3,2023
2023-08-21,26121.75341796875,173.88307132923921,0.26982175186276436,511.4124984741211,106.43999862670898,134.71749877929688,40.417921809702605,55.11250019073486,0.6424921005964279,196.96142196655273,84.8375015258789,1.1361264884471893,81.1624984741211,0.06560350116342306,15.66719126701355,1693.8134155273438,1.0896544456481934,1.2718954980373383,1892.1999816894531,127.71191279418858,3.693874955177307,32.79893659478683,0.006871850346215069,6.482142806053162,68.80854320526123,12.232499837875366,285.6810482165629,313.1138965202958,34.30550003051758,2.622250020503998,43.02076126993744,903.2250061035156,356.2812937790882,12.040250062942505,22.6875,145.15285246806462,159.08080932998683,0.07535124942660332,221.00000381469727,1.3535750210285187,0.999761238694191,78.43508067902219,83.65357798755056,33.18682323478903,103.82462515774469,163.5027781058256,0.12634774670004845,34.27694335079167,130.43974979984065,161.774525529441,0.5456627681851387,34649.990234375,4391.2650146484375,14788.4423828125,17.062499523162842,3.7,156176.0,240000.0,306.138,119.658,69.4,684755.0,1305.0,1578.0,20746.9,2.0,5.33,1824.788,85.44,33167334.0,22780.933,43.714285714285715,19463968.75,8,3,2023
2023-08-28,26347.77001953125,176.83145253549287,0.26276975125074387,525.0199966430664,103.93000030517578,133.46999740600586,40.755110678282406,55.218750953674316,0.6424827575683594,194.1833953857422,84.20000267028809,1.1325974464416504,79.93000030517578,0.06298050004988909,15.830708026885986,1652.0010375976562,1.082249253988266,1.2628443539142609,1908.9500122070312,129.52325659987727,3.757124960422516,32.62189487530642,0.00684901000931859,6.100018858909607,65.27963542938232,10.81000018119812,285.2779680717338,320.2965648941349,33.690999031066895,2.541249990463257,46.605557716963986,935.2249908447266,360.7105598651213,10.52750015258789,23.896999835968018,148.70063032446143,160.98403708901867,0.07679774984717369,234.64500045776367,1.3586799800395966,0.9997465163469315,78.02932112725378,82.76357824844534,33.007038477385585,103.54975685839,166.87392100355993,0.12241925112903118,34.27459534763049,129.70087519249506,162.12190481205914,0.5234532505273819,34354.423828125,4406.50244140625,14969.565185546875,16.230000257492065,3.7,156176.0,234000.0,306.138,119.658,69.4,684755.0,1305.0,1578.0,20746.9,1.9,5.33,1708.605,85.42,33167334.0,22780.933,38.42857142857143,19467625.0,8,3,2023
2023-09-04,25870.70458984375,185.48798764393752,0.2606709972023964,555.0950012207031,107.46249771118164,137.01250076293945,42.75344279643289,57.644500732421875,0.6474880874156952,202.02890396118164,87.46000099182129,1.1325623095035553,84.125,0.06415550224483013,15.795660972595215,1654.4767150878906,1.083065241575241,1.2620913982391357,1936.2750244140625,134.22327670525283,3.809249997138977,35.2061766642599,0.006847025244496763,6.034533858299255,65.0708065032959,12.110000133514404,293.69085968803097,324.0160929443833,35.73749923706055,2.727500081062317,47.93207943857429,969.7499847412109,370.81980098764825,11.245000123977661,24.432250022888184,153.1316904385666,166.64356738357304,0.0768470000475645,246.6374969482422,1.3565499782562256,1.000014990568161,80.34304906469818,84.95436725018615,33.58768627545794,105.51280764629323,172.30081712500242,0.11936075054109097,34.85879492466847,130.27205872429778,166.50006371483568,0.511318750679493,34796.818359375,4496.9425048828125,15387.37255859375,13.87000036239624,3.8,156334.0,227000.0,307.374,120.04,67.8,689403.0,1363.0,1515.0,20720.1,1.92,5.33,1574.065,90.42,33167334.0,22780.933,42.714285714285715,19474931.25,9,3,2023
2023-09-11,26209.79248046875,178.6605525131614,0.25075775012373924,560.5099945068359,107.27249717712402,137.11750030517578,43.39310889742865,58.69624996185303,0.6398199647665024,191.76087188720703,90.13750076293945,1.1228907406330109,87.03000068664551,0.061997498385608196,15.171658515930176,1623.75048828125,1.073093593120575,1.2506037652492523,1921.8750305175781,134.9473239202358,3.712000072002411,37.09950278773476,0.006785987294279039,6.102286696434021,61.89821529388428,11.210000038146973,297.361042438312,329.53487746046574,35.234999656677246,2.6044999957084656,46.261491798406524,901.3750152587891,369.1786735025887,11.024999856948853,23.250250339508057,150.38053709272515,163.9984637482127,0.07821149937808514,249.56750106811523,1.3643949925899506,0.9996659904718399,79.33110173578689,86.73438483428612,33.39575925045139,103.45732232009354,171.2815892257887,0.12989250384271145,34.50898160597288,128.50017007127374,165.99988265054094,0.500376746058464,34579.0,4464.9326171875,15314.01025390625,14.237499952316284,3.8,156334.0,227000.0,307.374,120.04,67.8,689403.0,1363.0,1515.0,20720.1,1.94,5.33,1549.111,91.97,33167334.0,22780.933,41.42857142857143,19482250.0,9,3,2023
2023-09-18,26555.86669921875,174.69461596268843,0.24673400446772575,536.7075042724609,103.35249900817871,141.31999969482422,43.500000953674316,58.244998931884766,0.6450449228286743,205.9244155883789,93.14750099182129,1.1168022155761719,89.86999893188477,0.061351001262664795,15.300771951675415,1607.8333435058594,1.068734347820282,1.2427007555961609,1919.6749877929688,136.26103620717842,3.758750021457672,37.73143608421978,0.006786757963709533,6.113435864448547,62.97414016723633,10.007499933242798,301.6383756803118,328.93925719311517,34.62899875640869,2.662999987602234,44.422162404254316,919.6000213623047,368.2221113518166,10.71750020980835,23.004249572753906,146.45915707842653,159.67300346411673,0.08207724988460541,272.0925064086914,1.3548699915409088,1.0002307295799255,79.08958061135597,86.91852567822492,33.79176573958331,102.21431424701754,167.99436791226645,0.12062800116837025,34.569048150882836,128.78943115749982,169.99861235092766,0.48955876380205154,34681.0986328125,4464.9599609375,15272.832763671875,13.735000133514404,3.8,156334.0,210000.0,307.374,120.04,67.8,689403.0,1363.0,1515.0,20720.1,1.96,5.33,1452.942,95.95,33167334.0,22780.933,42.285714285714285,19489556.25,9,3,2023
2023-09-25,27506.5517578125,174.5059974332915,0.24654025584459305,520.870002746582,97.98749923706055,132.12749862670898,39.84124946594238,53.89500045776367,0.642804428935051,209.60248184204102,93.6724967956543,1.1067181825637817,90.54249954223633,0.06137375067919493,15.305183410644531,1601.0069885253906,1.0672305822372437,1.2284685373306274,1928.8999938964844,131.68541034203088,3.6718749403953552,34.64309109646433,0.006753018940798938,6.834347248077393,64.64048099517822,9.085000038146973,298.46581827418936,316.2038447717093,33.06299877166748,2.6852500438690186,42.09099281592714,935.2999877929688,357.2106077540021,9.8125,23.4805006980896,141.6223765519823,154.52176995796708,0.08378775045275688,252.04249954223633,1.3473149836063385,1.000206708908081,76.41357563054214,85.11962053547848,33.026473340246,99.89125240828221,163.55708464296902,0.11411375179886818,33.015975830331605,127.07101768611896,161.09447720421716,0.5046472549438477,34162.7998046875,4355.7425537109375,14839.499755859375,16.377500534057617,3.8,156334.0,215000.0,307.374,120.04,67.8,689403.0,1363.0,1515.0,20720.1,2.18,5.33,1437.31,94.01,33167334.0,22780.933,45.857142857142854,19493212.5,9,3,2023
2023-10-02,27895.0478515625,170.50284299938238,0.2603607513010502,509.27000427246094,101.26000022888184,127.26500129699707,39.42999839782715,53.75500011444092,0.6427008509635925,233.07844924926758,95.01249885559082,1.0932387113571167,91.20000076293945,0.06245300080627203,16.28833794593811,1695.8105163574219,1.0580624639987946,1.2197160720825195,1864.6999816894531,130.12538651387763,3.708625018596649,34.5840768877971,0.0067051060032099485,7.823679804801941,67.04274559020996,8.450000047683716,298.0577133473248,311.5080265029844,32.605249881744385,2.8517499566078186,43.059795031664606,904.8000030517578,354.1757086149968,9.34749984741211,22.579500198364258,142.6664160819304,154.97827081718876,0.08848049864172935,247.44750213623047,1.354532539844513,0.9999052435159683,76.18250545300992,86.24240932890268,32.468845074053036,99.16489959228572,161.98726113990438,0.11455174721777439,32.32516348273975,126.05961452923968,158.40194643370558,0.5216120108962059,33584.7080078125,4288.309814453125,14691.232421875,17.644999980926514,3.9,156520.0,216000.0,307.653,120.2,63.8,686148.0,1365.0,1534.0,20687.3,2.34,5.33,1365.739,91.21,34001494.0,22960.6,47.0,19500537.5,10,4,2023
2023-10-09,27216.77392578125,174.66731678126746,0.2592169940471649,522.3049926757812,105.3799991607666,127.6299991607666,38.96999931335449,54.17825126647949,0.6369159668684006,234.38968658447266,86.48250007629395,1.0956822037696838,84.73999977111816,0.0616087494418025,15.798516988754272,1655.127685546875,1.0564120411872864,1.2196321785449982,1828.9249877929688,135.4748038772921,3.622125029563904,35.383210694602646,0.0067015516106039286,7.685755252838135,65.69651317596436,8.25249981880188,309.9566731005922,320.0345509010797,33.53025007247925,3.215000033378601,45.11884045226954,876.0750122070312,358.5668783922845,9.848749876022339,21.503750324249268,145.42747058223864,157.3081201845732,0.08810199797153473,256.8199996948242,1.367647498846054,1.0004170089960098,75.52969946294306,82.33981299765144,32.09547244949852,98.09267588535297,165.06389652138913,0.11181799881160259,31.781658580219897,126.25240475067747,158.03170991054623,0.5220720171928406,33304.947265625,4289.3875732421875,14868.0,18.177500247955322,3.9,156520.0,210000.0,307.653,120.2,63.8,686148.0,1365.0,1534.0,20687.3,2.47,5.33,1283.461,91.37,34001494.0,22960.6,49.42857142857143,19507837.5,10,4,2023
2023-10-16,29351.43701171875,177.65790252140317,0.24910524860024452,547.6675109863281,106.55999755859375,129.7049961090088,38.478750228881836,53.57274913787842,0.6341899931430817,217.16344833374023,89.48749923706055,1.1053761839866638,86.38000106811523,0.05929899960756302,15.025744915008545,1568.7062683105469,1.054198682308197,1.2177773416042328,1906.8500061035156,137.23141112531027,3.596624970436096,35.57008785477542,0.006698922254145145,7.416982650756836,62.360981941223145,7.955000162124634,316.4435867406896,324.3720187410207,32.42899990081787,3.286500036716461,45.70356643226545,874.8999938964844,362.648574935407,9.462499856948853,22.473999500274658,147.5675180818821,158.6403209760652,0.08661149814724922,255.3499984741211,1.3647500276565552,1.000327244400978,75.71899257089149,84.60384434926286,32.40539716423096,99.74863236038505,167.31199662906587,0.10621174983680248,32.49160785447172,127.19446566543455,157.88364357294148,0.49277398735284805,33637.9970703125,4331.2999267578125,15035.13525390625,18.71499991416931,3.9,156520.0,200000.0,307.653,120.2,63.8,686148.0,1365.0,1534.0,20687.3,2.33,5.33,1108.819,90.99,34001494.0,22960.6,46.42857142857143,19515168.75,10,4,2023
2023-10-23,33581.3056640625,173.1013187794654,0.257961492985487,546.5125122070312,103.13500022888184,127.09500122070312,36.8439998626709,52.72500038146973,0.6335999816656113,238.8316192626953,91.74500274658203,1.1173299551010132,88.46999931335449,0.06071799900382757,15.547848224639893,1634.5278930664062,1.0581585764884949,1.2153411209583282,1965.9750061035156,136.09931394964926,3.5571250319480896,34.829960625076765,0.006677693221718073,9.423745274543762,64.13670539855957,8.022500038146973,310.96193252118405,325.16288217094854,34.47825050354004,2.965749979019165,42.4995488104322,894.8249969482422,354.967808840863,9.222500085830688,23.234249591827393,142.708486418931,153.21902299141487,0.08986024931073189,222.89500045776367,1.3701399862766266,1.0003747791051865,74.09303002620074,86.18771781903365,31.848998329087173,97.66769519165514,163.88911728475608,0.10904224961996078,31.62969632897881,125.88388825869957,152.46106351146955,0.5132809951901436,33380.078125,4266.22998046875,14720.844970703125,20.554999351501465,3.9,156520.0,214000.0,307.653,120.2,63.8,686148.0,1365.0,1534.0,20687.3,2.45,5.33,1157.976,91.88,34001494.0,22960.6,53.714285714285715,19518862.5,10,4,2023
2023-10-30,35025.4658203125,167.80015206453686,0.2879122421145439,517.7975082397461,97.10000038146973,125.96249961853027,35.057498931884766,51.28750038146973,0.6335900127887726,248.86130142211914,90.01500129699707,1.1124998927116394,85.36250114440918,0.06884374842047691,16.571061611175537,1779.9088134765625,1.0594089329242706,1.2154196202754974,1984.0249938964844,125.378075788295,3.6082500219345093,34.32835884832187,0.006673194235190749,10.913077116012573,68.80738830566406,9.044999837875366,296.4055372495195,328.75636780285186,40.22749996185303,3.1475000381469727,41.12519080116486,895.3000030517578,344.7770137877335,9.856250047683716,22.84000015258789,138.0003450963461,147.6491419620384,0.09377150051295757,209.79000091552734,1.3824650049209595,1.0003324747085571,72.80923614507569,81.65489582451599,30.902141082659757,94.92728242706367,160.2585247280588,0.11557050049304962,30.84257122877265,121.35918680635208,148.45525103529417,0.5543967485427856,32608.642578125,4149.4749755859375,14298.33251953125,21.067500114440918,3.9,156520.0,217000.0,307.653,120.2,63.8,686148.0,1365.0,1534.0,20687.3,2.44,5.33,1138.035,90.73,34001494.0,22960.6,69.14285714285714,19526187.5,10,4,2023
2023-11-06,36645.2783203125,173.4735621822061,0.3302122503519058,551.6474914550781,107.98999977111816,136.31250381469727,38.84499931335449,56.23749923706055,0.6424350142478943,239.794921875,86.15750122070312,1.1093129217624664,81.60500144958496,0.07004399783909321,17.648340225219727,1869.8221435546875,1.0684844255447388,1.2305212914943695,1991.2250061035156,126.99784368522091,3.66949999332428,36.765097910620945,0.006677302997559309,11.894309282302856,70.58510208129883,9.299999952316284,309.76011775991776,343.983048160181,44.552249908447266,3.4945001006126404,43.61703250010717,933.0749816894531,359.1361581479957,10.910000324249268,23.151750087738037,144.89554144851036,153.72830552038616,0.09788799844682217,215.09000396728516,1.3723849952220917,1.0006932318210602,75.73839753985153,82.07821264040766,32.47860464893278,98.20014312355283,167.5444662235492,0.12364150397479534,32.72785986034751,123.46778504511599,155.78076716040331,0.6335097551345825,33705.9521484375,4305.8099365234375,14893.6552734375,16.47249984741211,3.7,156661.0,216000.0,308.087,120.309,61.3,685328.0,1510.0,1508.0,20696.8,2.25,5.33,1062.878,87.31,34001494.0,22960.6,68.71428571428571,19533531.25,11,4,2023
2023-11-13,36921.6220703125,182.5569949034753,0.37407250702381134,587.6874847412109,116.77499771118164,142.28249740600586,39.8125,58.64275074005127,0.6397024393081665,239.8655242919922,82.11750030517578,1.1095667779445648,77.87249946594238,0.07705425098538399,19.85092830657959,2019.4640808105469,1.0711580216884613,1.2266620993614197,1944.8499755859375,131.03602180308155,3.6151249408721924,37.97978687484453,0.006622978602536023,15.175203800201416,74.18949890136719,9.522499799728394,323.7466692295852,361.5230381548603,50.064249992370605,3.115500032901764,47.4882351992428,856.4999847412109,371.84424434543496,10.624999761581421,22.448500156402588,153.52009209150765,161.4294382618142,0.10610225051641464,215.32749938964844,1.3769374787807465,1.000268280506134,75.2287818597887,80.05914083284594,32.99839978205804,99.69001567464157,175.62677314484938,0.12562425062060356,32.718366232517944,123.49707010551464,158.8240044319161,0.6740137338638306,34184.0830078125,4398.112548828125,15414.587646484375,14.512500047683716,3.7,156661.0,229000.0,308.087,120.309,61.3,685328.0,1510.0,1508.0,20696.8,2.32,5.33,1020.272,84.09,34001494.0,22960.6,69.71428571428571,19540875.0,11,4,2023
2023-11-20,37261.138671875,187.51170586304437,0.3806319981813431,600.5974884033203,119.8375015258789,144.29249572753906,42.46500015258789,61.339500427246094,0.6457562297582626,231.8681182861328,80.44750022888184,1.1232205927371979,75.92749977111816,0.0796235017478466,19.706976413726807,2013.2162780761719,1.0855049192905426,1.2409965097904205,1970.2999877929688,134.1312272533446,3.7141249775886536,41.814978605805564,0.006665032473392785,14.771773338317871,71.30179214477539,9.817500114440918,331.9803635051153,366.258302047719,48.54300117492676,3.022000014781952,49.14097329742785,885.875,379.97310660016433,10.281249761581421,23.44575023651123,159.15352263512025,167.9377977480026,0.10479200072586536,231.72750091552734,1.37340247631073,1.0004342198371887,77.16293298881831,80.182798083075,33.86716940907142,102.35469756925815,179.7544607625442,0.12326724641025066,33.756461408388056,124.74905212067856,163.7381289467948,0.6463884860277176,34787.8681640625,4485.7574462890625,15746.330078125,14.115000009536743,3.7,156661.0,213000.0,308.087,120.309,61.3,685328.0,1510.0,1508.0,20696.8,2.12,5.33,953.088,83.25,34001494.0,22960.6,66.57142857142857,19548200.0,11,4,2023
2023-11-27,39210.62890625,189.39291342089882,0.38323649764060974,616.9349975585938,121.82999992370605,145.68000411987305,44.6225004196167,63.82999897003174,0.6559827923774719,225.80313110351562,80.62500190734863,1.1319796741008759,75.77250099182129,0.07773499935865402,19.03549337387085,2048.0541076660156,1.09307262301445,1.2566872537136078,1994.8999633789062,135.95501337321502,3.7890000343322754,43.4555082486014,0.006711115129292011,14.589216470718384,69.51635360717773,11.075000047683716,336.8051383068862,372.8709548051951,51.208749771118164,2.8665000200271606,48.42505627430752,930.9249877929688,385.68356025128116,11.722500324249268,24.11175012588501,160.8853553916568,170.5857415245306,0.10539725050330162,236.4824981689453,1.3661025166511536,1.0002629905939102,78.47098536622957,80.35403181193891,34.43088399518453,103.62720310444871,182.56398434858818,0.11905775032937527,34.3662141892581,127.17003167105423,165.87556483008115,0.612130269408226,35271.9296875,4549.367431640625,15982.039794921875,12.920000076293945,3.7,156661.0,214000.0,308.087,120.309,61.3,685328.0,1510.0,1508.0,20696.8,2.18,5.33,867.22,79.49,34001494.0,22960.6,68.14285714285714,19551850.0,11,4,2023
2023-12-04,43060.8857421875,189.55194275925928,0.390780508518219,614.1799774169922,121.79000091552734,146.9124984741211,47.39750003814697,68.05500030517578,0.661760002374649,228.17423629760742,80.30499839782715,1.1457264721393585,75.41749954223633,0.08385349996387959,19.459065914154053,2147.1698608398438,1.049922376871109,1.2681148648262024,2056.7249755859375,132.56870067791982,3.8707500100135803,43.33956204012899,0.006780463387258351,15.39181113243103,71.33442687988281,12.964999914169312,326.03836888419505,372.61838000193416,51.811750411987305,2.791749894618988,47.09792202055621,931.2999877929688,386.1043401748564,13.182500123977661,25.30875062942505,159.68792532976596,170.37771489764606,0.10364524833858013,240.57749938964844,1.35361248254776,1.0001889765262604,80.28138381861737,80.77258136680945,35.070255461317856,105.42238221445662,183.42711747391675,0.12047825008630753,35.67333578137997,128.11694143130046,168.12405047994937,0.619274228811264,36009.10546875,4581.4725341796875,15996.8349609375,13.009999990463257,3.8,156930.0,216000.0,308.735,120.528,69.7,686277.0,1568.0,1530.0,20701.4,2.07,5.33,815.847,78.16,34001494.0,22960.6,72.28571428571429,19559162.5,12,4,2023
2023-12-11,41693.0703125,192.55889579270487,0.5565487667918205,605.3549957275391,126.30249977111816,146.55500030517578,48.888750076293945,71.17250061035156,0.6600691825151443,248.5074806213379,76.23749923706055,1.1401945352554321,71.57250213623047,0.09861624985933304,21.649404525756836,2324.4655151367188,1.0792043507099152,1.2578868865966797,2030.4500122070312,133.4718710827781,3.812375009059906,41.90872411774835,0.006900799926370382,16.190699577331543,76.30208778381348,16.105000495910645,326.54351625772745,367.96008451293005,58.70424938201904,2.609250068664551,46.91900121450543,910.8000030517578,386.04989877042016,15.450000047683716,23.711750030517578,159.44299094895572,170.92498337600392,0.10670025087893009,241.90749740600586,1.3572275042533875,1.0000600069761276,79.63101725190594,78.64174149556608,35.20447947412188,106.31875427918663,183.3727080758326,0.1309719979763031,36.034006481244944,128.78079506530537,170.12574423017722,0.6574984937906265,36200.6982421875,4591.1175537109375,15991.455322265625,12.702500343322754,3.8,156930.0,204000.0,308.735,120.528,69.7,686277.0,1568.0,1530.0,20701.4,2.04,5.33,838.507,75.75,34001494.0,22960.6,73.14285714285714,19566493.75,12,4,2023
2023-12-18,42732.6123046875,195.37201160066576,0.590761736035347,595.3625030517578,137.09249877929688,148.53750228881836,50.53125,73.55000114440918,0.6684316396713257,232.0211181640625,75.68750190734863,1.1488645672798157,70.75749969482422,0.09565900079905987,20.372403621673584,2224.65771484375,1.0891637206077576,1.2669312953948975,2015.1499938964844,131.52368239004113,3.856000006198883,45.063966710113206,0.006996517768129706,14.603193044662476,72.65209770202637,17.28250026702881,330.5670432755345,367.31874410861855,56.92500019073486,2.4402499198913574,48.2353864076938,944.1999816894531,398.2109790317946,15.15750002861023,23.61750030517578,170.0443260995117,184.94051241203422,0.10335174761712551,247.33250045776367,1.3439649641513824,0.9998399913311005,81.98500977089567,79.47886516867914,36.2513872131705,109.58183774620922,188.42538536090927,0.1244602520018816,37.62629831229761,131.04557787503208,175.37057807963524,0.6205950230360031,37047.2783203125,4692.5849609375,16494.634521484375,12.377500057220459,3.8,156930.0,209000.0,308.735,120.528,69.7,686277.0,1568.0,1530.0,20701.4,1.74,5.33,724.704,78.89,34001494.0,22960.6,68.42857142857143,19573818.75,12,4,2023
2023-12-25,42439.8046875,193.30194336017752,0.5962197482585907,599.2075042724609,139.51000213623047,153.13000106811523,52.53874969482422,75.75250053405762,0.678087443113327,230.08208084106445,78.63249969482422,1.1649577617645264,73.28249931335449,0.09204700030386448,20.69318962097168,2248.3648071289062,1.0997068583965302,1.2694058120250702,2051.7250366210938,138.68695174857217,3.8914999961853027,46.76370074613153,0.006997903110459447,15.061025381088257,71.18244934082031,24.702499389648438,348.60699197704116,369.9536358108335,60.50150012969971,2.5562499165534973,49.02933911500412,972.5,403.50313044685413,17.27750015258789,24.24375057220459,170.70489713581372,187.02630387737696,0.10458374954760075,252.97999572753906,1.330442488193512,1.0004889965057373,82.79071307853857,80.83204392131394,36.40024848020205,110.19244434408148,189.63725651070638,0.12423924915492535,37.6678447648675,131.34818997806576,177.51294504818895,0.6097080111503601,37371.5693359375,4746.2723388671875,16741.88525390625,13.209999799728394,3.8,156930.0,210000.0,308.735,120.528,69.7,686277.0,1568.0,1530.0,20701.4,1.71,5.33,772.258,80.23,34001494.0,22960.6,72.14285714285714,19577487.5,12,4,2023
2024-01-01,43649.859375,191.55243730108307,0.6111882627010345,596.9574890136719,146.44750213623047,152.42250061035156,52.875,76.47325134277344,0.6881026178598404,257.01025390625,78.13500022888184,1.1862328350543976,72.6825008392334,0.09077050164341927,22.057467937469482,2297.0463256835938,1.1062752306461334,1.2746439278125763,2066.574951171875,139.54285198532259,3.8949999809265137,49.460087662538264,0.007077927351929247,15.50880217552185,73.5341911315918,25.332499504089355,353.74282441943006,371.9794732447586,63.7269983291626,2.5404999256134033,49.42943871152548,996.5249938964844,406.64297172037533,16.180000066757202,23.920250415802002,174.2676099817205,190.9314175449147,0.10665874741971493,252.37999725341797,1.3246399760246277,1.0000672489404678,83.76021886136407,81.0201808287865,36.862488651119996,111.84395886687669,190.9032976566886,0.1297054998576641,38.47046955399807,133.40713683413654,177.35328557829988,0.6235094964504242,37632.439453125,4771.237548828125,16844.72998046875,12.764999866485596,3.7,157049.0,198000.0,309.794,121.128,79.0,680456.0,1376.0,1508.0,20773.3,1.72,5.33,1018.483,77.69,34586533.0,23053.545,68.85714285714286,19584812.5,1,1,2024
2024-01-08,43571.630859375,181.65187249615377,0.5288395062088966,570.7449951171875,138.82500076293945,146.7275047302246,49.42750072479248,71.81499862670898,0.6724094748497009,239.7909164428711,77.9275016784668,1.177681803703308,72.78499794006348,0.08210374973714352,20.143287658691406,2247.7174072265625,1.0961562097072601,1.2708623111248016,2048.1749877929688,135.91022001037786,3.821000039577484,46.47753127230371,0.006943572429008782,13.846266269683838,66.84276008605957,23.87750005722046,347.7137227759915,365.9987466370916,65.38075065612793,2.803999900817871,48.74693834963723,965.3499908447266,395.7867606520282,15.130000114440918,23.25474977493286,166.3825644892378,180.59839064792308,0.10459350049495697,240.28250122070312,1.3341574966907501,1.0011045187711716,82.6189849355024,81.81733161683309,36.990016886104044,109.97756017776929,183.86898080817704,0.11965999938547611,37.90246179254366,135.86102248961,171.9457605755126,0.5702187567949295,37511.529296875,4707.7301025390625,16386.937744140625,13.595000267028809,3.7,157049.0,199000.0,309.794,121.128,79.0,680456.0,1376.0,1508.0,20773.3,1.79,5.33,691.485,75.47,34586533.0,23053.545,70.42857142857143,19592112.5,1,1,2024
2024-01-15,41738.8251953125,183.99281997430626,0.5339855030179024,590.0824890136719,146.0374984741211,153.13999557495117,48.11475086212158,71.06925010681152,0.669505387544632,252.99807739257812,78.14500045776367,1.1740978360176086,72.68499946594238,0.08064075000584126,25.941125869750977,2456.7244873046875,1.0957867205142975,1.2738425433635712,2041.1749877929688,141.02078323456027,3.7583749890327454,46.77603546612643,0.006902468157932162,14.475001573562622,69.54680252075195,21.47499990463257,367.7891099896909,380.5431076509275,52.473501205444336,3.177999973297119,53.541138912924076,918.5249938964844,404.045235661418,13.049999952316284,23.059750080108643,171.1688414625326,183.94873225365578,0.11029500141739845,224.0449981689453,1.340357482433319,0.9997797608375549,81.71478480246734,79.34906842257803,36.92870346285929,109.9235266295911,188.875811036422,0.11881075240671635,37.91973852379131,137.5721323338978,172.4724162510229,0.5813702642917633,37565.1171875,4767.469970703125,16728.899658203125,12.982500076293945,3.7,157049.0,193000.0,309.794,121.128,79.0,680456.0,1376.0,1508.0,20773.3,1.69,5.33,603.116,79.76,34586533.0,23053.545,67.42857142857143,19599437.5,1,1,2024
2024-01-22,41347.564453125,187.71546757616093,0.5066257491707802,604.4024963378906,168.1724967956543,154.08749771118164,46.1899995803833,69.40999984741211,0.659586563706398,239.6224365234375,78.34249877929688,1.1562800109386444,73.05750274658203,0.08392399922013283,24.935131072998047,2484.0260009765625,1.090899497270584,1.2686904072761536,2027.6000061035156,143.83981202146478,3.7705000042915344,47.0474003316366,0.0067786070285364985,15.389026641845703,70.62149810791016,16.479999780654907,375.6968257494852,391.4866341677525,48.72499942779541,2.685249984264374,58.28361474959501,894.1749877929688,413.57685603491046,10.516250133514404,22.646249771118164,182.48120400578964,194.77469458010268,0.1097442489117384,213.85750198364258,1.3466099798679352,0.9994587451219559,80.39760524755266,77.29619317090288,36.98021011006374,109.91861293171915,195.87048408798296,0.11525249853730202,37.20415726743777,136.4959488524529,172.08668218181364,0.5511547476053238,37696.0703125,4809.12744140625,17126.67529296875,13.819999933242798,3.7,157049.0,223000.0,309.794,121.128,79.0,680456.0,1376.0,1508.0,20773.3,1.8,5.33,647.103,81.7,34586533.0,23053.545,57.285714285714285,19603093.75,1,1,2024
2024-01-29,42706.1103515625,192.13641688359382,0.48355650156736374,611.5650024414062,175.89249801635742,158.21499633789062,46.47499942779541,70.32499885559082,0.6591340601444244,234.64590072631836,82.18750190734863,1.1560846865177155,76.79250144958496,0.07978324964642525,23.35089874267578,2286.2868041992188,1.0868633687496185,1.2712255120277405,2019.7250061035156,150.01528546192657,3.837000072002411,44.63964619786615,0.006761306896805763,14.614839553833008,68.15022945404053,17.34000039100647,389.72074772856337,398.33162900134255,48.21725082397461,2.6547499895095825,60.851150312810034,905.3249969482422,421.3738186985769,11.02500033378601,22.586249351501465,188.79572274409017,200.0636231300433,0.11171149834990501,191.0900001525879,1.3465950191020966,0.9997494667768478,80.57110853251542,79.77645028351623,37.77478808325911,111.35525709229478,200.6988126068299,0.1129044983536005,37.04866193439237,136.405244881907,170.32376870401026,0.5235927402973175,38057.4697265625,4883.1700439453125,17448.32470703125,13.257500171661377,3.7,157049.0,225000.0,309.794,121.128,79.0,680456.0,1376.0,1508.0,20773.3,1.78,5.33,581.41,83.99,34586533.0,23053.545,51.857142857142854,19610425.0,1,1,2024
2024-02-05,46847.1474609375,184.6786986838463,0.5024554878473282,629.9850006103516,174.22000122070312,167.7324981689453,46.62375068664551,71.3499984741211,0.6569397747516632,236.20261764526367,79.07750129699707,1.157311201095581,73.90999984741211,0.07925800234079361,24.81885290145874,2301.4186401367188,1.082380473613739,1.266614317893982,2040.4749755859375,143.07596083409933,3.8501250743865967,42.133214806951194,0.0067660086788237095,17.371248722076416,67.36552238464355,18.317500114440918,453.6220225615668,404.89676131654005,50.457499504089355,2.234749972820282,64.88063155135701,902.4999847412109,423.11336896072544,11.27750015258789,22.80674982070923,188.74345420385072,196.6553824056145,0.11678449809551239,188.54500198364258,1.344462513923645,0.9997332543134689,81.12339631002092,80.39351100164288,38.1745337264178,112.99325895359513,199.7519913610666,0.11087999865412712,36.75110029222553,138.73655567795004,173.93369482888187,0.5091249868273735,38538.4091796875,4934.4149169921875,17524.12255859375,14.05750036239624,3.9,157271.0,214000.0,311.022,121.418,76.9,685280.0,1546.0,1563.0,20861.5,1.9,5.33,552.289,79.3,34586533.0,23053.545,61.0,19617756.25,2,1,2024
2024-02-12,51202.73046875,187.52162102024,0.5304917618632317,623.4200134277344,172.61749649047852,172.8874969482422,48.42875003814697,74.74500274658203,0.6509098559617996,267.52425384521484,80.8650016784668,1.1453297138214111,75.59499931335449,0.0807922501116991,25.62427854537964,2455.7220458984375,1.0772916972637177,1.2605561316013336,2025.300048828125,146.85289164967585,3.7157500982284546,42.500796198496744,0.0067127804504707456,19.68985080718994,70.68364715576172,22.06999969482422,463.5179232796359,412.29153609856616,60.225751876831055,1.9095000326633453,70.66121755599143,879.3500213623047,431.0294223214901,13.53600001335144,22.47475004196167,199.62024056575217,205.11848640379193,0.1232489999383688,189.06750106811523,1.3482400178909302,1.0000064671039581,80.72261553956446,80.23265259508139,38.235848520041586,114.26782210578698,204.3027429989636,0.1105747502297163,36.640709290304315,140.9158875040937,176.2332099099493,0.5214340016245842,38579.865234375,5000.3424072265625,17845.5849609375,13.269999980926514,3.9,157271.0,212000.0,311.022,121.418,76.9,685280.0,1546.0,1563.0,20861.5,1.93,5.33,581.568,83.88,34586533.0,23053.545,68.42857142857143,19625087.5,2,1,2024
2024-02-19,51743.326171875,182.79687439344556,0.6017252504825592,566.5099792480469,173.1349983215332,170.03999710083008,50.02750110626221,76.70999717712402,0.6540729701519012,273.26309967041016,82.83000183105469,1.1357222497463226,78.31750106811523,0.08448700048029423,26.49104070663452,2781.1629028320312,1.0764915645122528,1.2606603503227234,2008.4000244140625,141.9513363644879,3.8042500615119934,43.310723044003275,0.006665180786512792,20.07288885116577,70.78843116760254,26.982500553131104,470.37069219635964,404.2231755246771,71.4017505645752,1.6634999811649323,72.33708373984364,898.8749847412109,428.2153844023032,16.3100004196167,23.080499172210693,200.8373376099275,206.53357376917057,0.13335050083696842,196.2949981689453,1.3444949686527252,1.000295728445053,82.62630755516983,81.69007064786199,38.633142601275516,115.42449366771368,201.95548371645907,0.11490299738943577,36.61215635595027,142.18082412116865,176.57936950811987,0.5517897456884384,38555.728515625,4994.9599609375,17722.91015625,14.940000057220459,3.9,157271.0,203000.0,311.022,121.418,76.9,685280.0,1546.0,1563.0,20861.5,1.97,5.33,532.125,85.52,34586533.0,23053.545,74.28571428571429,19628768.75,2,1,2024
2024-02-26,60294.7265625,181.6622276485428,0.5980692356824875,548.0175018310547,174.67000198364258,172.86750411987305,48.40250015258789,74.54750061035156,0.6559775769710541,266.2559509277344,82.16250228881836,1.13674658536911,77.27499961853027,0.08639474958181381,26.825265407562256,3050.7717895507812,1.0829898715019226,1.2662473022937775,2032.6749877929688,142.42158737959065,3.8793749809265137,42.971755309135006,0.00665097264572978,18.823219299316406,69.83465957641602,24.512499809265137,478.79595703494306,405.34532094593203,69.05975151062012,1.6300000250339508,76.54025732009279,901.6750030517578,430.7391069031553,15.180000305175781,22.974499702453613,205.1706433383465,209.02296445498789,0.13770200312137604,193.12750244140625,1.3485774993896484,0.9998484700918198,84.3760633603748,82.47281110605194,39.334537753924444,117.45297229538224,202.08437607639914,0.11624900251626968,37.03474196406666,144.20082306933563,178.3200703087005,0.5465059876441956,38970.98046875,5058.6649169921875,17821.5693359375,14.315000295639038,3.9,157271.0,214000.0,311.022,121.418,76.9,685280.0,1546.0,1563.0,20861.5,1.97,5.33,524.959,84.01,34586533.0,23053.545,74.0,19636118.75,2,1,2024
2024-03-04,66861.6357421875,179.30833116307898,0.6982587426900864,565.8224945068359,195.12250137329102,176.86000061035156,50.7475004196167,79.2495002746582,0.6512551009654999,431.65018463134766,83.11750030517578,1.1315576434135437,79.15749931335449,0.13693075068295002,32.35020399093628,3384.727783203125,1.0842138528823853,1.265416830778122,2071.3749389648438,137.37571238751278,3.8423750400543213,43.00639825828403,0.006664187530986965,20.219257354736328,86.2725944519043,28.125,495.38525676033476,409.55320405363915,98.16800117492676,1.7747500240802765,80.96534080097322,884.5,439.75203036012743,15.179999828338623,22.948750019073486,216.24904190350435,221.18045081925555,0.14072724804282188,200.72000122070312,1.3561850190162659,1.0003622174263,85.59304698231682,83.36359257378044,39.501299801684276,118.94609088251025,207.34646616468183,0.13133499585092068,37.61018053987648,143.4825454005343,182.20447056436925,0.6082227379083633,39040.58203125,5117.945068359375,18194.85986328125,13.374999761581421,3.9,157517.0,212000.0,312.107,121.829,79.4,688248.0,1299.0,1485.0,20901.4,1.88,5.33,439.793,86.58,34586533.0,23053.545,80.85714285714286,19643500.0,3,1,2024
2024-03-11,68769.1591796875,170.9054968026842,0.7067074924707413,554.4450073242188,210.30749893188477,176.0250015258789,50.62700080871582,81.80499839782715,0.6600653380155563,424.60243225097656,82.48500061035156,1.1381236016750336,78.55249977111816,0.1688455007970333,35.51219415664673,3746.3330078125,1.0927007794380188,1.2816345989704132,2158.2000122070312,134.25314855688563,3.884874999523163,43.87236192782009,0.006766812293790281,20.66528606414795,85.46851921081543,24.447499752044678,504.001361138971,403.9609045565045,133.4492530822754,1.8434999883174896,88.93485752787545,906.8499908447266,436.8312693979957,12.860000133514404,24.065750122070312,225.85148455910365,227.80753817511587,0.1356790028512478,181.03249740600586,1.3519324958324432,1.0010647177696228,87.19861003244449,84.19433795481388,39.80049964004093,119.97753277418853,206.04768800270114,0.13943825289607048,38.343285326610605,143.32563190008864,179.12612813222626,0.608902245759964,38747.767578125,5123.3648681640625,18064.5322265625,14.582499742507935,3.9,157517.0,213000.0,312.107,121.829,79.4,688248.0,1299.0,1485.0,20901.4,1.83,5.33,478.728,83.44,34586533.0,23053.545,81.85714285714286,19650818.75,3,1,2024
2024-03-18,66043.3154296875,171.66690276219634,0.7007424980401993,513.8174896240234,192.42499923706055,174.95999908447266,49.31750011444092,80.90924835205078,0.6587147563695908,411.9442901611328,84.35999870300293,1.1335728764533997,80.12250137329102,0.15947600081562996,33.20271825790405,3697.8206787109375,1.0907315909862518,1.2764282524585724,2163.9750366210938,139.85136887364564,4.058125138282776,42.77876701539559,0.006737399380654097,19.40933322906494,89.6059627532959,20.2524995803833,484.85864107371106,412.33201232394777,170.44299697875977,1.6984999775886536,87.92110736479562,937.5250091552734,432.9277771270023,11.675000190734863,25.00350046157837,218.9371162532944,219.45771987609885,0.12774399667978287,167.63000106811523,1.3499025404453278,0.9998835027217865,88.63798250534522,87.12599065685609,40.03103336728909,119.78351249292854,205.00416822461796,0.1377820000052452,37.69657424492007,142.98489860584468,176.9873597092705,0.642546996474266,38778.6826171875,5126.2974853515625,17902.46484375,14.570000171661377,3.9,157517.0,213000.0,312.107,121.829,79.4,688248.0,1299.0,1485.0,20901.4,2.03,5.33,440.596,86.47,34586533.0,23053.545,81.42857142857143,19654475.0,3,1,2024
2024-03-25,70202.455078125,172.50793703599552,0.6403050124645233,504.614990234375,181.6999969482422,178.1699981689453,49.40750026702881,81.13225173950195,0.6571794897317886,454.06707763671875,85.90500068664551,1.1175817549228668,81.35249900817871,0.16406474821269512,30.520395755767822,3402.856201171875,1.0870812833309174,1.264631986618042,2168.5000610351562,149.2290465158441,4.032000005245209,42.098366558216505,0.0066272837575525045,18.21911907196045,86.77285957336426,20.55500030517578,502.0384782707708,422.29595003498696,150.27550315856934,1.6835000216960907,92.06124780573089,901.6999816894531,440.5783435541764,11.477499723434448,24.94474983215332,223.5466912575547,221.5220071661849,0.11937624961137772,171.43499755859375,1.3569374680519104,0.9999717622995377,89.21716733437086,88.38172858696733,40.57792217539131,122.36209561730405,207.21510885468896,0.13116649724543095,37.15904027399591,142.58042613866056,180.21655621042902,0.6252502501010895,39400.4091796875,5215.2625732421875,18238.18212890625,13.34500002861023,3.9,157517.0,214000.0,312.107,121.829,79.4,688248.0,1299.0,1485.0,20901.4,1.92,5.33,473.787,86.18,34586533.0,23053.545,75.42857142857143,19661800.0,3,1,2024
2024-04-01,68656.775390625,170.69649992701895,0.6540362536907196,505.6875,179.09500122070312,179.9250030517578,50.12625026702881,83.31000137329102,0.652075007557869,630.3425750732422,86.90500259399414,1.108770728111267,82.52499961853027,0.20921875163912773,33.631715297698975,3599.0733032226562,1.0808992683887482,1.2627085447311401,2208.7749633789062,149.7689592672823,4.000000059604645,42.92969391979857,0.006604374968446791,19.34529161453247,102.03927612304688,22.40749979019165,489.7906461332783,418.7678572005691,175.0882453918457,1.6990000009536743,91.62014019608476,903.3249969482422,441.59576458620575,12.297499895095825,24.732250213623047,224.23863788243625,223.58872141444652,0.12167075090110302,176.13999557495117,1.3555624783039093,1.0001092851161957,90.80071029012512,90.90645790608974,41.28703501102426,123.68865149056336,206.8770176057856,0.14011050388216972,37.92181032986458,144.8371470737427,182.02153619547803,0.630645751953125,39690.130859375,5244.2425537109375,18264.0693359375,13.087500095367432,3.9,157635.0,223000.0,313.016,122.14,77.2,688913.0,1377.0,1440.0,20932.9,1.98,5.33,441.903,86.17,34831634.0,23223.906,78.85714285714286,19669118.75,4,2,2024
2024-04-08,66277.9794921875,169.02936968516295,0.5979810059070587,489.61000061035156,173.41500091552734,183.69750595092773,47.73749923706055,80.44000053405762,0.6568878442049026,661.7411041259766,90.16250038146973,1.107297122478485,86.01250076293945,0.19658024981617928,32.89863300323486,3440.19189453125,1.0825055241584778,1.2625103890895844,2302.449951171875,151.8589667210443,4.192499995231628,39.91860742561322,0.006600694847293198,18.00361394882202,102.24700736999512,19.357500076293945,514.9114951282801,421.105001227964,151.2429962158203,1.7954999804496765,88.50116355745772,923.6999969482422,438.21641978811806,10.642499923706055,26.75499963760376,222.97173722592458,221.85761693098897,0.12004674971103668,166.87499618530273,1.357515037059784,1.0001182556152344,90.98710036403142,94.00702348608856,40.97932455880499,123.49158949568738,205.32035900172855,0.13140324875712395,37.28640272128496,141.65847414413028,178.36404229657535,0.5963185131549835,39045.625,5204.6724853515625,18121.06298828125,15.632500410079956,3.9,157635.0,212000.0,313.016,122.14,77.2,688913.0,1377.0,1440.0,20932.9,2.04,5.33,448.597,91.73,34831634.0,23223.906,75.42857142857143,19676675.0,4,2,2024
2024-04-15,64095.83203125,173.82173928900295,0.49252699315547943,477.52249908447266,165.01000213623047,186.1750030517578,47.04624843597412,79.8174991607666,0.6545328795909882,553.0693893432617,90.46999931335449,1.0978368818759918,85.88500213623047,0.16636374965310097,28.229215621948242,3225.9734497070312,1.0714234113693237,1.2513477802276611,2365.0999755859375,156.3251232551145,4.259125113487244,36.083607517639535,0.006541492533870041,14.722641706466675,84.24562644958496,16.93750023841858,513.399576345275,420.01089163712487,148.9177474975586,1.8034999668598175,87.50449451594645,982.5500030517578,437.1156739927296,9.482500314712524,28.506749629974365,221.24439549107743,218.47488990061362,0.11423899792134762,172.2775001525879,1.3716550171375275,1.0010140240192413,89.01524701801625,93.64637565542418,39.856806706836544,121.74997719580986,204.52837656997525,0.11339999921619892,36.428712604073645,137.6850863253673,176.490731042492,0.5208519920706749,38214.244140625,5144.892578125,18069.1376953125,17.102499961853027,3.9,157635.0,211000.0,313.016,122.14,77.2,688913.0,1377.0,1440.0,20932.9,2.2,5.33,327.066,90.84,34831634.0,23223.906,75.85714285714286,19680331.25,4,2,2024
2024-04-22,63971.28515625,166.88946654484607,0.48413798958063126,468.53749084472656,150.86249923706055,177.84750366210938,43.109999656677246,74.37874984741211,0.6427547931671143,504.4424057006836,87.95750045776367,1.0996958911418915,83.52999877929688,0.15626350045204163,26.840848922729492,3110.233642578125,1.0657870769500732,1.2401980757713318,2380.6499633789062,154.1928032757069,4.449625015258789,34.46053844048929,0.006480077398009598,14.511200904846191,82.5229663848877,16.007500171661377,487.3221989983458,402.63353668466834,124.2544994354248,1.7397499978542328,79.62858197153025,943.0249786376953,418.57149458917206,8.818750143051147,28.548500537872314,204.5533802887399,202.68378899506655,0.11091849952936172,152.75250244140625,1.3791124522686005,1.0004142671823502,87.71049844603964,92.08520709299798,39.64018125756873,119.68812545651426,194.6223441155149,0.11214199848473072,34.99843576333734,136.97406926785945,170.27102507555858,0.5137442573904991,37992.791015625,5014.112548828125,17300.330078125,18.759999752044678,3.9,157635.0,209000.0,313.016,122.14,77.2,688913.0,1377.0,1440.0,20932.9,2.21,5.33,409.816,87.3,34831634.0,23223.906,66.57142857142857,19687596.875,4,2,2024
2024-04-29,62330.22265625,167.884772933178,0.4734102636575699,475.04750061035156,154.76499938964844,176.59500122070312,43.636250495910645,75.61750030517578,0.6510973870754242,484.01416778564453,88.65500068664551,1.1028491258621216,83.2599983215332,0.15019774809479713,27.925378799438477,3237.0164794921875,1.069667100906372,1.2554543316364288,2336.7750244140625,166.57363016233342,4.545624852180481,32.09026380490838,0.006358948186971247,14.34753704071045,84.63744735717773,18.610000371932983,451.1242793675679,400.3608515242378,129.0087547302246,1.639499992132187,85.02230918367569,915.0,424.52764593133935,11.52275013923645,27.255499362945557,212.33637368797582,211.0214289525843,0.11867550015449524,161.87499618530273,1.3685399889945984,0.9999537765979767,87.43090933680767,92.48941103122209,40.198977091097746,120.49858420395549,196.88659825475247,0.11409525014460087,35.16272336110956,137.87697079164224,172.9174863800421,0.5248347520828247,38198.7998046875,5070.9849853515625,17554.90771484375,15.924999713897705,3.9,157635.0,209000.0,313.016,122.14,77.2,688913.0,1377.0,1440.0,20932.9,2.22,5.33,505.53,88.44,34831634.0,23223.906,69.14285714285714,19691259.375,4,2,2024
2024-05-06,62150.1181640625,179.8681989377337,0.4526809975504875,480.052490234375,151.16250228881836,183.77250289916992,45.14675045013428,76.20249938964844,0.658132404088974,454.28385162353516,84.50500106811523,1.1012517213821411,79.52250099182129,0.15289400331676006,26.983737468719482,3093.9725341796875,1.0751641988754272,1.2548916339874268,2305.2750244140625,165.86450037404245,4.578500032424927,30.613169848665752,0.006476026377640665,13.961732149124146,80.7874984741211,17.390000104904175,444.6777465873111,399.36099805593255,119.11100006103516,2.08924999833107,86.99991075260829,954.6499786376953,429.39285443071725,10.52999997138977,26.59124994277954,214.34746094659315,213.08038272488488,0.12080074846744537,184.31750106811523,1.3681000173091888,1.0001157820224762,87.67371025000229,90.3037665304028,39.94296627787784,120.62914063443785,199.25012119418045,0.1096900012344122,35.6833738009717,138.52651245901262,175.86876364564807,0.5199792608618736,38485.1044921875,5101.4375,17748.23779296875,14.169999599456787,4.0,157828.0,229000.0,313.14,122.239,69.1,691223.0,1315.0,1399.0,20997.2,2.14,5.33,468.97,83.6,34831634.0,23223.906,59.857142857142854,19694931.25,5,2,2024
2024-05-13,65255.2177734375,182.0429333460092,0.4463002532720566,485.4100036621094,153.0374984741211,187.86499786376953,43.82499885559082,75.11499786376953,0.6612648963928223,445.71041107177734,82.95499992370605,1.1010385751724243,78.34250068664551,0.1478547528386116,27.211910724639893,2989.6392211914062,1.0773933827877045,1.2498853504657745,2353.1500244140625,167.9694526747047,4.667999982833862,29.908027461977063,0.00644374149851501,13.885011196136475,81.53927230834961,18.110000133514404,469.09867066469644,409.67971181894967,121.96224594116211,2.2452500462532043,90.02217499132368,990.6499786376953,438.5568539257156,9.68999981880188,28.023749828338623,221.58289420174526,218.38050477349958,0.12513774633407593,173.0625,1.3686800003051758,1.0002002567052841,89.65535941461427,90.77817614069347,40.947324191894104,123.4275369798532,203.79597897313744,0.106757503002882,36.35864989755846,140.7063122900335,176.63939235586696,0.5163194984197617,39323.734375,5206.860107421875,18126.81201171875,12.90500020980835,4.0,157828.0,222000.0,313.14,122.239,69.1,691223.0,1315.0,1399.0,20997.2,2.15,5.33,492.068,83.18,34831634.0,23223.906,59.857142857142854,19696778.125,5,2,2024
2024-05-20,68767.205078125,188.23236268473696,0.46282700449228287,480.875,161.86000061035156,185.1099967956543,45.15500068664551,77.29500007629395,0.6678249686956406,472.02565002441406,83.26500129699707,1.1007945835590363,79.23999786376953,0.1483204960823059,27.399068355560303,3038.505615234375,1.0863627791404724,1.2638079226016998,2394.0499877929688,172.2738881284242,4.994374990463257,31.28156226468345,0.006435539689846337,15.776228904724121,81.8440170288086,19.144999980926514,469.88579327176785,415.98905024472555,148.92499923706055,2.5299999713897705,92.29616787974837,1064.7749786376953,447.2313108599912,9.99750018119812,30.433500289916992,228.44996999011371,225.82403461348346,0.12261449918150902,175.9800033569336,1.361029952764511,1.0001202672719955,90.2979467229006,91.28647455881944,41.6341289857191,123.53099823316558,209.37216013872134,0.10552125051617622,37.26175935368521,143.23059437113506,176.99125249374853,0.5090277567505836,39857.5380859375,5285.797607421875,18477.3828125,12.479999780654907,4.0,157828.0,216000.0,313.14,122.239,69.1,691223.0,1315.0,1399.0,20997.2,2.11,5.33,489.728,81.91,34831634.0,23223.906,69.85714285714286,19700484.375,5,2,2024
2024-05-27,68183.626953125,189.21656018154874,0.46857500076293945,479.10999298095703,166.03250122070312,182.0625,44.43624973297119,77.30999946594238,0.6643040627241135,492.61527252197266,82.35000228881836,1.0892354846000671,78.04750061035156,0.16377224773168564,31.28496551513672,3661.4116821289062,1.0851063132286072,1.268982470035553,2358.3250122070312,174.5902916344773,4.882000088691711,30.7375125029643,0.0063840055372565985,16.887348413467407,84.7728385925293,21.03749990463257,472.7328993176423,425.9980098390473,165.94199752807617,2.6142500042915344,103.11436824210469,1038.75,454.29067035840944,10.491250038146973,30.822499752044678,239.92907974888922,235.1750026205253,0.11588000133633614,179.65500259399414,1.366809993982315,0.9996912479400635,89.6529089686633,89.32108121338551,41.080251972442845,122.81169463587116,213.473598173872,0.1090297494083643,36.43112596252356,142.7262110773747,174.29771257772632,0.530009001493454,39309.216796875,5302.0626220703125,18768.51953125,12.187500238418579,4.0,157828.0,221000.0,313.14,122.239,69.1,691223.0,1315.0,1399.0,20997.2,2.14,5.33,431.239,78.92,34831634.0,23223.906,75.28571428571429,19704171.875,5,2,2024
2024-06-03,69698.41796875,191.00804462492215,0.45235225558280945,451.57000732421875,167.10499954223633,177.70750045776367,42.792500495910645,75.11249732971191,0.6650307327508926,466.8874206542969,82.35750198364258,1.104879915714264,77.8174991607666,0.16058625280857086,29.78512144088745,3809.4030151367188,1.0848494172096252,1.2739412188529968,2331.1249389648438,172.10466673077232,4.6756250858306885,30.55864949554492,0.006363539723679423,18.092506408691406,83.59823989868164,20.052500247955322,465.54661011463435,414.0177449884875,155.14925003051758,2.5682499408721924,110.4699470236187,1041.2749633789062,448.31470699926956,9.96875,30.773500442504883,240.45176264162913,233.25264587851808,0.11375799961388111,177.99750137329102,1.3661724925041199,0.9995169937610626,89.30710576911147,89.5413311965215,40.77993087830613,121.32873594596481,209.15117577363642,0.10662125237286091,36.42871169231876,140.77274892186819,173.74515154518537,0.5190452337265015,38600.6474609375,5265.6524658203125,18534.56982421875,13.269999980926514,4.1,157915.0,229000.0,313.131,122.51,68.2,690682.0,1329.0,1454.0,21065.6,2.08,5.33,387.069,76.45,34831634.0,23223.906,72.57142857142857,19706003.125,6,2,2024
2024-06-10,67120.2646484375,195.15410362311525,0.45247626304626465,459.09249114990234,166.4224967956543,182.70249938964844,43.75500011444092,76.78499984741211,0.661605104804039,480.86055755615234,79.40500068664551,1.1150459051132202,75.26499938964844,0.15045899525284767,27.39907741546631,3728.6434326171875,1.083854228258133,1.2729181051254272,2320.2249755859375,173.65724831600792,4.539875030517578,30.429467347364685,0.006395468255504966,16.653109550476074,80.81946754455566,19.91249990463257,487.4666590019704,418.29039182341046,162.1879997253418,2.843999981880188,119.80213966291451,980.4749908447266,457.0960511824805,9.690000295639038,29.873749256134033,248.73754692603828,236.74466807506923,0.1156267486512661,177.43249893188477,1.3729225099086761,0.999839723110199,88.42173897793009,87.52269783182214,40.78239149873627,120.57987135285815,212.49291289363381,0.10028425231575966,36.7210525011526,143.5258117478908,175.51688676540073,0.4978577494621277,38737.6064453125,5325.8450927734375,18877.08740234375,12.71500015258789,4.1,157915.0,241000.0,313.131,122.51,68.2,690682.0,1329.0,1454.0,21065.6,2.16,5.33,416.481,79.59,34831634.0,23223.906,74.57142857142857,19709656.25,6,2,2024
2024-06-17,64182.677734375,208.63131543560846,0.4215639978647232,509.14500427246094,160.43250274658203,184.47500228881836,44.22249984741211,77.24874687194824,0.6626124233007431,435.6942596435547,81.9950008392334,1.1197976768016815,77.86249923706055,0.13909075409173965,25.520212650299072,3579.6948852539062,1.0740755200386047,1.271003782749176,2322.9999389648438,175.84678210457042,4.538750052452087,30.43692135118474,0.006361579871736467,15.278681516647339,78.61624526977539,19.40499973297119,502.1032729766755,435.57229395389015,153.11999893188477,2.9457499980926514,128.36032464153794,958.5999908447266,471.9080253677355,10.328749895095825,29.448750495910645,262.4418169174799,247.36974301766742,0.11682050116360188,178.62749862670898,1.374195009469986,0.9994810223579407,87.65408908818756,85.93006444029193,40.134976690614636,119.68320449349962,222.91534841386832,0.09842474944889545,37.142645206329924,143.5282659910825,176.93428009989984,0.48687874525785446,38651.1083984375,5409.425048828125,19481.2255859375,12.667500019073486,4.1,157915.0,237000.0,313.131,122.51,68.2,690682.0,1329.0,1454.0,21065.6,2.06,5.33,333.429,82.45,34831634.0,23223.906,72.28571428571429,19713315.625,6,2,2024
2024-06-24,61812.703125,209.55570098475755,0.38679249584674835,526.8150024414062,160.65499877929688,187.16500091552734,43.47749996185303,76.7244987487793,0.6652176231145859,391.18309783935547,84.70499992370605,1.1224888265132904,80.46250343322754,0.12448225170373917,23.119882106781006,3460.7748413085938,1.0711034536361694,1.2668899297714233,2324.0999755859375,177.9068655623648,4.513999938964844,30.76235514187568,0.006281364359892905,13.666558504104614,74.19791412353516,19.56749963760376,496.8570307464138,445.21367639057564,148.63875198364258,2.757499933242798,129.51807595048825,985.5750122070312,478.41571264237115,9.930000066757202,29.719249725341797,266.6606244828802,250.46038912164363,0.11811274848878384,182.9574966430664,1.3707599937915802,0.9997449815273285,87.75218154037286,86.6174505226639,40.553457738785085,120.71535479786718,227.61016487544444,0.09161825105547905,37.129363498099934,144.09903790959513,179.86074787452918,0.48885074257850647,38997.4462890625,5463.79248046875,19751.125,13.089999914169312,4.1,157915.0,233000.0,313.131,122.51,68.2,690682.0,1329.0,1454.0,21065.6,2.03,5.33,435.916,86.75,34831634.0,23223.906,60.0,19715150.0,6,2,2024
2024-07-01,57298.205078125,210.2682886779777,0.38826775550842285,547.9499816894531,161.71750259399414,192.91749954223633,43.785000801086426,77.47249984741211,0.6672975271940231,384.70931243896484,86.13250350952148,1.1111520826816559,81.4950008392334,0.1229657493531704,23.440494060516357,3398.2443237304688,1.0714459419250488,1.2653990685939789,2322.1749877929688,181.5959566688542,4.403249979019165,30.712670908312116,0.006230529514141381,13.981425762176514,73.76999855041504,19.72000026702881,505.06274547671006,446.52105784005266,140.48749923706055,2.6600000858306885,123.27961485603367,1002.0500183105469,476.89500869163146,9.210000276565552,29.179749965667725,259.7313076053742,245.32758887335362,0.12322449870407581,195.24250030517578,1.36871999502182,0.9986342191696167,86.99925831015378,87.9825840658403,40.565768322449706,120.49858533738762,224.73765020895152,0.0903442483395338,36.991644198324565,143.71524131611608,180.7776017940981,0.47396524995565414,39179.484375,5472.7900390625,19713.99462890625,12.65749979019165,4.2,158003.0,238000.0,313.566,122.722,66.4,699098.0,1262.0,1406.0,21098.1,2.16,5.33,451.783,86.57,35464674.0,23400.294,41.857142857142854,19718834.375,7,3,2024
2024-07-08,59306.533203125,222.01631692514388,0.3590252473950386,571.7400054931641,167.8699951171875,198.34250259399414,45.47749996185303,80.0099983215332,0.6724999845027924,328.1697769165039,86.47749900817871,1.1130281686782837,83.05500030517578,0.10737374797463417,20.438037395477295,3049.52490234375,1.08192178606987,1.2756099998950958,2371.7999877929688,187.65898222093438,4.589875102043152,31.542408201456368,0.006212919601239264,12.645466566085815,64.42612171173096,20.68499994277954,527.06686222022,459.6073828717039,130.04274940490723,2.3887500166893005,124.80424221818252,1022.0250091552734,489.0863772460387,9.59000015258789,30.811500072479248,265.6102530961967,250.7513463462762,0.12535999901592731,239.06500244140625,1.3658474683761597,0.999757245182991,86.47483478993921,88.34266734076084,40.99329601755828,119.97817574499152,229.5439803460917,0.08478724956512451,37.304004040148705,143.01873157255994,186.26968398441466,0.4296274930238724,39307.0107421875,5537.8099365234375,20192.1201171875,12.514999866485596,4.2,158003.0,222000.0,313.566,122.722,66.4,699098.0,1262.0,1406.0,21098.1,2.01,5.33,415.257,87.15,35464674.0,23400.294,36.714285714285715,19722512.5,7,3,2024
2024-07-15,66346.720703125,228.58424276116747,0.41080475598573685,561.7924957275391,180.93000030517578,195.76000213623047,46.59749984741211,80.83624839782715,0.6764726787805557,360.33245849609375,85.24250030517578,1.100481003522873,82.24249839782715,0.1116389986127615,21.71273708343506,3145.2818603515625,1.089291363954544,1.2775263488292694,2399.375,185.92028600126451,4.588624835014343,34.10366122507414,0.00630211120005697,13.048571586608887,67.48779296875,20.34250020980835,507.3492132915807,453.7216474372963,137.19249534606934,2.3387500047683716,130.38538161638039,1000.0250091552734,493.7428658429823,9.645000219345093,30.984249591827393,274.27684816614635,259.3731735688402,0.13497499749064445,250.1374969482422,1.3628549575805664,1.0004800111055374,88.5078296438133,87.92301122918356,41.692707215206156,122.11632625080401,232.98858115450378,0.09921824932098389,38.619463786020255,145.51088654096228,189.99462862173343,0.5034937411546707,39851.4091796875,5612.1925048828125,20379.73779296875,12.589999914169312,4.2,158003.0,240000.0,313.566,122.722,66.4,699098.0,1262.0,1406.0,21098.1,1.96,5.33,413.28,86.42,35464674.0,23400.294,31.285714285714285,19724340.625,7,3,2024
2024-07-22,67345.9287109375,226.26951427482214,0.44082698971033096,555.2649993896484,159.81999969482422,185.74750137329102,47.27375030517578,81.97749900817871,0.6712367385625839,394.02344512939453,83.4124984741211,1.1246118545532227,81.0374984741211,0.13455349765717983,23.80089521408081,3463.9015502929688,1.0902044177055359,1.294554054737091,2414.9000244140625,179.46618836387682,4.307374954223633,33.778223566274924,0.0063566555036231875,14.49907398223877,72.98690032958984,24.579999446868896,478.5755359561086,438.31878738978486,170.8607521057129,2.1390000581741333,120.92269422029372,975.6750030517578,479.19355278527087,11.84749984741211,29.59524965286255,254.25807321876175,241.85599980350148,0.13514075428247452,245.20750045776367,1.3734824657440186,1.0004197359085083,89.31363007964902,90.28968128262608,42.58488466993764,124.16794261548056,223.50041007191658,0.10600650124251842,39.589589409407345,146.69642869681712,188.09986353188077,0.5881842523813248,40521.791015625,5544.177490234375,19777.447265625,15.21250033378601,4.2,158003.0,236000.0,313.566,122.722,66.4,699098.0,1262.0,1406.0,21098.1,1.96,5.33,395.901,83.44,35464674.0,23400.294,67.57142857142857,19728006.25,7,3,2024
2024-07-29,60858.07421875,218.8444881523929,0.4117499887943268,543.1650085449219,143.46000289916992,182.79750061035156,46.02499961853027,79.09500122070312,0.6578532308340073,400.89759826660156,81.3899974822998,1.1304778754711151,77.76250267028809,0.13073549792170525,22.911174297332764,3297.9422607421875,1.0869218409061432,1.287649393081665,2383.2249755859375,169.80127539771678,4.12262499332428,31.564765856831116,0.006483793840743601,13.487303018569946,71.04907989501953,22.152499675750732,466.081169981128,426.5671839134708,170.59349822998047,2.069000005722046,114.24934527350987,940.8249816894531,464.40286268157735,11.372499942779541,28.110000133514404,241.26565386810557,230.2325691550766,0.13693174719810486,227.5175018310547,1.3802549839019775,1.0003127306699753,89.5649757677245,89.46500348597272,42.74058382673569,124.28907355385945,216.4371221548334,0.10160325281322002,39.6732980219371,148.030189715166,182.81292792319954,0.6050812602043152,40434.9892578125,5473.62255859375,19168.40771484375,16.509999752044678,4.2,158003.0,248000.0,313.566,122.722,66.4,699098.0,1262.0,1406.0,21098.1,1.92,5.33,385.281,80.94,35464674.0,23400.294,70.42857142857143,19731684.375,7,3,2024
2024-08-05,57308.4931640625,219.5296713693541,0.36247049272060394,533.4999847412109,137.21000289916992,171.73749923706055,42.47999954223633,74.80500030517578,0.6519542932510376,363.3183822631836,77.95999908447266,1.155994862318039,74.72249794006348,0.1105052512139082,19.930248260498047,2852.24755859375,1.088702917098999,1.2803332209587097,2425.5499877929688,167.45230846678413,4.093375086784363,23.563026116432113,0.0067294054897502065,11.541598081588745,65.51614952087402,18.59250020980835,488.74104315265157,410.9754372088037,153.7519989013672,1.984749972820282,108.9906411668162,964.1500091552734,452.33732298744223,9.37749981880188,28.28499984741211,223.69105317456138,212.23294966363628,0.12870899960398674,213.9499969482422,1.3853624761104584,0.9997314959764481,89.28405076550959,87.45699332846992,42.021407176876,122.62799322911681,206.77983859426902,0.09236074797809124,40.6207232370804,148.71684821555345,177.66256982028847,0.5552827566862106,40007.9580078125,5390.3275146484375,18671.04248046875,23.03749966621399,4.2,158074.0,234000.0,314.131,122.926,67.9,697522.0,1379.0,1470.0,21185.5,1.71,5.33,316.246,77.51,35464674.0,23400.294,47.714285714285715,19735359.375,8,3,2024
2024-08-12,58704.3203125,210.60717981770532,0.3232012465596199,527.4700012207031,132.37750244140625,163.51000213623047,40.39124870300293,71.41749954223633,0.6530173569917679,326.9335021972656,78.5475025177002,1.1617103219032288,75.6099967956543,0.09818924963474274,18.1662380695343,2487.7512817382812,1.0934527218341827,1.275012493133545,2420.3500366210938,161.09038191923895,3.994374990463257,19.598175883360938,0.006864820374175906,9.77510952949524,58.083778381347656,16.380000114440918,499.84411838087925,399.59913632416607,128.82499885559082,2.088749945163727,102.22230774347157,925.1249847412109,442.08613865126864,8.000000238418579,27.557249546051025,218.20288223051602,206.4336688007475,0.12564975209534168,196.47000122070312,1.3792224824428558,1.0003029853105545,87.22150003956015,86.39077535759463,41.51229320749188,121.67880483069217,201.15908864136787,0.09380699880421162,40.60852678457114,147.17312839905912,171.5213699916333,0.5452437698841095,39280.751953125,5291.5625,18257.30517578125,31.682501316070557,4.2,158074.0,228000.0,314.131,122.926,67.9,697522.0,1379.0,1470.0,21185.5,1.79,5.33,328.641,83.06,35464674.0,23400.294,31.142857142857142,19739034.375,8,3,2024
2024-08-19,62882.0546875,222.88341438114003,0.33396875113248825,547.4775085449219,144.92999649047852,174.64249801635742,43.28999996185303,76.71999931335449,0.6646553725004196,340.0755920410156,80.10000038146973,1.1533430218696594,77.25000190734863,0.10173224844038486,18.672922611236572,2628.8473510742188,1.100861519575119,1.2897980213165283,2484.1000366210938,161.58610330493033,4.10462498664856,20.450000286102295,0.0067728913854807615,10.219194173812866,65.07209873199463,15.929999828338623,524.5360607629335,413.2248314339472,133.16749572753906,2.1644999980926514,120.07540355591554,950.5499877929688,466.6477084849824,7.911499857902527,28.396999835968018,240.15310063957725,225.1519948947157,0.13311750069260597,211.67749786376953,1.3698949813842773,1.0006839781999588,88.65321477593899,87.66438316505321,42.85426925600215,124.75378015440339,216.3600296899583,0.09520824998617172,40.80059351101796,150.13210477073395,179.47785606575277,0.5657565146684647,40324.318359375,5498.7125244140625,19252.97216796875,16.360000133514404,4.2,158074.0,232000.0,314.131,122.926,67.9,697522.0,1379.0,1470.0,21185.5,1.79,5.33,333.583,81.09,35464674.0,23400.294,28.714285714285715,19740865.625,8,3,2024
2024-08-26,59089.626953125,225.76810462319423,0.37499425560235977,559.7975006103516,154.92999649047852,177.92749786376953,45.717501640319824,80.82500076293945,0.6766072660684586,353.1863327026367,78.35999870300293,1.1730760037899017,74.49750137329102,0.10833674855530262,19.93967914581299,2714.2484130859375,1.1163104474544525,1.315239816904068,2503.7999877929688,165.19799327690677,4.183125019073486,20.7450008392334,0.006885361857712269,11.679965734481812,64.95693874359131,18.017500162124634,529.3433783295226,416.4447344147396,145.61499786376953,2.0817500948905945,128.11592277933693,962.4000091552734,477.5708585190941,8.330000162124634,29.631749629974365,246.81606383241026,231.49837045030546,0.15859299898147583,219.79500579833984,1.354960024356842,1.0006150007247925,90.93016344747787,88.13039486177082,43.736561135116986,127.31955299168276,222.64733957175176,0.09968100115656853,41.98378104271921,152.9502914917078,185.5619522658755,0.5982830077409744,41035.63671875,5615.7950439453125,19706.43212890625,16.059999704360962,4.2,158074.0,232000.0,314.131,122.926,67.9,697522.0,1379.0,1470.0,21185.5,1.67,5.33,353.557,80.34,35464674.0,23400.294,42.0,19744518.75,8,3,2024
2024-09-02,55524.22265625,228.2002535507746,0.34500449895858765,570.3899993896484,149.96749877929688,176.20499801635742,44.95249938964844,79.48775100708008,0.6777376979589462,323.79295349121094,79.27750205993652,1.1798792481422424,74.51500129699707,0.09883574955165386,18.257009983062744,2504.9959716796875,1.1094746887683868,1.3163262009620667,2501.7750244140625,163.04828852631542,4.159624934196472,21.42750072479248,0.006873658043332398,10.923102617263794,63.23096466064453,17.18250036239624,519.3897256670359,414.24853544724306,136.37250137329102,2.0702500343322754,121.64751991601608,937.9999847412109,473.06624599947656,7.782500147819519,29.069250106811523,241.98994756375032,228.5664045432967,0.1587420031428337,212.4749984741211,1.348289966583252,1.0004127323627472,92.50480312179467,88.7940383319278,44.91295742048473,129.28218354798832,219.39424904158517,0.09270625002682209,42.39257452276906,154.80027742561577,185.000703609973,0.5607417523860931,41388.4140625,5627.342529296875,19524.41552734375,15.667499780654907,4.1,158314.0,228000.0,314.851,123.234,70.1,703079.0,1355.0,1425.0,21272.1,1.76,5.13,433.13,77.82,35464674.0,23400.294,31.714285714285715,19748221.875,9,3,2024
2024-09-09,58405.20703125,221.5424057659565,0.3307507410645485,567.8799896240234,136.82500457763672,173.4550018310547,42.328749656677246,75.2125015258789,0.6701924055814743,305.9793014526367,72.58749961853027,1.184398502111435,69.22999954223633,0.0955597497522831,17.770991325378418,2327.1337890625,1.1092774868011475,1.314759075641632,2495.2999877929688,153.00472446305673,4.04137510061264,19.527499675750732,0.0069749526446685195,10.217680931091309,62.5721321105957,14.107500076293945,504.73113070194074,404.39807186143753,118.75500106811523,2.2297500371932983,105.67894646484102,914.5749969482422,452.6807782527419,6.648750066757202,28.02025032043457,219.63653054966073,208.2838723059346,0.15248174965381622,216.52499771118164,1.3549174964427948,1.0000632256269455,89.41466018807265,85.0586058574686,44.15175946907511,125.67824409128019,206.17300575844465,0.09003625251352787,42.609784822541585,153.42452905072832,182.65399779921844,0.5341324806213379,40619.455078125,5460.8375244140625,18670.42529296875,21.057499647140503,4.1,158314.0,230000.0,314.851,123.234,70.1,703079.0,1355.0,1425.0,21272.1,1.66,5.13,292.158,72.37,35464674.0,23400.294,26.0,19751921.875,9,3,2024
2024-09-16,62229.5732421875,220.95120115387306,0.34302499890327454,547.0224914550781,148.12749862670898,183.74750137329102,44.86249923706055,79.63000106811523,0.6692523658275604,320.47411346435547,71.28500175476074,1.1782819330692291,68.22249984741211,0.10249699838459492,18.075973510742188,2344.67822265625,1.106955498456955,1.3102518022060394,2558.925048828125,154.56906358222636,4.14175009727478,19.40749979019165,0.007070183753967285,10.846879243850708,63.29850387573242,15.657500267028809,516.7343000255444,422.09703468479364,135.86000061035156,2.2855000495910645,115.64150247319265,989.8500061035156,467.1479418425165,7.022499918937683,30.054499626159668,230.7671986678639,217.2762355724026,0.14999599754810333,226.72999572753906,1.3589850068092346,1.000417485833168,90.55067139534792,83.35314082186875,43.89226245494416,127.87074994873743,215.48210716859103,0.09441000036895275,43.747089919294396,153.582595619443,188.96157896694734,0.5661140084266663,41078.6181640625,5573.8175048828125,19263.84521484375,17.6899995803833,4.1,158314.0,222000.0,314.851,123.234,70.1,703079.0,1355.0,1425.0,21272.1,1.54,5.13,239.386,73.96,35464674.0,23400.294,39.0,19753756.25,9,3,2024
2024-09-23,65094.845703125,225.35650797841558,0.34786050766706467,522.1949920654297,154.78999710083008,189.60000228881836,46.720001220703125,83.23999977111816,0.6791650503873825,335.49735260009766,73.92249870300293,1.1785092055797577,71.24499893188477,0.10537724941968918,18.69814682006836,2512.869873046875,1.1150890588760376,1.3278324902057648,2602.699951171875,161.5211476119824,4.267374873161316,21.644999980926514,0.006998314056545496,11.07514238357544,66.98792934417725,15.660000085830688,549.6918116187109,433.41416564434894,141.75749969482422,2.387750029563904,116.20130432898516,983.1999816894531,478.091029573395,7.207499980926514,30.900500297546387,236.56150228724402,222.4314037463115,0.15109574422240257,236.06750106811523,1.3582424819469452,1.0003982484340668,92.67730196434289,86.22486028445968,44.93766802141964,131.29919364014526,220.61043352346454,0.09603650122880936,43.769052373932844,153.8543011772483,194.21127873523525,0.5864889919757843,41930.7001953125,5685.7998046875,19707.2373046875,16.87499976158142,4.1,158314.0,221000.0,314.851,123.234,70.1,703079.0,1355.0,1425.0,21272.1,1.58,5.13,380.372,74.95,35464674.0,23400.294,48.142857142857146,19757428.125,9,3,2024
2024-09-30,62787.94140625,226.78087462537593,0.3892502412199974,518.7674865722656,163.00250244140625,189.6624984741211,47.57500076293945,85.35375022888184,0.6881574839353561,351.86537170410156,72.6500015258789,1.1854190528392792,68.92749977111816,0.12150450050830841,20.144267559051514,2647.16796875,1.1159038841724396,1.3357069492340088,2646.550048828125,163.19729611175595,4.479874968528748,23.62750005722046,0.00698300707153976,12.225151300430298,68.96133232116699,17.047500371932983,565.6176433820608,427.9336435443806,169.26250076293945,2.7984999418258667,121.31298769272021,999.2749938964844,484.6538886385503,7.715000033378601,31.479499340057373,246.05693197014932,230.45141238644402,0.15499399602413177,256.1474952697754,1.3510700166225433,1.0004407316446304,94.98136062046302,85.31967155058635,44.63862805824764,133.01465547369273,223.76155585564868,0.10045224986970425,43.373681875180836,151.52515550036713,198.73335852042638,0.6307462304830551,42278.5126953125,5735.675048828125,20007.55224609375,16.44749927520752,4.1,158314.0,227000.0,314.851,123.234,70.1,703079.0,1355.0,1425.0,21272.1,1.63,5.13,465.638,72.35,35464674.0,23400.294,58.857142857142854,19761121.875,9,3,2024
2024-10-07,62260.416015625,226.9056118563299,0.361334003508091,508.0074996948242,167.77249908447266,185.5974998474121,46.56875038146973,83.95699882507324,0.683137446641922,327.8562774658203,76.3275032043457,1.1712089776992798,72.66499900817871,0.11228949949145317,18.941032886505127,2463.3580932617188,1.1032617688179016,1.3185926675796509,2646.4249877929688,166.25277919406187,4.530250072479248,22.695000171661377,0.006807781173847616,11.352903842926025,66.39467334747314,15.999999523162842,587.3857127313458,417.5328824856645,171.64749908447266,2.8880000710487366,122.48529183540019,989.4250030517578,483.61030559761315,7.634999990463257,32.04274940490723,244.37937173217142,228.689172802793,0.154875498265028,250.7074966430664,1.3553700149059296,1.000133991241455,94.46966238950353,90.12511227186991,45.058480678586875,134.21527787343933,223.09958796746827,0.0941969994455576,43.014136005569654,150.85817600842782,197.09792779466247,0.5574202388525009,42228.671875,5735.3199462890625,19941.189453125,18.90999937057495,4.1,158358.0,259000.0,315.564,123.595,70.5,707613.0,1344.0,1419.0,21335.3,1.76,4.83,322.948,81.74,36218605.0,23542.349,45.57142857142857,19762968.75,10,4,2024
2024-10-14,67451.1416015625,226.04749892836685,0.3489547446370125,496.3050079345703,167.95750045776367,186.9550018310547,46.420000076293945,85.49250030517578,0.6756572425365448,323.27832794189453,78.82750129699707,1.1668576896190643,75.27749824523926,0.11029724963009357,18.521283626556396,2446.38623046875,1.0953132212162018,1.3075415194034576,2643.9500732421875,163.2995545420939,4.444249987602234,23.239999771118164,0.006720663281157613,10.860825300216675,65.20524024963379,15.984999895095825,590.113581162122,413.63850690980416,203.99749755859375,2.6727499961853027,132.56117440640986,975.75,488.9960914417221,8.237500071525574,31.285000324249268,253.1255851174485,233.30599520513482,0.16075700148940086,224.9525032043457,1.371999979019165,0.9996915012598038,94.49935826897018,91.03039099956413,45.76786613800526,136.34796280670946,228.25706708516645,0.09056024998426437,42.56438110763436,151.85725939741556,195.67703588395972,0.5325194895267487,42614.8017578125,5784.7598876953125,20155.30517578125,21.049999237060547,4.1,158358.0,240000.0,315.564,123.595,70.5,707613.0,1344.0,1419.0,21335.3,1.75,4.83,331.735,78.47,36218605.0,23542.349,45.142857142857146,19766631.25,10,4,2024
2024-10-21,67627.3408203125,233.50858200913754,0.35986825078725815,499.6549987792969,158.93999862670898,188.32500457763672,47.61249923706055,87.95175170898438,0.6704923808574677,360.5241470336914,74.30249786376953,1.1579554378986359,70.5525016784668,0.13503475114703178,19.75305700302124,2673.179443359375,1.0876130759716034,1.304394155740738,2698.7000122070312,163.94308408289507,4.3440001010894775,22.762500286102295,0.006688666995614767,11.639116764068604,72.1760139465332,18.299999713897705,580.7818882787722,416.04133317630556,211.1699981689453,2.347249925136566,136.38555588495268,1008.2499847412109,492.30580696253014,9.524999856948853,32.70675086975098,251.57993788415033,230.56879959114065,0.15811850130558014,219.8499984741211,1.3800750076770782,0.9996684938669205,96.14786551738939,89.37233932176602,47.00557437293379,137.92021401812232,230.0459984656909,0.09542525000870228,43.617491189159644,152.0531008827407,197.88675264971317,0.5469567477703094,43142.3203125,5853.0699462890625,20294.67724609375,18.765000343322754,4.1,158358.0,228000.0,315.564,123.595,70.5,707613.0,1344.0,1419.0,21335.3,1.88,4.83,261.044,73.29,36218605.0,23542.349,71.28571428571429,19770296.875,10,4,2024
2024-10-28,69635.4921875,231.34832527356397,0.34303100407123566,487.0374984741211,155.4724998474121,187.71750259399414,47.22249984741211,87.84774971008301,0.6649802476167679,355.5094680786133,75.35750198364258,1.1544873714447021,71.30500030517578,0.14167624711990356,18.687267303466797,2539.7203979492188,1.0808786153793335,1.2972336113452911,2735.4999389648438,163.96552552954543,4.331500053405762,22.570000171661377,0.0065924241207540035,11.275541543960571,71.01498222351074,17.552499771118164,572.2838049973664,423.94215340213225,229.79000091552734,2.477999985218048,141.21728000349162,1023.7499694824219,492.46282803748926,9.757000207901001,33.822750091552734,250.96516739705785,228.1233029859652,0.16252925246953964,254.99499893188477,1.386750042438507,0.9987375289201736,93.93501102267261,88.55315631342536,46.489656743008155,135.24441962932434,229.20635105836087,0.09440250135958195,43.43685170917552,148.43603857313653,198.3844494937116,0.5214472562074661,42397.7646484375,5811.392578125,20297.94482421875,19.804999828338623,4.1,158358.0,218000.0,315.564,123.595,70.5,707613.0,1344.0,1419.0,21335.3,1.99,4.83,251.032,71.87,36218605.0,23542.349,71.42857142857143,19773959.375,10,4,2024
2024-11-04,77306.611328125,224.71044473269967,0.3402079939842224,483.2124938964844,148.13750076293945,195.3974952697754,46.97624969482422,88.19375038146973,0.6567633301019669,351.0300979614258,72.96999931335449,1.1554661095142365,69.2874984741211,0.15582774952054024,18.202025890350342,2511.130126953125,1.0859903693199158,1.2932716608047485,2748.925048828125,171.74263908228517,4.338624835014343,22.862500190734863,0.006539053749293089,11.124882221221924,68.40476036071777,17.065000534057617,573.5467051145143,414.7216225665199,238.31000518798828,2.6112500429153442,136.49054374954852,1008.8999938964844,488.47270169103285,9.792499780654907,32.93825054168701,245.93744465917445,222.9081987793601,0.16592199727892876,254.53250122070312,1.3949749767780304,0.9995324909687042,92.72957214701708,87.04025110257273,46.430128600067604,133.37459258943258,225.22736628582624,0.09191924892365932,42.478364320911524,146.41554768029368,199.08120024491802,0.5074559897184372,42075.2177734375,5752.849853515625,20136.66015625,21.522499561309814,4.2,158619.0,221000.0,316.449,123.716,71.8,712145.0,1305.0,1493.0,21454.2,2.03,4.64,171.885,74.89,36218605.0,23542.349,73.85714285714286,19777628.125,11,4,2024
2024-11-11,88352.326171875,225.07713987114346,0.5385795161128044,494.34749603271484,146.58250045776367,205.72999572753906,52.06500053405762,95.71125030517578,0.6592197567224503,414.9922103881836,74.33000183105469,1.1461662948131561,70.84499740600586,0.2508462443947792,21.894364833831787,2998.0386962890625,1.0766215920448303,1.292951613664627,2694.574951171875,176.04276275054025,4.309625029563904,25.207500457763672,0.0065435683354735374,13.38087797164917,73.97369956970215,18.352500200271606,581.1762526034145,417.69969337346004,260.61500549316406,2.6674999594688416,145.12664650960886,980.2999877929688,505.2929969422353,11.793750286102295,31.593249320983887,254.86289299760264,228.00612692719702,0.16371050104498863,302.5074996948242,1.3370549976825714,1.0005234628915787,93.53650097084142,91.08943716878072,48.14158871614816,138.92206554790195,232.97105562418218,0.10497474856674671,42.77450912866955,148.06665218750697,210.3761443724127,0.5728984996676445,43445.6416015625,5925.010009765625,20821.982421875,16.902499675750732,4.2,158619.0,219000.0,316.449,123.716,71.8,712145.0,1305.0,1493.0,21454.2,1.95,4.64,163.621,72.19,36218605.0,23542.349,74.42857142857143,19779462.5,11,4,2024
2024-11-18,96269.18359375,224.8452810996005,0.6844019889831543,510.0649948120117,138.00499725341797,205.18249893188477,54.517499923706055,103.35000038146973,0.649249941110611,438.5217590332031,71.73999977111816,1.1294153034687042,67.8549976348877,0.36128125339746475,25.703970909118652,3152.9053344726562,1.0580074489116669,1.2694893181324005,2589.324951171875,174.2718377728538,4.11412513256073,24.72000026702881,0.006470334017649293,13.904902935028076,86.01546096801758,22.085000038146973,563.8730685360231,416.5717410466516,339.49999237060547,2.838499963283539,143.39942231209434,949.3749847412109,499.25174061833985,13.017499923706055,30.398000240325928,243.10997482393293,214.93345960299354,0.19172849878668785,327.3250045776367,1.405102550983429,1.0005812495946884,91.19987791860598,93.00824729519053,49.466106312711645,139.0435821410727,229.88156939371967,0.18480250053107738,42.42552063950498,142.76128930592188,213.93708035998336,0.9843595027923584,43681.7763671875,5902.8900146484375,20571.3427734375,15.854999542236328,4.2,158619.0,216000.0,316.449,123.716,71.8,712145.0,1305.0,1493.0,21454.2,2.08,4.64,200.03,74.35,36218605.0,23542.349,84.42857142857143,19783131.25,11,4,2024
2024-11-25,96066.35546875,228.6560978122133,0.9725389927625656,507.69251251220703,138.13249969482422,198.8224983215332,55.65749931335449,106.91499900817871,0.6501625180244446,505.8657455444336,74.11499786376953,1.1228830814361572,70.14999961853027,0.42411474138498306,28.406933784484863,3314.823486328125,1.0448012351989746,1.2566792964935303,2679.9249267578125,167.63708199442084,4.0929999351501465,24.392499923706055,0.006464238394983113,16.98819589614868,95.36736106872559,24.12249994277954,558.3849735978251,414.35559419737524,431.5350036621094,3.163249969482422,143.4619073782667,968.3500061035156,502.21501802739897,12.162500143051147,31.210750102996826,242.62961357965668,214.20054915963397,0.20884974673390388,349.16500091552734,1.3997849822044373,1.0008432269096375,92.3756115512375,95.29852264163489,49.989464661560575,140.3132789427584,231.5857675516959,0.47637274861335754,43.01658958473644,142.20347735428035,215.8232953147809,1.3851877450942993,43963.9609375,5941.7174072265625,20692.16259765625,16.12750005722046,4.2,158619.0,216000.0,316.449,123.716,71.8,712145.0,1305.0,1493.0,21454.2,1.98,4.64,186.749,74.27,36218605.0,23542.349,86.28571428571429,19786787.5,11,4,2024
2024-12-02,99592.8203125,235.2938032054148,1.087179496884346,516.6149978637695,137.52999877929688,205.74499893188477,57.57249927520752,108.0727481842041,0.6506126821041107,518.7611541748047,73.32750129699707,1.132382094860077,68.8375015258789,0.42416150122880936,31.96311664581299,3606.3320922851562,1.0546139776706696,1.268387883901596,2655.0499877929688,167.94637416568867,4.075125098228455,24.182499408721924,0.006626205635257065,18.359228134155273,112.2516975402832,27.442500114440918,569.90539182747,421.8566336077159,388.59000396728516,3.350249946117401,137.56537600694506,943.0500030517578,506.6412579401512,12.414999961853027,30.49375009536743,240.1306936771003,214.45733424822367,0.2034115009009838,344.70999908447266,1.4032349586486816,1.0005527436733246,93.74936579166058,94.36125241305484,50.86255776677524,142.67163774303478,232.4004908270358,0.5327639877796173,44.18939005304614,145.59990152424348,220.5886331189816,2.0687230825424194,44819.5185546875,6018.2099609375,20868.662109375,14.057500123977661,4.1,158942.0,225000.0,317.603,123.98,74.0,717662.0,1526.0,1482.0,21489.9,1.93,4.48,135.858,72.81,36218605.0,23542.349,79.14285714285714,19790453.125,12,4,2024
2024-12-09,101991.546875,241.60186001235618,1.1932149827480316,541.2000122070312,139.67499542236328,222.67999649047852,61.795000076293945,116.30500221252441,0.6419120877981186,595.6370239257812,71.8325023651123,1.1334944665431976,67.97249984741211,0.4523939937353134,36.35206127166748,3902.201904296875,1.0560928881168365,1.2730270624160767,2638.2500610351562,173.11450977443522,4.1285001039505005,21.994999885559082,0.006668822839856148,24.578667163848877,133.12168502807617,26.1875,612.1861082886287,437.75974080199205,399.40750885009766,3.1019999980926514,142.28710358938662,936.4499969482422,520.9568245226533,12.932499885559082,31.01175022125244,247.31385554037865,219.49792747226437,0.3205527514219284,379.0325012207031,1.4119250178337097,1.0009107440710068,91.79146086836474,90.66385314281415,50.19782148219398,140.25128046524125,238.53964391074206,0.5121185034513474,43.235325362974024,143.84963569025848,229.26078336030284,2.5676114559173584,44733.3623046875,6078.47509765625,21460.642578125,13.085000276565552,4.1,158942.0,239000.0,317.603,123.98,74.0,717662.0,1526.0,1482.0,21489.9,1.93,4.48,153.029,73.73,36218605.0,23542.349,77.42857142857143,19792281.25,12,4,2024
2024-12-16,97663.375,246.9309999097295,1.0787000209093094,486.52000427246094,128.59000205993652,227.5800018310547,61.57500076293945,116.58975028991699,0.6382949650287628,550.9783401489258,73.63249778747559,1.1253840029239655,70.27000045776367,0.4116707518696785,33.14659070968628,3858.25634765625,1.0514984130859375,1.2664277851581573,2669.1500244140625,186.79554517111754,4.177000045776367,20.40250015258789,0.006547455093823373,27.408386707305908,119.78616333007812,23.492499351501465,620.2648861570733,446.9038847562936,397.29750061035156,3.296999990940094,135.7025210846773,928.5249938964844,526.7114397353344,12.59749984741211,31.160000324249268,246.1540027345847,220.2333382905796,0.28403574600815773,421.6925048828125,1.420127511024475,0.9998609870672226,89.24197196301185,88.48181758461087,49.34952992201886,137.11176513009465,237.79716474103242,0.4296345040202141,42.3689999337433,140.61931921202523,233.63045832886914,2.353614717721939,44043.77734375,6056.1649169921875,21690.12744140625,13.850000143051147,4.1,158942.0,222000.0,317.603,123.98,74.0,717662.0,1526.0,1482.0,21489.9,2.07,4.48,110.753,74.3,36218605.0,23542.349,79.57142857142857,19795946.875,12,4,2024
2024-12-23,94837.0390625,252.14028425610135,0.9118867367506027,450.10750579833984,121.02000045776367,225.39249801635742,59.7450008392334,113.69000053405762,0.6273598223924637,459.28394317626953,73.09750175476074,1.11778324842453,69.69499969482422,0.32560449838638306,27.61624050140381,3440.057373046875,1.0435218513011932,1.2583830058574677,2625.7000122070312,192.14370345622035,4.068124890327454,19.760000228881836,0.006410177564248443,23.720083713531494,104.15070152282715,21.312499523162842,594.7083110145935,438.40095567007484,370.75250244140625,3.603749990463257,133.22774202243812,932.9500122070312,519.825368475729,12.147500038146973,29.74749994277954,243.0303361527968,216.5114552777688,0.2542555071413517,437.0750045776367,1.1826574802398682,0.999138280749321,85.35833452241403,83.72415113370846,48.17879334790332,133.2952537014431,235.14119626715691,0.37375324964523315,40.485195501782755,137.24520142847905,229.83061971739906,2.2714715003967285,42944.607421875,5944.7974853515625,21406.310546875,19.757500171661377,4.1,158942.0,219000.0,317.603,123.98,74.0,717662.0,1526.0,1482.0,21489.9,2.27,4.48,116.004,72.12,36218605.0,23542.349,76.14285714285714,19799621.875,12,4,2024
2024-12-30,96725.9921875,255.80375476610706,0.8793207556009293,446.60250091552734,124.59000205993652,224.3849983215332,59.46000003814697,112.25250053405762,0.6321174800395966,446.8241500854492,73.66499900817871,1.111911565065384,70.1349983215332,0.31832099705934525,26.17434310913086,3364.8073120117188,1.0423394739627838,1.259226381778717,2620.6749877929688,192.8828581340477,4.055624961853027,20.197499752044678,0.006458854302763939,22.146550178527832,100.99296379089355,18.875000476837158,597.9330497545649,431.2228430295388,336.0500030517578,3.6019999980926514,137.64483408145435,927.75,521.5025916534548,11.106249809265137,29.757500171661377,247.08486740640905,220.89263389991203,0.2552662566304207,436.01499938964844,1.4367599785327911,0.998627245426178,84.12319400735771,82.98860311810213,48.25320019102544,132.20659169848693,237.0796067215718,0.3558659926056862,39.85111558826512,137.51790049660192,228.97460090606677,2.15112566947937,42968.818359375,5973.4998779296875,21502.001953125,16.547500133514404,4.1,158942.0,209000.0,317.603,123.98,74.0,717662.0,1526.0,1482.0,21489.9,2.24,4.48,260.743,74.24,36218605.0,23542.349,72.71428571428571,19803290.625,12,4,2024
2025-01-06,95727.55078125,245.24036792284667,1.033503994345665,434.14500427246094,123.93500137329102,222.98250198364258,58.85249996185303,111.82499885559082,0.6216699182987213,463.22293853759766,75.88000106811523,1.1015487909317017,73.09749984741211,0.36741749197244644,27.40428590774536,3560.2062377929688,1.032988578081131,1.2454026639461517,2637.5250244140625,190.85269686534625,4.035875141620636,20.37999963760376,0.006364471977576613,22.739678859710693,111.13834762573242,18.91249942779541,600.1185564906999,421.4299847545573,326.93250274658203,3.5597500801086426,141.90444395236733,924.3249816894531,514.8621885631292,11.763750076293945,29.657999992370605,249.37250137329102,220.37328889044124,0.2623567432165146,405.4625015258789,1.442044973373413,0.9993650019168854,83.16357745161906,85.96702533703906,48.277148048233464,131.86494540538308,233.99416337810723,0.42166000604629517,40.36787077597408,137.96622369103824,224.30758363941385,2.3260173201560974,42636.037109375,5915.9525146484375,21203.11279296875,16.96749973297119,4.0,159053.0,205000.0,319.086,124.398,71.7,711461.0,1361.0,1473.0,21577.0,2.28,4.33,231.926,77.27,36218605.0,23526.085,70.71428571428571,19805115.625,1,1,2025
2025-01-13,99434.779296875,238.24555124786232,0.992758497595787,413.3925094604492,119.56000137329102,220.80500030517578,58.3050012588501,110.67350196838379,0.6183823347091675,448.52850341796875,78.9950008392334,1.0952957570552826,75.95999908447266,0.34620723873376846,26.015228748321533,3358.8070068359375,1.0292560160160065,1.2297788858413696,2688.6000366210938,193.6244999905479,4.244499921798706,19.547499656677246,0.006344274734146893,20.899454593658447,104.84140396118164,18.43250036239624,614.7430756230636,420.96590302665436,339.01499938964844,3.85575008392334,139.77964941217584,969.1749877929688,510.7932822091256,12.125,30.919249534606934,250.71499252319336,220.9850174460489,0.24246400222182274,398.2999954223633,1.3295074701309204,0.9998525083065033,83.18597476918956,87.77293229495956,47.52986285194953,131.47863566332046,231.10673738596722,0.42512699216604233,39.371744792426824,139.15909922838426,221.82692372909997,2.4544865489006042,42217.376953125,5870.7249755859375,21029.357421875,18.77500033378601,4.0,159053.0,217000.0,319.086,124.398,71.7,711461.0,1361.0,1473.0,21577.0,2.34,4.33,183.669,82.69,36218605.0,23526.085,65.57142857142857,19808784.375,1,1,2025
2025-01-20,103487.810546875,231.48299029898678,1.0088490098714828,424.92999267578125,120.01749992370605,223.64749908447266,58.698750495910645,113.48250198364258,0.6191698312759399,439.3184509277344,80.9375,1.0934063792228699,78.26749801635742,0.3651062548160553,25.630778312683105,3216.0162353515625,1.0286562740802765,1.218704730272293,2727.7500610351562,193.9241510824109,4.3442500829696655,20.832499980926514,0.006393728195689619,23.254352569580078,116.10795783996582,19.299999713897705,609.2229927512969,424.9629153771675,373.8699951171875,4.000249981880188,135.90750181032922,949.3499908447266,516.0429209602667,13.05750036239624,30.91699981689453,253.9499969482422,225.57664818435174,0.23339850082993507,418.20249938964844,1.4437150061130524,0.999236986041069,86.76391720560228,92.032221667367,49.27601911343608,135.63585179811767,231.49604513723278,0.4436252564191818,40.371598228008786,139.7244190888365,226.2273116372078,2.909317970275879,43118.44921875,5945.3975830078125,21234.1025390625,17.377500295639038,4.0,159053.0,222000.0,319.086,124.398,71.7,711461.0,1361.0,1473.0,21577.0,2.2,4.33,118.327,81.68,36218605.0,23526.085,73.28571428571429,19812440.625,1,1,2025
2025-01-27,99503.19921875,222.747592236511,0.9900399893522263,436.0350036621094,122.98999786376953,233.26000213623047,61.977500915527344,118.21224784851074,0.6291050314903259,435.23059844970703,78.96249961853027,1.1026346683502197,75.45000267028809,0.35218024998903275,26.621872425079346,3266.0185546875,1.0452888309955597,1.240856558084488,2767.8500366210938,199.2480274082231,4.287124991416931,21.204999923706055,0.006415473995730281,25.08345079421997,118.72431945800781,19.954999923706055,638.4294851125103,439.36651593292265,365.6900100708008,3.9537500143051147,142.8118555272965,955.4249877929688,527.4983711561015,13.521250009536743,30.939250469207764,262.7925033569336,232.03589085687761,0.24445850029587746,413.03499603271484,1.4360699951648712,0.9994775056838989,88.57278907639687,91.24337193204296,50.51900457054345,140.31897694400016,238.19179163465265,0.4242839962244034,41.177685015771026,142.97931109562268,229.39357835350938,3.082206964492798,44235.6025390625,6084.3851318359375,21718.14013671875,15.142500400543213,4.0,159053.0,210000.0,319.086,124.398,71.7,711461.0,1361.0,1473.0,21577.0,2.13,4.33,92.863,77.3,36218605.0,23526.085,75.57142857142857,19814275.0,1,1,2025
2025-02-03,96689.3125,235.53354163753545,0.8402010053396225,438.3600082397461,116.28499984741211,235.74749755859375,62.491249084472656,119.53875160217285,0.6247753500938416,378.0025405883789,77.125,1.1019398868083954,73.03750038146973,0.2825625017285347,23.596703052520752,2982.6073608398438,1.040583312511444,1.2425728738307953,2800.125,200.81872036266995,4.259875059127808,19.824999809265137,0.006448383559472859,21.67854642868042,114.6567497253418,18.44000005722046,677.9593127463432,422.0687160542404,337.19000244140625,3.226249933242798,121.3363426548616,1011.4999694824219,520.7858656639243,11.775000095367432,31.817498683929443,242.73500061035156,217.1049810874382,0.2327277548611164,403.4000015258789,1.4488724768161774,0.9998157173395157,88.43843438961375,87.78285881498532,51.21397842991888,138.0833456609185,230.30064103358154,0.3725614920258522,41.14290875522401,146.2591303330658,231.04903408867153,2.7139034271240234,44542.4873046875,6041.222412109375,21444.2529296875,17.567500114440918,4.1,159155.0,222000.0,319.775,125.017,64.7,711680.0,1494.0,1459.0,21670.5,2.09,4.33,97.781,76.49,36218605.0,23526.085,66.0,19817950.0,2,1,2025
2025-02-10,96317.68359375,228.48878259841163,0.6883084923028946,435.4925079345703,110.36749839782715,232.21999740600586,62.442498207092285,120.14750099182129,0.6233499050140381,324.9613265991211,75.23500061035156,1.0992310345172882,71.90250015258789,0.2506910003721714,20.09611988067627,2584.050048828125,1.032926470041275,1.24017134308815,2851.25,190.02364951275737,4.501375079154968,19.187500476837158,0.006562715861946344,18.734191417694092,102.42851829528809,17.08750009536743,706.6962759626608,410.73892673680956,329.45249938964844,3.30349999666214,125.753424824181,1007.3999786376953,521.4698581618891,11.62125015258789,32.29699945449829,243.94249725341797,216.41835237813495,0.22669749706983566,369.3949966430664,1.4412174820899963,1.000122219324112,87.86118674011439,88.01604044341882,51.390835061772535,136.71255702288295,231.35630746613583,0.32019849121570587,41.45590675652948,146.2267523146217,226.4766129698703,2.3805877566337585,44363.12109375,6019.297607421875,21464.07275390625,17.072500467300415,4.1,159155.0,215000.0,319.775,125.017,64.7,711680.0,1494.0,1459.0,21670.5,2.07,4.33,99.653,76.23,36218605.0,23526.085,50.285714285714285,19821615.625,2,1,2025
2025-02-17,96358.662109375,240.2233886103919,0.7591730058193207,456.2550048828125,112.24499893188477,229.62749481201172,65.41999912261963,123.80000114440918,0.6327492594718933,330.06446075439453,75.19999885559082,1.1075970232486725,71.34499931335449,0.2647085078060627,20.620211601257324,2668.16845703125,1.0450950264930725,1.2534706592559814,2894.1000366210938,184.90953223546288,4.65749990940094,22.90750026702881,0.006546722957864404,18.736409187316895,123.89375686645508,16.69499969482422,730.4226694028521,408.3536853634938,333.635009765625,3.650749981403351,136.49494736955015,1017.0249786376953,533.4769651888137,11.972500085830688,32.8292498588562,250.72999954223633,221.18226301126253,0.2406260035932064,349.87000274658203,1.4220975041389465,1.0003892630338669,89.15750760671656,89.38039697756402,51.448126944482624,137.12627414298697,237.79498861806005,0.3386317491531372,41.74282116314125,144.71760398478898,225.48933572072275,2.6535319685935974,44491.421875,6089.9324951171875,21955.74951171875,15.365000247955322,4.1,159155.0,224000.0,319.775,125.017,64.7,711680.0,1494.0,1459.0,21670.5,2.04,4.33,58.77,75.81,36218605.0,23526.085,49.42857142857143,19825300.0,2,1,2025
2025-02-24,90812.267578125,245.40750122070312,0.7760619968175888,448.41500091552734,112.16499900817871,219.3000030517578,62.227500915527344,117.61624908447266,0.6363774091005325,325.0985641479492,75.04750061035156,1.11172416806221,71.04250144958496,0.24736599251627922,20.69323205947876,2775.0328369140625,1.0461007952690125,1.2628491520881653,2926.2000732421875,180.8816786016223,4.565749883651733,25.442500114440918,0.006668441114015877,18.048142910003662,130.01680183410645,15.190000057220459,695.9957718230014,409.7359335426923,309.72750091552734,4.124500036239624,136.5699391206997,982.4749908447266,528.8812813304637,10.892499923706055,33.06800079345703,252.20000457763672,225.8438019393486,0.24381374567747116,344.3399963378906,1.4217050075531006,1.000130757689476,88.35383884005402,90.5090973657341,50.91506748719114,135.35172429011456,236.4922747080438,0.3332362473011017,41.98874340438895,145.43730709334054,219.78005388546273,2.5972042083740234,43710.3896484375,6045.5625,21761.982421875,17.62499976158142,4.1,159155.0,243000.0,319.775,125.017,64.7,711680.0,1494.0,1459.0,21670.5,1.98,4.33,76.818,74.89,36218605.0,23526.085,49.0,19827125.0,2,1,2025
2025-03-03,83921.078125,240.96999740600586,0.9938655197620392,439.2174987792969,102.50250053405762,212.17250061035156,56.209999084472656,108.04999923706055,0.6250426918268204,319.79486083984375,73.5,1.110959142446518,69.78500175476074,0.22605950385332108,20.165775299072266,2488.6422729492188,1.0417897403240204,1.2607054710388184,2866.4000244140625,172.41392356409352,4.532374978065491,23.72499942779541,0.006658171652816236,16.506585121154785,123.55483436584473,13.68500018119812,666.1348842821003,397.47999572753906,261.7049980163574,3.9235000014305115,126.19589026078233,941.1749877929688,509.8247273527641,9.426249980926514,31.594499588012695,235.80750274658203,211.10515036624534,0.23846174776554108,300.49000549316406,1.439417451620102,1.0002670288085938,88.23689832622006,89.83932190574322,51.54527683493467,135.23708300289243,226.40249441881787,0.33134299516677856,42.63088722860732,147.75086498894478,215.22509209112772,2.6995030641555786,43666.720703125,5947.5775146484375,20975.96240234375,19.742499351501465,4.2,159340.0,224000.0,319.615,125.052,57.0,722025.0,1324.0,1467.0,21762.5,1.8,4.33,119.987,72.85,36218605.0,23526.085,21.571428571428573,19830778.125,3,1,2025
2025-03-10,81761.728515625,237.85000228881836,0.8218347281217575,446.69000244140625,99.92249870300293,201.2599983215332,52.93375015258789,102.26325035095215,0.6281226873397827,356.2924118041992,70.68000030517578,1.1297463178634644,67.47500038146973,0.1853865049779415,18.71640396118164,2136.132110595703,1.0737912058830261,1.2834868133068085,2900.1749267578125,171.92450312827995,4.66712498664856,21.579999923706055,0.006730846944265068,14.585344314575195,103.24393081665039,15.350000143051147,632.7320437672533,392.44249725341797,283.0774955749512,4.27275013923645,114.14950397809089,965.3249816894531,493.5514797826006,8.702499866485596,32.38350009918213,225.65499877929688,203.69710931420803,0.2354627437889576,270.0025062561035,1.4375275075435638,1.0000324994325638,87.39092653005721,87.01137556183009,49.60233297092144,133.82143421158423,218.83078716455591,0.2868889942765236,42.41377403879352,148.45563345029487,206.92542940561052,2.3260127902030945,42953.2099609375,5798.195068359375,20303.33740234375,23.137500286102295,4.2,159340.0,223000.0,319.615,125.052,57.0,722025.0,1324.0,1467.0,21762.5,1.91,4.33,129.054,71.08,36218605.0,23526.085,24.142857142857142,19834437.5,3,1,2025
2025-03-17,85183.001953125,217.8900032043457,0.7097354978322983,402.12999725341797,99.59750175476074,197.06750106811523,49.04499912261963,95.17649841308594,0.6315199434757233,338.62803649902344,70.25749969482422,1.1340781152248383,66.89750099182129,0.16552574932575226,17.41908097267151,1921.6295471191406,1.0897300839424133,1.293737769126892,2968.5,165.0124652754381,4.815875053405762,22.980000019073486,0.006745982449501753,13.333696365356445,90.83399772644043,13.46750020980835,608.218863259809,386.06500244140625,281.2974967956543,4.266000032424927,117.48668906167175,998.0,476.7190874731061,7.752500057220459,33.75850009918213,222.64000701904297,198.0118845735756,0.2183385007083416,242.58749771118164,1.4409975111484528,1.0003497898578644,85.55219030825332,88.32364446665648,48.04299731536298,130.74837473746504,211.82558290034575,0.2623862512409687,41.3336890648839,145.23310118720485,196.53653091220468,2.246020495891571,41544.8779296875,5621.9749755859375,19607.23291015625,23.647500038146973,4.2,159340.0,225000.0,319.615,125.052,57.0,722025.0,1324.0,1467.0,21762.5,2.02,4.33,89.496,71.93,36218605.0,23526.085,34.0,19838106.25,3,1,2025
2025-03-24,83750.255859375,216.3375015258789,0.713808000087738,389.2275085449219,105.7750015258789,195.2800064086914,50.55624961853027,98.49749946594238,0.6300670057535172,330.25972747802734,71.69000244140625,1.1338761150836945,67.87249946594238,0.17168724909424782,17.861560821533203,1987.9679260253906,1.0878954231739044,1.2936662137508392,3019.074951171875,162.75000381469727,5.034000039100647,24.605000019073486,0.006700516794808209,14.335721254348755,91.14584732055664,12.527499914169312,595.0649871826172,389.08250427246094,297.4749984741211,4.020749986171722,118.20749855041504,988.0250091552734,479.2677716239999,7.854749798774719,33.612250328063965,225.49750137329102,200.13416281727396,0.2285500019788742,242.30500411987305,1.438227504491806,1.0002102851867676,85.55218916663244,91.34011426679349,49.126559457081285,132.01697356990823,213.44774313555277,0.28142374753952026,41.398770963037,145.8258101227334,196.17502169708484,2.4175262451171875,41908.435546875,5662.052490234375,19712.2080078125,20.165000438690186,4.2,159340.0,225000.0,319.615,125.052,57.0,722025.0,1324.0,1467.0,21762.5,1.98,4.33,196.565,73.96,36218605.0,23526.085,36.142857142857146,19839931.25,3,1,2025
2025-03-31,80498.416015625,219.62499618530273,0.6865740120410919,390.1699981689453,106.20500183105469,195.88250350952148,50.079999923706055,98.70874977111816,0.6303749233484268,308.1464538574219,73.3174991607666,1.134481817483902,69.22249984741211,0.17574774846434593,16.969577312469482,1870.9583435058594,1.0851002633571625,1.2940594851970673,3068.4749755859375,158.2300033569336,5.137750029563904,23.242499351501465,0.006663130829110742,13.997583389282227,88.23543357849121,12.995000123977661,590.3199920654297,382.7224884033203,302.91500091552734,3.9797499775886536,112.65749931335449,978.0749969482422,474.180368156978,7.734999895095825,34.45450019836426,216.95249938964844,192.86499786376953,0.23089225217700005,268.8199920654297,1.4342600405216217,1.0000184923410416,85.15409371644458,92.1934572049189,49.40804047244335,131.03748866258096,208.9032257447919,0.27438201010227203,41.1913470249799,144.6852169677204,198.69309214099843,2.2096534967422485,41879.90625,5630.3125,19524.13232421875,20.612499713897705,4.2,159340.0,219000.0,319.615,125.052,57.0,722025.0,1324.0,1467.0,21762.5,1.85,4.33,399.167,77.23,36218605.0,23526.085,38.42857142857143,19843600.0,3,1,2025
2025-04-07,81955.455078125,197.43000030517578,0.6032505035400391,358.73500061035156,89.84500122070312,176.58499908447266,43.47749900817871,88.32749938964844,0.6122396290302277,281.45159912109375,67.65750122070312,1.1577149033546448,64.17750072479248,0.15571000054478645,14.850055456161499,1661.0185852050781,1.095889300107956,1.2961108088493347,3050.9000244140625,148.74750518798828,4.5612499713897705,20.825000286102295,0.006797687150537968,11.975347518920898,74.39282608032227,11.267500162124634,524.0800018310547,366.05999755859375,292.9974899291992,3.9344999194145203,98.17749977111816,928.7750091552734,436.8925094604492,7.185000061988831,30.58699941635132,189.11000061035156,165.47250366210938,0.23232974857091904,249.96249389648438,1.42228502035141,0.9995564967393875,80.14499855041504,82.62250137329102,45.70500087738037,121.79500007629395,189.5749969482422,0.2388412542641163,39.7524995803833,138.10249710083008,187.93999862670898,1.9815594851970673,39319.21484375,5228.342529296875,17972.64208984375,39.227500915527344,4.2,159517.0,224000.0,319.615,125.052,57.0,722025.0,1324.0,1467.0,21762.5,1.96,4.33,148.146,66.13,36218605.0,23526.085,31.142857142857142,19847271.875,4,2,2025
2025-04-14,84969.64453125,191.52999877929688,0.6146732419729233,350.6675033569336,90.2975025177002,180.94249725341797,44.54475021362305,89.80875015258789,0.6197270303964615,322.0771026611328,63.83000183105469,1.2105261087417603,60.50500011444092,0.15660624578595161,14.777989387512207,1566.8397216796875,1.127147138118744,1.300791174173355,3157.2749633789062,153.5900001525879,4.41462504863739,19.71999979019165,0.006932891556061804,12.17823600769043,74.82425880432129,11.90500020980835,539.2325057983398,378.7300109863281,285.01000213623047,3.582249939441681,105.89500045776367,922.5249938964844,444.75499725341797,7.022499918937683,30.945499420166016,196.3849983215332,169.59749603271484,0.2460695020854473,248.38999938964844,1.3967950344085693,0.9995624870061874,78.82250022888184,78.86999893188477,45.78999900817871,122.90999984741211,193.53250122070312,0.23245400190353394,38.26999855041504,135.70999908447266,187.17250061035156,2.02821746468544,39453.9755859375,5260.77490234375,18289.080078125,41.787500858306885,4.2,159517.0,216000.0,319.615,125.052,57.0,722025.0,1324.0,1467.0,21762.5,2.15,4.33,102.838,67.18,36218605.0,23526.085,32.142857142857146,19850971.875,4,2,2025
2025-04-21,92105.478515625,199.81749725341797,0.62314772605896,350.239990234375,89.41750144958496,176.0175018310547,45.46374988555908,92.02750015258789,0.6353699713945389,339.86820220947266,66.96249866485596,1.224668264389038,63.66499996185303,0.15748824924230576,15.705759525299072,1601.22998046875,1.1376007199287415,1.321157455444336,3289.2249755859375,153.13500213623047,4.682125091552734,19.367499828338623,0.0070200758054852486,13.02222728729248,77.31140518188477,12.699999809265137,514.0900115966797,374.2750015258789,313.62500762939453,3.323499917984009,104.32999992370605,963.2249908447266,447.75250244140625,6.625,32.41624927520752,195.09249877929688,168.12000274658203,0.24654125049710274,244.60749435424805,1.3876524865627289,0.9998035132884979,80.76000022888184,81.03499984741211,46.845001220703125,125.51500129699707,195.2224998474121,0.24182825163006783,40.19725036621094,136.28000259399414,186.5625,2.093750298023224,39506.4873046875,5311.41259765625,18406.82275390625,30.6899995803833,4.2,159517.0,223000.0,319.615,125.052,57.0,722025.0,1324.0,1467.0,21762.5,2.2,4.33,114.114,69.33,36218605.0,23526.085,34.0,19852800.0,4,2,2025
2025-04-28,94849.6640625,204.52999877929688,0.6911725103855133,360.8475036621094,93.53750038146973,183.3025016784668,49.234999656677246,99.61000061035156,0.6402039080858231,352.9299545288086,66.91750144958496,1.2137866616249084,63.16499900817871,0.17673175036907196,16.543646574020386,1746.0435485839844,1.1413038671016693,1.3325799703598022,3326.6499633789062,159.0300064086914,4.816249847412109,19.97499942779541,0.007003124454058707,14.368085384368896,84.14629936218262,13.887500286102295,531.0500030517578,382.88250732421875,354.9124984741211,2.9892500042915344,107.2450008392334,963.6499938964844,461.53499603271484,7.461250066757202,33.005998611450195,205.40749740600586,178.99999618530273,0.24657174944877625,269.88500595092773,1.3864199817180634,1.0000085234642029,81.87250137329102,81.5625,47.47749996185303,127.16499710083008,202.74750137329102,0.27739350497722626,40.34999942779541,136.4650001525879,192.72500228881836,2.2188183069229126,39608.4423828125,5420.0399169921875,18976.400390625,27.567500114440918,4.2,159517.0,241000.0,319.615,125.052,57.0,722025.0,1324.0,1467.0,21762.5,1.98,4.33,148.649,66.13,36218605.0,23526.085,60.285714285714285,19856453.125,4,2,2025
2025-05-05,95973.498046875,206.8550033569336,0.6871587634086609,377.2149963378906,97.39250183105469,187.92250061035156,51.35175037384033,103.73749923706055,0.6400198638439178,360.2088851928711,62.355000495910645,1.2093490958213806,59.22249984741211,0.17311375215649605,16.367558240890503,1806.5677490234375,1.132326751947403,1.3311063051223755,3250.5999755859375,162.1074981689453,4.66700005531311,20.46750020980835,0.006923425826244056,14.197304010391235,85.67362213134766,14.242499828338623,581.9700164794922,423.61000061035156,386.79249572753906,3.4480000734329224,112.1200008392334,969.1000213623047,482.74999237060547,8.137500286102295,32.29449987411499,215.71749877929688,187.17499923706055,0.2466845028102398,285.0149917602539,1.3844324946403503,1.000294491648674,84.27750015258789,81.66750144958496,49.23999881744385,133.0300006866455,213.6599998474121,0.27263549715280533,41.58250045776367,138.57999801635742,199.26749801635742,2.1993874311447144,40941.669921875,5626.820068359375,19848.44970703125,23.96750020980835,4.2,159517.0,241000.0,319.615,125.052,57.0,722025.0,1324.0,1467.0,21762.5,2.08,4.33,124.69,61.57,36218605.0,23526.085,59.57142857142857,19860115.625,5,2,2025
