Date,AMD,ARKK_ETF,ARK_NextGen_Internet_ETF,AUD/USD,Adobe,Amazon,Apple,BTC,Bitcoin_Cash,Brent_Oil,Cardano,Chainlink,Copper,Dogecoin,Dow_Jones,ETH,EUR/USD,Ethereum_Classic,GBP/USD,Gold,Google,Intel,Invesco_QQQ,Litecoin,Marathon_Digital,Meta,MicroStrategy,Microsoft,NASDAQ_100,NVIDIA,Natural_Gas,Platinum,Riot_Blockchain,S&P_500,SPDR_Consumer_Discretionary,SPDR_Energy,SPDR_Financials,SPDR_HealthCare,SPDR_Industrials,SPDR_Materials,SPDR_RealEstate,SPDR_Tech,Silver,Stellar,TRON,Tesla,Tether,USD/CAD,USD/CHF,USD/JPY,VIX,VanEck_Semiconductor_ETF,WTI,XRP,iShares_Semiconductor_ETF,Unemployment_Rate,Non_Farm_Payrolls,Initial_Jobless_Claims,CPI,PCE_Price_Index,Consumer_Confidence_Index,Retail_Sales,Housing_Starts,Building_Permits,M2_Money_Supply,Real_Interest_Rate,Fed_Funds_Rate,Reverse_Repo_Volume,Brent,Debt,Real_GDP,BTC_Supply,Feer_Greed_value,month,quarter,year,Open,High,Low,Close,Volume,Taker buy base volume,Taker buy quote volume,SMA_10,KAMA_10_2_30,ALMA_8_6.0_0.85
2018-04-09,9.90000033378601,37.4112346682069,42.33962461128298,0.7749531418085098,223.9724998474121,71.54912376403809,41.00530103064129,7914.65771484375,743.5802459716797,71.31750106811523,0.2034254968166351,0.3937774896621704,3.078625082969665,0.0041200001141987,24330.39013671875,496.4290161132813,1.2338589131832125,15.921724796295166,1.421580731868744,1345.500030517578,51.509606487827575,43.55904488787629,153.4598540418512,127.41199684143066,5.840000033378601,162.6658565156912,12.914499759674072,86.15540775569404,6606.507446289063,5.660611435377636,2.71274995803833,928.9499969482422,7.527499914169311,2650.9125366210938,94.61415301345652,51.36177662718456,24.06879483572197,72.44802878867631,65.34588244533907,50.120154663926,24.18086099939357,61.480954657913806,16.584750175476074,0.2676690071821213,0.0408897502347826,19.98983335494995,1.0009547173976898,1.264835000038147,1.0413442552089691,0.0093223429284989,18.52500009536743,48.31480911348014,66.11750030517578,0.6351882442831993,55.59673040177139,4.0,148422.0,234000.0,250.227,101.602,98.8,484154.0,1276.0,1378.0,13993.9,0.71,1.69,4.07,68.19,21195070.0,20150.476,16961825.0,19.714285714285715,4,2,2018,7011.04,8429.54,6611.0,8355.0,259877.022414,132620.416417,999880218.1401192,8793.203,0.0,10018.684500960357
2018-04-16,10.13249969482422,38.22824458492311,43.20080579616895,0.7705601006746292,226.6500015258789,75.63724899291992,39.86447516529474,8622.069946289062,1099.6702423095703,73.42249870300293,0.2726075053215027,0.475440002977848,3.1238750219345093,0.0053567501017823,24539.97216796875,596.1842498779297,1.2324542701244354,18.305100440979004,1.4098528027534485,1340.9749755859375,53.32095386129156,44.0133339568298,155.7541415995727,143.84900093078613,5.71999990940094,165.45769981782686,13.182999849319458,88.3687152221805,6706.385009765625,5.712324903768844,2.731500029563904,931.1499786376952,6.855000019073486,2679.594970703125,96.23192907781971,53.20002301499751,24.234441174873027,73.18760324406941,66.87369449896389,51.24698683289276,24.054562140345688,62.06285343474542,17.04675006866455,0.3517532497644424,0.0504200002178549,19.399999618530277,0.996706485748291,1.2720400094985962,1.030406415462494,0.0093030377756804,16.497499465942383,47.02077864946271,67.96999740600586,0.8292385041713715,54.3025545624016,4.0,148422.0,236000.0,250.227,101.602,98.8,484154.0,1276.0,1378.0,13993.9,0.71,1.69,3.372,72.05,21195070.0,20150.476,16976487.5,21.142857142857142,4,2,2018,8355.07,9035.0,7825.4,8787.02,233025.38619,119054.126872,998226476.1990867,8865.517,87.85580585900628,9458.35730855681
2018-04-23,10.78499984741211,36.98836350983242,42.176305343302985,0.7595867961645126,221.54999542236328,77.4794979095459,38.4711873591335,9327.642578125,1409.0625,74.46749877929688,0.3444699943065643,0.4980299994349479,3.0670000314712524,0.0054332499857991,24256.349609375,671.7122344970703,1.2160954177379608,21.17297506332397,1.3838772177696228,1321.9500427246094,51.79934646610325,44.76345119605957,153.8413833797775,153.9494972229004,7.349999904632568,169.319489044201,12.776749849319458,88.21313179120881,6622.512451171875,5.532876512712907,2.771749973297119,913.7250061035156,7.329999923706055,2659.0099487304688,96.64511536334088,53.66823036067083,24.17995627508881,73.70956008761256,65.29718310462897,50.10715221425323,24.30578061020316,61.0992347490845,16.506750106811523,0.4269907400012016,0.0802512494847178,19.318832874298096,0.9997889995574952,1.283314973115921,1.0148211419582367,0.0091897042002528,16.477499961853027,45.75243986244298,68.17249870300293,0.8707382529973984,52.80755389258125,4.0,148422.0,207000.0,250.227,101.602,98.8,484154.0,1276.0,1378.0,13993.9,0.8,1.69,10.821,74.54,21195070.0,20150.476,16991150.0,27.428571428571427,4,2,2018,8785.7,9759.82,8651.62,9419.0,306668.07214,155630.17935,1428135299.5043876,8769.074,220.81899412618355,8403.928984738865
2018-04-30,11.15499997138977,37.0301809426941,42.93311523412413,0.753400519490242,226.2874984741211,78.79900169372559,42.102474550597,9541.287353515623,1657.8674621582031,74.36750221252441,0.3533729985356331,0.5460349917411804,3.055875062942505,0.0050785000203177,24138.64013671875,764.3047332763672,1.20028817653656,24.295175552368164,1.3590377271175385,1311.0499572753906,51.77459122161359,44.36832011218767,156.02365367519886,167.60549926757812,6.779999852180481,174.55979709135818,13.00825023651123,88.06217040244655,6715.3675537109375,5.811543874378551,2.7354999780654907,900.875,7.572499871253967,2651.08251953125,96.77122085087566,53.70285432818201,23.73968579860732,72.24147368602118,63.787075394271966,49.82760747470415,24.63100630962484,62.42364108865238,16.34950017929077,0.4208104982972145,0.0879590008407831,19.504333972930908,0.9998594969511032,1.285527527332306,1.0029239803552628,0.0091562874149531,14.77750015258789,46.53610260053591,69.06500053405762,0.8670922517776489,53.941222718734565,4.0,148422.0,209000.0,250.227,101.602,98.8,484154.0,1276.0,1378.0,13993.9,0.78,1.69,13.83,75.92,21195070.0,20150.476,17005812.5,52.71428571428572,4,2,2018,9417.04,10020.0,8800.49,9659.01,222274.38854,113653.80355,1069078899.1806284,8775.975,265.30958776658787,7794.439585863044
2018-05-07,11.84500002861023,39.47629387005968,45.230712744000165,0.7515883147716522,238.6100006103516,80.04912567138672,44.3127378006727,8834.3076171875,1513.0374755859375,76.32750129699707,0.290751501917839,0.512018010020256,3.073125004768372,0.0044830000260844,24682.33251953125,726.7039794921875,1.1931619942188263,19.859399795532227,1.3543387055397034,1316.8250122070312,54.32079526179328,46.18638382806613,160.6575422165556,148.42024993896484,5.730000019073486,183.9853800441243,12.988250255584717,90.205838786543,6911.179931640625,6.26272993934086,2.781749963760376,918.5750122070312,7.427500128746033,2710.875,97.620949622558,55.26600082188064,24.46111356163033,73.08101273050849,65.73116507201578,50.81575541491625,24.848877343146896,64.60923977780094,16.58175039291382,0.3668407425284385,0.07447424903512,20.17133331298828,1.0022090077400208,1.2842749953269958,0.9994492679834366,0.0091420824173837,13.37749981880188,48.46896801796644,70.2299976348877,0.7506257444620132,56.44194736354344,3.8,148740.0,211000.0,250.792,101.78,98.0,491960.0,1357.0,1338.0,14049.6,0.78,1.7,3.22,74.75,21195070.0,20150.476,17020500.0,57.85714285714285,5,2,2018,9661.02,9689.67,8153.0,8679.71,224151.298751,110160.48336,981712737.9152083,8492.446,801.2880817109585,7527.745792702924
2018-05-14,12.84249997138977,39.988183951149146,44.9059727307821,0.7509497851133347,238.129997253418,79.06424903869629,44.24852438208087,8470.609985351562,1307.0750122070312,78.51500129699707,0.2582852467894554,0.469415508210659,3.052500069141388,0.0043472499819472,24763.43994140625,709.1792602539062,1.1832883954048157,18.2251501083374,1.350106954574585,1296.374969482422,53.76930610647615,45.884606710074806,160.43810468943389,140.3134994506836,5.850000143051148,182.9975432778261,12.989749908447266,89.93643729868997,6898.3724365234375,6.135427083467162,2.83599990606308,890.4250183105469,8.78250002861023,2717.4874877929688,97.9267712902221,56.79454399115819,24.46111771546764,73.86281208366941,66.45742687917786,51.619709864384205,24.29532018626378,64.46726919391062,16.397249698638916,0.3389147594571113,0.0742015019059181,18.876332759857178,1.0002927631139755,1.287027508020401,1.0009575635194778,0.0090546326246112,13.587500095367432,49.10430707944392,71.28000068664551,0.7027152478694916,56.97930835891198,3.8,148740.0,222000.0,250.792,101.78,98.0,491960.0,1357.0,1338.0,14049.6,0.85,1.7,3.859,78.17,21195070.0,20150.476,17027862.5,49.0,5,2,2018,8679.71,8879.99,7911.9,8526.98,182713.826012,92219.281361,771701096.8068593,8391.787,970.5484367020135,7606.2461502151145
2018-05-21,13.37750005722046,40.26852882728431,45.018603404447695,0.7551987767219543,242.254997253418,80.00950050354004,44.56353645262155,7641.22998046875,1063.5535125732422,77.34250068664551,0.2101512439548969,0.3688834980130195,3.075874924659729,0.0036287499824538,24799.642578125,605.4550170898438,1.1698130667209623,15.806900024414062,1.335391789674759,1299.4250183105469,53.847807587785255,46.80056208906888,161.37539115580776,122.87949752807616,5.319999933242798,183.8659308190405,13.048499822616575,91.44120664413066,6937.824951171875,6.116683838051084,2.9119999408721924,900.6500091552734,7.945000171661377,2723.0700073242188,98.81153193660698,55.09659186771032,24.38047543676861,73.80506940950599,67.08182616480798,51.396515734583936,24.496614597462425,64.77449202076821,16.467000484466553,0.289754256606102,0.0734352506697177,18.710166931152344,0.9988172501325608,1.2913925051689148,1.008150428533554,0.0091093522496521,13.332500219345093,50.22548624608374,69.00249862670898,0.6264524906873703,58.09746600918376,3.8,148740.0,230000.0,250.792,101.78,98.0,491960.0,1357.0,1338.0,14049.6,0.9,1.7,5.404,78.34,21195070.0,20150.476,17042562.5,34.857142857142854,5,2,2018,8526.97,8595.31,7231.11,7338.99,190894.600939,96911.186832,747911310.861222,8306.687000000002,1089.4775983267573,8299.693466264242
2018-05-28,14.114999771118164,40.697014759223656,45.92431561381492,0.7554102391004562,248.70750045776367,81.62450218200684,44.81876114099138,7571.517578125,1103.0637512207031,77.10249900817871,0.2167677544057369,0.3513104915618896,3.068625032901764,0.0035744999186135,24558.185546875,593.4307403564453,1.1646674871444702,15.802274703979492,1.3316365480422974,1296.3250427246094,55.624562570152754,48.04378504937109,163.67209542116166,122.3177490234375,5.379999995231628,190.6614006140485,13.127749919891356,93.2256007620187,7034.955078125,6.31215778337126,2.9374999403953552,905.1750030517578,7.324999928474426,2720.745056152344,99.12902327783765,55.2678314122728,23.824684967396408,73.6940157171225,66.48399002329154,50.96744627358282,24.908078615157997,65.68224742969704,16.385250091552734,0.2910839989781379,0.0627802498638629,19.246666431427,0.999180018901825,1.2949199974536896,1.010966032743454,0.0091495525557547,14.767500162124634,50.86900218736905,66.44999885559082,0.6419097483158112,59.03882178692426,3.8,148740.0,222000.0,250.792,101.78,98.0,491960.0,1357.0,1338.0,14049.6,0.84,1.7,0.02,76.6,21195070.0,20150.476,17057212.5,24.571428571428573,5,2,2018,7338.99,7786.69,7032.95,7714.26,211929.270766,117482.54749,876505422.238246,8231.098,1197.5885771557614,8942.42025950483
2018-06-04,15.195000171661375,42.35719597063871,47.680601545030605,0.7612462788820267,250.2925033569336,84.09962463378906,45.43993440839918,7008.732421875,998.8072662353516,76.07999992370605,0.1890232525765895,0.2713259980082512,3.244874954223633,0.003337750036735,25167.4921875,547.0690078735352,1.1765573620796204,13.472350120544434,1.3399069607257843,1297.2250061035156,56.60126556487284,47.2553516283196,166.43856046157708,111.12399864196776,5.229999899864197,189.0166588761879,13.071000099182127,94.7791077702153,7154.195068359375,6.491902462524479,2.910000026226044,902.8249969482422,7.744999885559082,2769.367492675781,102.00043588909168,55.83442781939229,24.33470383579245,75.13325563665633,67.3873854628933,52.434495268512734,25.246530319542657,66.76692185045246,16.651999950408936,0.2617829963564873,0.0510879997164011,20.867666721343998,1.000195249915123,1.2950224876403809,1.0157475173473358,0.0091222350019961,12.37250018119812,51.48565333886497,65.48499870300293,0.610277995467186,59.7025819823805,4.0,148959.0,223000.0,251.018,101.872,98.2,490228.0,1192.0,1345.0,14109.9,0.82,1.82,11.166,73.41,21195070.0,20150.476,17071875.0,30.142857142857142,6,2,2018,7714.26,7765.0,6622.81,6764.99,211352.737478,114201.834413,852642290.7888799,8226.296,1224.0727775429666,9203.576753617152
2018-06-11,16.12000036239624,43.78444371138849,49.38259080188239,0.748671367764473,252.51750564575195,85.46662521362305,44.93364460476562,6548.587524414063,874.6642456054688,74.25500106811523,0.1642129980027675,0.2244147472083568,3.1733750700950623,0.0029492499888874,25119.54296875,499.713752746582,1.1658258736133575,14.308299779891968,1.330474674701691,1282.7249755859375,57.42458063311496,46.81756826026992,168.40607891215072,98.08517456054688,4.840000033378601,193.5328778316172,13.34599995613098,93.853082037938,7237.229858398437,6.557078225303002,2.997500002384186,891.5749969482422,7.43624997138977,2778.129943847656,104.20888496248122,54.65570389061071,24.044823956441284,75.82843026901057,66.72532745549428,52.00325624373555,25.0122780994086,66.83907512877724,16.660249710083008,0.2333220019936561,0.0433404995128512,23.391833305358887,1.0061785131692886,1.3140524923801422,1.0058854222297668,0.0090574929490685,12.24999976158142,51.49616385798392,65.39249992370605,0.5443835109472275,59.82587007555008,4.0,148959.0,222000.0,251.018,101.872,98.2,490228.0,1192.0,1345.0,14109.9,0.83,1.82,4.836,74.58,21195070.0,20150.476,17086537.5,32.0,6,2,2018,6765.0,6922.0,6118.68,6449.61,234080.841171,127373.609653,833996575.3197141,8169.457,1294.8316373768141,9133.13070466695
2018-06-18,16.100000143051147,43.94354553420007,48.98424087348344,0.7389692217111588,246.8224983215332,86.18537521362305,43.9678376076098,6248.842529296875,773.4679870605469,74.84750175476074,0.1393177527934312,0.1962979957461357,3.056500017642975,0.0026077500078827,24642.8779296875,471.3824920654297,1.163203477859497,15.238924980163574,1.3239172399044037,1269.1500244140625,58.35936114984644,44.928296304155154,167.49986403384213,84.16557502746582,4.460000038146973,199.2658523422315,13.21624994277954,93.9463868741868,7210.7574462890625,6.301140577854282,2.9574999809265137,871.4250030517578,7.082500100135803,2756.9849243164062,104.39129504037952,54.95150959237564,23.805307980615925,75.58325983449092,64.97434660866038,51.01093754098032,25.52454122320532,66.3446983791388,16.401499271392822,0.2013705000281334,0.043644749559462,22.883166790008545,1.0020765215158465,1.3292700052261353,1.0092665255069733,0.0090866708196699,13.725000381469728,50.081836672002126,67.53250026702881,0.4907167479395866,58.19903984568134,4.0,148959.0,218000.0,251.018,101.872,98.2,490228.0,1192.0,1345.0,14109.9,0.8,1.82,0.37,74.87,21195070.0,20150.476,17101225.0,21.857142857142858,6,2,2018,6444.06,6841.74,5750.0,6136.97,234147.621015,125738.642241,802333822.6810286,7947.654,1742.3673582594008,8689.839232196111
2018-06-25,15.069999933242798,42.14458516151519,47.118719035772,0.7395165860652924,242.2449989318848,84.61649894714355,43.71439475654658,6268.224853515625,726.177734375,78.07999992370605,0.1362052485346794,0.2086432538926601,2.962625026702881,0.0024620000622235,24277.2626953125,446.5317459106445,1.1664626896381378,15.682425022125244,1.3191587030887604,1254.6500244140625,56.2366347195314,42.43333634278239,164.0653899321823,79.93284797668457,3.8600000143051143,194.7073373458939,12.797999620437622,92.0406803581382,7044.0299072265625,5.91479061020646,2.941500008106232,854.5500030517578,6.517500162124634,2718.705078125,102.3456165888094,55.34767803795527,23.325922273015117,74.49091472963964,63.82278575843159,50.518923904511176,25.9385193671458,64.89180658166084,16.099499940872192,0.1929009966552257,0.0384949995204806,22.811999320983887,0.9977065175771712,1.3192925155162811,1.0089458227157593,0.0090547089930623,16.58750033378601,48.05787251335541,72.6200008392334,0.4602820053696632,55.56339157440525,4.0,148959.0,222000.0,251.018,101.872,98.2,490228.0,1192.0,1345.0,14109.9,0.77,1.82,12.73,72.82,21195070.0,20150.476,17108537.5,25.571428571428573,6,2,2018,6137.95,6528.99,5780.0,6356.81,207746.559006,112957.360973,697781325.5983218,7704.633,2267.374543380679,8096.942395572028
2018-07-02,15.962500095367432,43.16555228850402,47.99028736417115,0.7404278665781021,246.1750030517578,85.30400085449219,44.28049536132893,6684.842529296875,756.7957458496094,77.38000106811523,0.1490260027348995,0.2417497560381889,2.8418750166893005,0.00260375009384,24377.70263671875,482.1369934082031,1.171797811985016,17.829449892044067,1.32398122549057,1250.7250366210938,56.89001150725057,43.155890607753165,166.49602673970224,83.18925285339355,3.60999995470047,199.63909035932036,13.290500164031982,93.71078253282946,7150.205078125,6.038456456985704,2.8667500019073486,832.3750152587891,5.554000020027161,2745.75,102.8184005376847,55.43022543800278,23.32592041610336,75.99567411821322,63.93840120555137,50.69744911471325,26.284831996911013,65.88452595218911,15.936749935150146,0.2078009992837906,0.037559749558568,21.313332557678223,1.0021920204162598,1.3116424977779388,1.0087831914424896,0.0090435498859733,14.539999961853027,48.57524924518763,73.75250053405762,0.4812582433223724,56.38792213305525,3.8,149020.0,228000.0,251.214,102.006,97.9,493142.0,1208.0,1334.0,14144.2,0.73,1.91,32.139,76.71,21516058.0,20276.154,17123275.0,21.571428571428573,7,3,2018,6360.82,6818.16,6271.62,6712.1,211526.019058,113263.789294,746176284.2175087,7433.942999999999,2925.809987142262,7634.587360521177
2018-07-09,16.350000381469727,44.26828948270214,49.28841058570744,0.7423178106546402,255.63500213623047,89.46987342834473,45.12846143694084,6423.5950927734375,718.2099914550781,75.71000099182129,0.1384472474455833,0.2102697566151619,2.778374969959259,0.0023989999317564,24900.115234375,453.3404998779297,1.170181542634964,16.925750017166138,1.3231415748596191,1245.2749938964844,59.39914002479127,44.18660013403162,170.86740592165552,79.11160087585449,3.5299999713897705,205.2376981207591,13.549500226974487,97.3985867059002,7339.902465820312,6.182424755646151,2.7797500491142277,833.2500152587891,4.754999876022339,2794.470031738281,105.02326351518036,56.07952423844115,23.65208005015364,77.71443634564078,65.30558995451202,51.13285662761376,26.297768502990564,67.47526551453691,15.839500188827516,0.2104470022022724,0.0343227498233318,21.223666191101078,1.0013377368450165,1.3155974745750427,1.0012664496898651,0.0089309536851942,12.53250002861023,49.13934673497484,71.48750114440918,0.4501487463712692,56.81040856653797,3.8,149020.0,216000.0,251.214,102.006,97.9,493142.0,1208.0,1334.0,14144.2,0.73,1.91,3.596,77.08,21516058.0,20276.154,17137975.0,35.142857142857146,7,3,2018,6712.1,6802.06,6070.0,6353.01,192452.84988,101995.657579,649868285.8353192,7103.343000000001,3610.120400368542,7172.166361098745
2018-07-16,16.602499961853027,44.06829944625107,49.46764532524412,0.7402924746274948,256.6825065612793,91.04574966430664,45.283608232528906,7197.1650390625,794.3155059814453,73.17749977111816,0.1686154976487159,0.2127760052680969,2.735125064849853,0.0033989999792538,25077.7998046875,469.1100006103516,1.1696324348449707,16.59665012359619,1.3133430778980255,1228.625,59.70642058766833,44.02296423553645,171.10398179891018,84.54427337646484,4.420000076293945,208.07434949321285,13.55875015258789,99.04769185613236,7351.797485351562,6.197342329550131,2.751500010490417,817.9249877929688,5.747500061988831,2802.4150390625,105.11221869184574,54.95885317292925,24.109582025888194,77.46922432064873,65.98809169779648,50.8694270305422,25.92957027201639,67.72518521212803,15.462499856948853,0.2756342440843582,0.036828750744462,20.981833457946777,0.997521996498108,1.3176974952220917,1.0049622058868408,0.0089406007900834,12.684999704360962,49.548111335566745,69.76249885559082,0.4636662378907203,57.19245876661082,3.8,149020.0,205000.0,251.214,102.006,97.9,493142.0,1208.0,1334.0,14144.2,0.75,1.91,0.87,71.03,21516058.0,20276.154,17145337.5,32.142857142857146,7,3,2018,6354.15,7700.0,6330.4,7394.79,294313.222604,159598.815591,1153467423.232659,6974.851,3779.1791050963425,6832.617615204513
2018-07-23,18.37000012397766,42.38522578007953,48.637230568728405,0.740668386220932,256.62499618530273,91.0572509765625,45.44645202873306,8067.572387695312,827.0197448730469,73.98999977111816,0.1656697504222393,0.2970149964094162,2.7871249318122864,0.0033915000385604,25368.1728515625,466.6885070800781,1.168067991733551,16.735649824142456,1.312507480382919,1224.6499938964844,62.06862987829391,41.68314296439963,170.8315805193979,85.00564956665039,4.979999899864197,184.48054303220545,13.132500171661375,100.91609087840529,7340.0673828125,6.213805883744504,2.79625004529953,828.1000061035156,7.451250195503235,2820.202514648437,104.8383669539984,55.90343197507309,24.534244485219908,78.34531711859371,67.18189056621084,51.43765379834643,25.861894160368088,67.58501881271498,15.446749925613403,0.3115859925746918,0.0379815008491277,19.960166454315186,0.9968090057373048,1.309007465839386,1.005922645330429,0.0090063768438994,12.980000019073486,49.75833320850054,68.71500015258789,0.4530399888753891,57.67021044355897,3.8,149020.0,210000.0,251.214,102.006,97.9,493142.0,1208.0,1334.0,14144.2,0.85,1.91,2.27,73.45,21516058.0,20276.154,17160037.5,43.57142857142857,7,3,2018,7394.78,8491.77,7375.0,8211.0,288666.047141,154924.100889,1251512994.1975667,6943.253,3820.52359658214,6442.6459539354555
2018-07-30,18.789999961853027,42.18897843375798,47.41545967363269,0.7399239540100098,250.35499954223636,90.33625030517578,48.18870903144459,7328.2900390625,734.0412445068359,73.38249778747559,0.137805251404643,0.2771732471883297,2.7573750019073486,0.0029397499747574,25386.34765625,422.2234954833984,1.1619569063186646,16.835949897766113,1.3038884401321411,1215.3999633789062,61.523360762181554,41.540755927643175,170.77182203997353,76.64532470703125,4.209999918937683,174.4204346391526,13.339750051498411,100.05070369886808,7336.312622070312,6.180073138461015,2.8269999623298645,829.375,6.899999976158142,2829.3550415039062,104.335117275578,55.56596915126157,24.5780213362179,79.6405211622865,67.53755533400357,51.49207249731308,26.442066954838484,67.38413978094673,15.406750202178957,0.2582922540605068,0.0321085001341998,22.291166305541992,0.999894991517067,1.301770031452179,1.0072605907917025,0.0089785105083137,12.22000002861023,50.009423460118185,68.58249855041504,0.4382227584719658,58.0351390199381,3.8,149020.0,207000.0,251.214,102.006,97.9,493142.0,1208.0,1334.0,14144.2,0.85,1.91,1.995,74.99,21516058.0,20276.154,17174725.0,52.0,7,3,2018,8210.99,8273.0,6882.29,7024.19,282090.103584,147829.462036,1117308216.0366144,6911.772999999999,3850.3404818179397,6351.657007115328
2018-08-06,19.087499618530277,43.60010745123462,48.526718524181845,0.7337236702442169,253.6624984741211,93.8261260986328,49.11068223114311,6480.239868164063,602.2612457275391,72.98250007629395,0.117884749546647,0.2748152501881122,2.7408750653266907,0.0025154999457299,25385.470703125,340.54200744628906,1.1468350887298584,14.903625011444092,1.281829446554184,1211.0499877929688,62.29603651896925,41.78089598893306,172.8965476094062,62.72869873046875,3.889999926090241,180.94719417891312,13.993000030517578,101.6344946959604,7424.137451171875,6.310425204308044,2.9172500371932983,825.0999908447266,6.935000061988831,2838.9500122070312,105.58969775211838,55.31652088741995,24.58897006478501,80.02172563250913,67.05071483550873,51.344020825529725,26.359468181688587,68.3184651583512,15.305749893188477,0.2228822521865368,0.0245742499828338,23.95983362197876,1.0014377236366272,1.3108999729156494,1.005467653274536,0.0090135713107883,12.577499866485596,49.72679787818302,67.82999801635742,0.3307790011167526,57.72466765269834,3.8,149279.0,210000.0,251.663,102.016,96.2,493445.0,1288.0,1273.0,14193.9,0.83,1.91,2.095,72.51,21516058.0,20276.154,17189375.0,34.42857142857143,8,3,2018,7024.19,7160.0,5971.0,6308.33,334426.550743,178067.433497,1155504235.7897973,6771.18,3948.1596536878633,6433.582555963269
2018-08-13,19.63750028610229,43.02047073605555,47.693328775958925,0.7289773523807526,247.9275016784668,94.31237411499023,51.15175775338003,6400.1348876953125,557.0520095825195,71.97250175476074,0.1018847487866878,0.2857634983956814,2.634874999523163,0.002396999974735,25508.142578125,294.9672546386719,1.1413085162639618,12.98009991645813,1.2748878598213196,1180.4500122070312,60.97933792265334,40.5746781278982,172.04568097269447,57.267624855041504,3.5799999833106995,174.7389552169913,14.034499883651732,100.6734993485432,7383.10498046875,6.171036999537482,2.9392500519752502,778.8499908447266,5.612249970436096,2839.5949096679688,105.2386222369094,53.61806078991754,24.55175487697184,80.90228374452957,67.35750589025957,50.69308716419166,26.79335504538902,68.24139822991016,14.716750144958496,0.2227537520229816,0.0214360002428293,21.29533338546753,1.0033884942531586,1.3097150027751925,1.0052863359451294,0.0090394527651369,13.635000228881836,48.31714797798489,66.15500259399414,0.3288894891738891,56.2011677581271,3.8,149279.0,206000.0,251.663,102.016,96.2,493445.0,1288.0,1273.0,14193.9,0.78,1.91,1.383,70.62,21516058.0,20276.154,17204037.5,20.714285714285715,8,3,2018,6308.56,6620.0,5880.0,6477.53,378189.296487,205461.829251,1305711344.9519367,6742.433999999999,3971.48639383308,6653.914554990191
2018-08-20,22.8274998664856,44.31992466947917,49.09750662227943,0.7272844165563583,258.1025085449219,94.95425033569336,51.420947459251344,6632.3099365234375,533.3787231445312,74.87249946594238,0.0946229975670576,0.3230177387595176,2.6868749260902405,0.002403249964118,25769.384765625,279.9409942626953,1.157504826784134,12.657349824905396,1.283977746963501,1201.250030517578,61.20239150310436,40.49556434475424,173.65654924650153,56.8627986907959,3.5300000309944157,173.1240694755217,14.703250169754028,100.9532075011879,7450.952514648437,6.535971448908267,2.9325000643730164,784.2250213623047,5.457499980926514,2869.039978027344,107.0572502919674,54.41226120527505,24.75533055061505,81.75609644498584,68.2734278715885,51.337500420422245,26.792361560281545,69.04958073564967,14.712000131607056,0.2182797454297542,0.0219687498174607,21.019333362579346,0.99923974275589,1.3078075051307678,1.0143482983112335,0.0090095596387982,12.229999780654907,49.337887252045135,68.08499908447266,0.328963503241539,57.425883767310566,3.8,149279.0,207000.0,251.663,102.016,96.2,493445.0,1288.0,1273.0,14193.9,0.75,1.91,1.646,71.11,21516058.0,20276.154,17218675.0,21.571428571428573,8,3,2018,6477.53,6882.54,6220.0,6700.0,286906.539311,153261.481987,999056900.5077469,6767.473,3994.802539868648,6951.612574969582
2018-08-27,25.41249990463257,46.11864156902199,50.42320858804255,0.7231408506631851,264.0925064086914,99.50337409973145,53.50786146700836,7135.365112304688,616.38525390625,77.05999946594238,0.1025775019079446,0.3136310055851936,2.6706249713897705,0.0047845000517554,25994.33740234375,290.8840026855469,1.1643892526626587,13.101850032806396,1.2949206233024595,1203.4000244140625,61.69056103629544,41.34011060124158,177.80084851539888,63.86934947967529,3.880000114440918,175.6720586561292,14.854749917984009,104.42102120045348,7628.054931640625,6.886547954482327,2.900999963283539,789.7250213623047,6.15500009059906,2901.0574951171875,109.18722343163392,54.75893419841177,24.856026081826677,82.59427718311039,68.6735894399255,51.809926641678175,26.892865881729108,70.47445639184645,14.53624987602234,0.2248990051448345,0.0252800001762807,20.39133310317993,0.99847973883152,1.3016949892044067,1.0290442109107971,0.0089976219460368,12.904999732971191,50.83045749057911,69.57750129699707,0.3412275016307831,59.14545254870984,3.8,149279.0,211000.0,251.663,102.016,96.2,493445.0,1288.0,1273.0,14193.9,0.74,1.91,0.996,74.41,21516058.0,20276.154,17233387.5,19.428571428571427,8,3,2018,6700.0,7345.45,6646.5,7302.01,294674.913005,162766.585323,1140746641.753713,6883.977000000001,4111.492341624004,7271.447211059353
2018-09-03,27.56749963760376,44.1888486171859,48.64019159539144,0.7138239592313766,260.80249404907227,98.62312507629396,53.06339901920367,6546.91748046875,519.8402557373047,77.25250053405762,0.083705248311162,0.2562702521681785,2.60462498664856,0.0055452499072998,25928.1767578125,219.43624877929688,1.1583866477012634,11.948925018310549,1.2915411591529846,1194.7749938964844,59.05092913830628,40.12995327107916,174.24691955913642,57.852450370788574,3.700000047683716,164.21853650707604,14.489250183105469,101.99988820053424,7476.239990234375,6.788255298782235,2.79625004529953,782.3000030517578,4.917500138282776,2876.914978027344,108.4639605318682,53.59788727522182,24.84508127910718,82.40703949043275,68.89144955244272,51.43111340004327,26.69582621486611,69.10098544752614,14.123500108718872,0.2033249996602535,0.0208659996278584,17.94866704940796,1.0029059946537018,1.3150299787521362,1.0312976837158203,0.0090061964001506,14.62750005722046,49.87628515967901,68.44000053405762,0.2937082424759865,58.124612124080045,3.7,149358.0,201000.0,252.182,102.205,100.1,491507.0,1250.0,1314.0,14229.3,0.78,1.95,0.39,77.81,21516058.0,20276.154,17248000.0,19.285714285714285,9,3,2018,7302.0,7410.0,6111.0,6250.81,306231.623424,162645.087167,1094083907.5346687,6873.377,4123.304271437874,7417.529825248497
2018-09-10,31.855000495910645,44.73555173954947,49.436463468240326,0.7173095345497131,271.9449996948242,98.32674980163574,53.034877924743306,6472.667602539063,449.9417495727539,78.28499794006348,0.0699417507275939,0.2670382559299469,2.6292500495910645,0.0064587501110509,26068.6923828125,209.5097541809082,1.1630240678787231,11.069199800491331,1.3045920729637146,1196.3500061035156,58.63031863530659,38.89198744758208,175.29611367732844,55.01299858093262,3.3899999260902405,162.27767003207467,14.79675006866455,105.09540227891956,7518.5050048828125,6.774320059879567,2.788749992847442,796.25,4.035000026226044,2896.260009765625,109.33937361372966,54.216013507028514,24.70717386513183,83.11148565967991,69.9696398792767,51.618346489987886,26.768475647488177,69.73865790903929,14.062249898910522,0.2023090049624443,0.0194674995727837,19.31216716766357,1.0020717531442642,1.3046524822711945,1.0326461493968964,0.0089474578853696,12.81749987602234,49.35657188496117,69.14249992370605,0.2757572382688522,57.70677135644506,3.7,149358.0,204000.0,252.182,102.205,100.1,491507.0,1250.0,1314.0,14229.3,0.84,1.95,0.015,76.77,21516058.0,20276.154,17255312.5,17.142857142857142,9,3,2018,6252.26,6584.99,6169.68,6505.0,227428.182854,124604.749749,797441407.4796013,6852.6669999999995,4140.087202294229,7058.7455711303055
2018-09-17,31.480000019073486,44.42481913208225,48.56744207793916,0.7259970605373383,264.4449996948242,95.94537734985352,51.91000553260314,6611.039916992188,474.1940002441406,78.80500221252441,0.0838330015540123,0.343213751912117,2.77649998664856,0.0059272499056532,26571.62744140625,233.7910003662109,1.1741774082183838,11.29325008392334,1.3125602006912231,1198.699951171875,58.4614986809244,39.75364338145908,175.44432059896602,59.22982597351074,3.3399999737739563,162.2304079730967,14.821000099182127,106.50500888361458,7523.447387695312,6.609400819101376,2.9292500019073486,822.4499969482422,4.0,2921.6024169921875,109.37448494515756,55.04506045176807,25.08805608252129,83.85606686869141,70.99226901989641,52.613268113834266,26.50277342044684,69.69894481295124,14.196749925613403,0.2644039951264858,0.0229374999180436,19.661333560943604,0.9953884929418564,1.295072466135025,1.0413329601287842,0.0088957925327122,12.052500247955322,49.917162187484415,70.4749984741211,0.5447355061769485,58.410157109583245,3.7,149358.0,206000.0,252.182,102.205,100.1,491507.0,1250.0,1314.0,14229.3,0.89,1.95,0.715,78.22,21516058.0,20276.154,17269962.5,21.714285714285715,9,3,2018,6500.08,6839.03,6123.0,6708.0,244256.490121,133037.201025,867030374.8525662,6888.166,4165.07655757371,6605.160513982675
2018-09-24,31.33999919891357,44.29188592463187,48.732676060631896,0.7235097736120224,267.3475112915039,98.7189998626709,53.15669072984353,6604.50244140625,518.5292510986328,81.84749984741211,0.0842804983258247,0.3393874987959862,2.7928749322891235,0.0058664998505264,26493.97509765625,229.32350540161133,1.165792495012283,11.190500020980837,1.306516706943512,1191.4500122070312,59.49704590923079,40.151332077227664,176.7109932625414,60.36099910736084,3.0100000500679016,164.61667759479562,14.229000329971312,106.78832652137044,7590.0823974609375,6.828569832294402,3.019499957561493,818.7750091552734,3.742500007152557,2915.5974731445312,109.85629553578848,56.14932825752907,24.50457080147382,84.94837080521411,70.26076153231904,51.21228613112845,26.215398231968575,70.31732049017327,14.497250080108644,0.2587875016033649,0.0221745003946125,18.4176664352417,0.9980212450027466,1.295357495546341,1.0249014794826508,0.0088203700724989,12.25250005722046,49.75015671277951,72.84250068664551,0.5558412447571754,57.74412197676386,3.7,149358.0,205000.0,252.182,102.205,100.1,491507.0,1250.0,1314.0,14229.3,0.92,1.95,9.34,80.89,21516058.0,20276.154,17284650.0,30.857142857142858,9,3,2018,6706.81,6814.8,6325.02,6626.57,242598.872471,132133.994449,867418937.7181212,6811.344,4221.765188952609,6583.380040286131
2018-10-01,28.287500381469727,41.9623536937334,47.238349373373765,0.7099924385547638,265.4449996948242,95.941499710083,53.636826685723896,6578.307495117188,521.2417678833008,84.4000015258789,0.0835742484778165,0.3395810052752495,2.771874964237213,0.0056577499490231,26536.9306640625,225.0885009765625,1.1539482772350311,10.958750009536743,1.3074954748153689,1198.5499877929688,58.650841703036285,40.619572728210514,173.8900383098657,58.78172492980957,2.7300000190734863,158.43829331404345,13.347249984741213,105.62223235461224,7456.5048828125,6.812346887166533,3.136999905109405,822.2499847412109,3.177250027656555,2895.072570800781,106.56965681509952,56.89172568370909,24.585917249405743,84.67082306886388,70.67848747516747,50.68729913968677,25.67797480634058,69.47123331741201,14.557000160217283,0.247856754809618,0.0255550001747906,18.34566640853882,0.9977049976587296,1.2911275029182434,1.010575532913208,0.0087834144942462,14.585000038146973,48.35334766052364,74.63249778747559,0.5090755000710487,56.37418833364428,3.8,149526.0,210000.0,252.772,102.366,98.6,496416.0,1221.0,1272.0,14241.4,0.95,2.19,4.185,84.94,21974096.0,20304.874,17299337.5,37.71428571428572,10,4,2018,6626.57,6697.0,6430.0,6615.26,141836.476483,75129.021229,493650263.5606893,6651.7699999999995,4406.961961615959,6745.021437711631
2018-10-08,26.23499965667725,39.35457646346059,44.269846582558834,0.7107648253440857,248.97999572753903,89.55399703979492,52.518493967350096,6373.34765625,459.692756652832,81.38000106811523,0.0751484986394643,0.327115498483181,2.777999997138977,0.0052172500872984,25529.92236328125,202.7254981994629,1.154921680688858,9.73680019378662,1.314934879541397,1211.124969482422,55.893157543560605,38.72308970456967,166.99679825805012,53.76845073699951,2.5100000500679016,153.58364922164066,12.823749780654907,102.18954945020214,7159.41748046875,6.183639558624185,3.2070000171661377,831.1750030517578,2.6017500162124634,2784.8999633789062,102.3979668670292,54.71069087720897,23.563525267615177,81.89130145211023,67.0261827229332,47.817378496564494,25.068953853625423,66.3821721823708,14.476999998092651,0.2200937494635582,0.0239935000427067,17.218167304992676,0.9950900077819824,1.3014375269412994,1.0089367628097534,0.0088896134402602,21.68249988555908,45.73258314524281,72.11749839782715,0.4205197542905807,53.37707131012191,3.8,149526.0,211000.0,252.772,102.366,98.6,496416.0,1221.0,1272.0,14241.4,1.07,2.19,1.565,84.22,21974096.0,20304.874,17306662.5,32.0,10,4,2018,6615.26,6715.6,6205.0,6339.34,166310.813544,83637.704957,537339332.3062356,6583.285000000001,4469.220337126317,6762.9628393300145
2018-10-15,24.862500190734863,39.17748253240701,43.97755812476652,0.7111309319734573,247.4875030517578,88.84112548828125,51.97179704739929,6547.110107421875,453.9595031738281,80.04000091552734,0.0750357527285814,0.3656535074114799,2.775999903678894,0.0046910000964999,25485.59228515625,206.6402473449707,1.1529449224472046,9.705985069274902,1.3099046051502228,1226.3250427246094,55.28195077852915,38.09876378955696,166.61128754536097,53.802124977111816,2.5199999809265137,154.55656934374795,12.762499809265137,102.10992978839386,7143.445068359375,5.796085817022507,3.2487499713897705,834.4249877929688,2.590000033378601,2775.3825073242188,100.78043781589656,53.155708264357465,23.49096690911872,82.13970904443082,65.8601254060429,46.76084588928235,25.408865231641595,66.00950660626827,14.58900022506714,0.2351442500948906,0.0242975004948675,17.60333251953125,0.9713660031557084,1.305452525615692,1.0065962970256803,0.0089143922086805,19.932499408721924,45.01549370265249,69.85250091552734,0.4471525028347969,52.60961477075186,3.8,149526.0,208000.0,252.772,102.366,98.6,496416.0,1221.0,1272.0,14241.4,1.03,2.19,0.366,80.91,21974096.0,20304.874,17321350.0,20.571428571428573,10,4,2018,6339.34,7680.0,6300.0,6590.11,211592.623139,110449.445938,748403217.7947539,6611.463000000001,4499.190023235744,6644.54609608615
2018-10-22,19.487499237060547,38.1513784343575,42.86354378140305,0.7082605808973312,246.18500137329104,83.72650146484375,51.66814942592246,6490.9024658203125,442.6325149536133,77.69000053405762,0.0738007482141256,0.4295647442340851,2.7549999952316284,0.0040842499583959,24845.78759765625,204.80374908447263,1.1435029208660126,9.73384976387024,1.2884152233600616,1230.7999877929688,53.88512732901137,38.52423423624119,161.08999672967468,52.11847496032715,2.6100000739097595,147.2758857868554,12.365999937057495,99.76136013345489,6910.574951171875,5.109290133092152,3.1804999709129333,828.2250061035156,2.481750011444092,2681.1199340820312,97.77785944595968,49.85736979986464,22.49275228724076,78.9506326747119,62.50041597133118,44.91465387999165,25.465179641198628,64.29388453663479,14.630000114440918,0.235029250383377,0.0235664998181164,20.90483283996582,0.993032768368721,1.3103049993515017,1.0024683773517609,0.0089279210660606,23.664999961853027,42.49283057364284,67.64499855041504,0.459013007581234,49.550741514806056,3.8,149526.0,217000.0,252.772,102.366,98.6,496416.0,1221.0,1272.0,14241.4,1.09,2.19,3.189,80.45,21974096.0,20304.874,17336012.5,23.714285714285715,10,4,2018,6590.12,6639.0,6453.0,6489.93,75328.885385,37842.154173,248174269.69773,6612.7029999999995,4508.116381672881,6511.897775606377
2018-10-29,19.42249965667725,41.26613956823565,45.68802479331637,0.7185073792934418,241.37749862670896,81.31074905395508,50.07858762253543,6398.492431640625,529.4817428588867,73.96000099182129,0.0744119994342327,0.497274748980999,2.765500009059906,0.0037730000913143,25060.7177734375,205.4944953918457,1.1386798620224,9.305755376815796,1.292697191238403,1227.4500122070312,52.98431184283512,40.0294579593989,160.75479561196033,52.67077445983887,2.5500000715255737,148.33340501199476,12.529500246047974,98.60931496174751,6897.650024414063,5.126815989279373,3.2464999556541443,861.8500213623047,2.5049999952316284,2701.5525512695312,100.05973433995877,49.580341962980135,23.038034755732262,79.61977029989083,62.748362980961865,46.53773236974993,25.78699037069879,64.03839444335654,14.592999935150146,0.2364050038158893,0.0229750000871717,22.73799991607666,0.9852547496557236,1.3112625181674955,0.9979680776596068,0.0088583689648658,21.232500076293945,44.13489371646402,64.21499919891357,0.4582902491092682,51.47562607958768,3.8,149526.0,216000.0,252.772,102.366,98.6,496416.0,1221.0,1272.0,14241.4,1.02,2.19,1.748,77.56,21974096.0,20304.874,17343325.0,29.0,10,4,2018,6489.93,6525.0,6245.02,6485.85,71945.400607,35995.809099,229999405.96208155,6591.2880000000005,4532.053891152014,6613.997002715839
2018-11-05,20.789999961853027,41.79227632078043,45.877651219622194,0.7234438359737396,244.3574981689453,85.06524848937988,48.56211314659917,6431.217529296875,555.7225036621094,70.91000175476074,0.0770459994673729,0.502762496471405,2.7098750472068787,0.0032900000805966,25879.47314453125,212.72624588012692,1.137575387954712,9.377257347106934,1.302483707666397,1213.250030517578,53.4689936936803,41.14340740537401,164.17865266185242,52.28384971618652,3.040000021457672,146.06162989143664,12.778499841690063,102.39092215371583,7036.014892578125,5.138830797383205,3.674750030040741,858.0750122070312,2.737999975681305,2773.7774658203125,103.08345195296933,50.73274053678876,23.80099004193777,82.54476434349499,64.61137591217448,48.060192701961775,26.44066588338876,65.27825542455398,14.238499879837036,0.2654992416501045,0.0235152496024966,23.145666122436523,0.993987500667572,1.3176699876785278,0.9965872168540956,0.0087990211322903,17.920000553131104,44.72468481919787,60.9449987411499,0.5082855075597763,52.20868665223684,3.8,149617.0,218000.0,252.594,102.556,97.5,498854.0,1181.0,1340.0,14260.8,1.14,2.2,1.465,72.68,21974096.0,20304.874,17357987.5,35.285714285714285,11,4,2018,6485.85,6615.15,6355.0,6449.81,76161.78188,37227.070988,241607389.171258,6506.068000000001,4694.185817388999,6608.738331614994
2018-11-12,20.47249984741211,40.608001509327394,44.58250039224972,0.7295386493206024,238.47750091552732,80.52350044250488,46.08457739077984,5759.91748046875,423.80125427246094,67.50500106811523,0.0648245001211762,0.5364122465252876,2.772499918937683,0.0027425000444054,25395.2353515625,184.23649978637692,1.1372337639331818,7.855010151863098,1.286779761314392,1215.425048828125,52.94387741197156,41.59166837236974,160.20406817007083,44.27865028381348,2.7100000381469727,139.9429595000184,12.69350004196167,100.7916282438526,6858.81494140625,4.318638190810022,4.301999866962433,840.3999786376953,2.286750078201294,2729.8200073242188,100.25458353222834,49.57666739692504,23.47997089781863,81.87785521117331,64.0373052338776,48.02082129529936,26.76649247303938,63.761837967608095,14.25474977493286,0.2498567551374435,0.019544499926269,23.244333267211918,0.9876407533884048,1.3169150054454803,0.99847811460495,0.0088403718546032,19.12499952316284,43.89314129716362,57.23749923706055,0.4942200034856796,51.42873714482104,3.8,149617.0,221000.0,252.594,102.556,97.5,498854.0,1181.0,1340.0,14260.8,1.15,2.2,0.401,69.81,21974096.0,20304.874,17372650.0,49.42857142857143,11,4,2018,6450.71,6498.0,5403.42,5662.0,205081.183938,104591.347428,607459146.8231884,6447.187,4750.572029196159,6538.333138787665
2018-11-19,19.13249969482422,38.971884653546375,42.1020637049654,0.7253473699092865,224.1974983215332,75.06637382507324,42.18118533248929,4306.444946289063,234.6492462158203,60.91250038146973,0.0425377506762743,0.3210947513580322,2.778999984264374,0.0023074999335221,24558.31201171875,127.96224784851074,1.1373296976089478,5.309687495231628,1.2835750579833984,1222.4500122070312,51.38445921810421,40.61056263962517,153.82325292776466,32.79912567138672,2.409999966621399,131.39572538053554,12.44575023651123,97.37034400648284,6584.625,3.623668856495877,4.42550003528595,846.0500183105469,1.8975000083446505,2657.342529296875,96.43501781283923,47.7742035135335,23.04903155556713,80.6671235011331,62.65677840298194,47.07147001142028,26.645816297081,60.82044373737112,14.285749673843384,0.1756404973566532,0.0136227500624954,22.399333477020264,0.9791429936885834,1.323444962501526,1.0037037283182144,0.0088621380273252,21.34250020980835,42.50217460659879,52.10749912261963,0.3960454985499382,50.02980909938583,3.8,149617.0,225000.0,252.594,102.556,97.5,498854.0,1181.0,1340.0,14260.8,1.07,2.2,16.295,64.14,21974096.0,20304.874,17379962.5,33.42857142857143,11,4,2018,5661.94,5664.0,3652.66,4085.78,496323.79998,252770.919497,1133924485.1757271,6205.265,4582.7746763489495,6495.806888201455
2018-11-26,20.89749956130981,41.03951989436293,44.98254148441028,0.7297546714544296,245.4850006103516,82.50699996948242,42.350551422678336,4084.174072265625,181.96001052856445,59.08500003814697,0.040472749620676,0.3147602453827858,2.765499949455261,0.0022000000462867,25247.69091796875,115.31945037841795,1.1326801776885986,4.956801056861877,1.2774499654769895,1220.074951171875,54.349158450463015,41.85416524097075,160.1729738311873,32.94694948196411,2.5,137.86027643823763,12.842249870300291,102.92966018077357,6860.0098876953125,3.9466291360735646,4.505000054836273,809.9250030517578,1.9800000190734863,2732.7974243164062,100.29449911172723,48.607101906300194,23.587705424519424,84.48059964300168,64.1467522294763,47.397393516484975,27.03902295315824,62.91809040639396,14.126999855041504,0.1576259993016719,0.014506499748677,22.959333896636963,0.9947295039892196,1.3282800316810608,1.0025635063648224,0.0088141926098614,18.742499828338623,44.5775312409563,50.95750045776367,0.3697139918804168,52.01253719197571,3.8,149617.0,237000.0,252.594,102.556,97.5,498854.0,1181.0,1340.0,14260.8,1.11,2.2,0.615,59.7,21974096.0,20304.874,17394637.5,14.714285714285714,11,4,2018,4088.69,4450.38,3689.12,4161.01,479459.914101,244698.73129,999025189.3848451,5950.566000000001,4457.986966972483,6480.42968806418
2018-12-03,20.45999956130981,40.212466339610685,44.52565543896216,0.7262430787086487,243.59249877929688,83.08062362670898,41.1579330072577,3666.169250488281,122.36694145202635,61.35999870300293,0.0331657505594193,0.2486707530915737,2.766749918460846,0.0021552499965764,24750.08251953125,97.59322547912598,1.1375166475772858,4.124805927276611,1.2742848694324491,1241.175048828125,53.09030073039789,40.709525414930575,157.29023843607172,27.1755108833313,2.120000004768372,137.39993046265613,12.849750280380247,100.50038128863729,6732.02490234375,3.815685215103119,4.459249973297119,793.4749908447266,1.7725000083446505,2671.967529296875,98.70518238236788,47.86838598557348,22.5631148771684,82.16657122156695,62.17204890933516,46.30804843408899,27.255248142595285,61.68996156374975,14.475249767303469,0.1292010024189949,0.0137049998156726,24.10316753387451,1.008646473288536,1.33473002910614,1.0074058920145037,0.0088620076421648,22.084999799728397,42.89225037883124,52.46250057220459,0.3216722458600998,50.44479936748067,3.9,149809.0,232000.0,252.767,102.735,98.3,489113.0,1095.0,1317.0,14382.6,1.02,2.27,2.21,60.17,21974096.0,20304.874,17401962.5,15.285714285714286,12,4,2018,4160.55,4179.0,3222.0,3545.37,406435.817854,200855.63772,731690242.3146307,5642.446,4170.2533754865235,6473.852609886257
2018-12-10,20.052499771118164,39.49521677181377,44.0051349601269,0.7212411761283875,235.41500091552732,80.92262268066406,39.7649720209149,3336.0785522460938,87.32786178588867,60.55249977111816,0.0295162498950958,0.2139277532696724,2.756125032901764,0.0021100000594742,24227.66943359375,87.40284729003906,1.1334557831287384,3.7405792474746704,1.2604035437107086,1239.4249877929688,52.60038941973279,40.98493633106097,155.4322286468241,25.186108589172363,1.810000032186508,142.90646843022074,12.729750156402588,100.4674698997554,6647.9775390625,3.6798629110772554,4.026749908924103,788.1499938964844,1.455000013113022,2617.1424560546875,96.68386618699786,46.23399782837336,21.52312705420688,80.50823260653,60.36710408724485,45.28433153578074,26.98975369956712,60.968087622740825,14.558499574661257,0.1027849968522787,0.0131025000009685,24.373499870300293,1.008146971464157,1.335177481174469,1.004980593919754,0.0088288800325244,22.38499975204468,42.50567465100715,51.50500011444092,0.29364775121212,50.182204364509815,3.9,149809.0,208000.0,252.767,102.735,98.3,489113.0,1095.0,1317.0,14382.6,0.99,2.27,1.424,60.29,21974096.0,20304.874,17416612.5,14.142857142857142,12,4,2018,3548.49,3610.0,3156.26,3228.67,249791.790787,128558.200825,430325194.84914047,5303.786999999999,3864.9187477432206,6300.414818569854
2018-12-17,17.660000324249268,34.815129434116784,39.62269035209376,0.707728773355484,213.99750137329104,71.29237365722656,36.93730464695977,3862.3782958984375,176.43489837646484,55.40999984741211,0.0407672501169145,0.2940315008163452,2.6924999952316284,0.0024955000262707,22843.78955078125,119.99698257446288,1.1389911472797394,4.6305171847343445,1.2649873495101929,1252.625030517578,50.25225066223792,39.35836011250848,144.50453511737948,31.72138214111328,1.7599999606609344,129.2035663676169,11.902999877929688,94.25440156866884,6182.182495117188,3.3346955845374486,3.771499991416931,793.6749877929688,1.6724999845027924,2460.7300415039062,90.00494532730755,42.5330575891406,20.40178819745501,75.34081851676427,56.78627099264081,43.210636852777455,25.41470124919025,56.74464287458549,14.612250089645386,0.1207267548888921,0.0193472504615783,21.951833248138428,1.0155852288007736,1.3542750179767609,1.0074362754821775,0.0089575909078121,28.38500022888184,39.88374118502638,47.045000076293945,0.3557030037045479,47.675089293618015,3.9,149809.0,217000.0,252.767,102.735,98.3,489113.0,1095.0,1317.0,14382.6,1.05,2.27,0.415,57.59,21974096.0,20304.874,17423962.5,13.428571428571429,12,4,2018,3229.22,4139.99,3216.0,3929.71,489096.741158,251707.60083,950479898.4100616,5062.8240000000005,3874.7519341117963,5896.379037897057
2018-12-24,17.494999885559082,34.082001447796905,36.41258703652736,0.7047031223773956,219.8300018310547,72.20637512207031,36.82580266996772,3911.5824584960938,171.28345489501953,52.40999984741211,0.0430857511237263,0.296521745622158,2.6804999709129333,0.0024190000840462,22804.802734375,138.25942611694336,1.1428040564060211,5.220836758613586,1.27037051320076,1275.0500183105469,51.44466973987059,39.749936134419976,144.8540963723983,32.16082048416138,1.580000013113022,130.71891361126336,12.438249826431274,93.39607129472458,6213.5050048828125,3.2802671647231385,3.432500004768372,791.8249816894531,1.527500003576279,2459.58251953125,91.23914242994596,42.02870482591705,20.604215476836533,75.88509918647563,56.67635010423319,43.62821097152958,24.95627935477075,57.150999450580926,15.169750213623049,0.121467251330614,0.0204279995523393,21.63450002670288,1.0209897458553314,1.3634024858474731,1.014682114124298,0.0090549951419234,30.077500343322757,40.80553934302242,45.005001068115234,0.3809802606701851,48.1709343370492,3.9,149809.0,228000.0,252.767,102.735,98.3,489113.0,1095.0,1317.0,14382.6,0.99,2.27,7.96,51.93,21974096.0,20304.874,17438575.0,27.142857142857142,12,4,2018,3929.71,4198.0,3535.0,3801.91,332161.255442,170607.638623,650229120.2697738,4784.004,3859.916277424943,5196.028752033301
2018-12-31,18.50250005722046,36.49126387461962,41.17308040851181,0.7070097327232361,223.7949981689453,77.57137489318848,35.65168212931622,3988.4484252929688,164.52704620361328,56.230000495910645,0.0471167499199509,0.3822652474045753,2.631375014781952,0.0023470000596717,23255.8427734375,152.20917129516602,1.1415362656116486,5.373571872711182,1.2698714137077332,1283.7249755859375,52.97808787664792,40.10495620319315,148.62059556011474,37.18029308319092,1.570000022649765,134.9788411314573,12.93624997138977,94.9058065246916,6357.4849853515625,3.3385392081924508,3.02649998664856,813.5500030517578,1.625,2511.477478027344,94.27705441837293,43.9803782579441,21.2900667176428,76.83154803364708,58.00244884538522,44.75547009354295,24.956277303319776,57.482909442643006,15.626499891281128,0.1186295002698898,0.0220887497998774,21.19949960708618,1.0197057723999023,1.341767519712448,1.0145811438560486,0.0092116820160299,23.11999988555908,40.956712483391314,47.37249946594238,0.3663032501935959,48.46384887036968,3.9,149809.0,238000.0,252.767,102.735,98.3,489113.0,1095.0,1317.0,14382.6,0.98,2.27,41.848,50.57,21974096.0,20304.874,17453250.0,26.0,12,4,2018,3803.12,4027.71,3630.33,3987.6,214860.906242,111418.739855,422523453.01183784,4533.771,3880.852885656335,4408.4782043907435
2019-01-07,20.22000026702881,39.50788756780118,44.29359312707339,0.7196134030818939,235.4275016784668,81.83650016784668,36.076841689190886,3689.963623046875,136.22500801086426,60.13500022888184,0.0437312498688697,0.426021009683609,2.6637500524520874,0.0021515000844374,23844.5498046875,127.08300018310548,1.1479682624340055,4.547083020210266,1.2818451821804049,1285.8999633789062,53.22950960924652,41.71861636269046,153.43729851248773,32.9360408782959,1.629999965429306,141.55039568053513,13.288749933242798,96.7612684305184,6561.7099609375,3.619297302809082,3.068499982357025,816.1000061035156,1.641750007867813,2578.7250366210938,97.96311485534594,45.85560490396432,21.58874018207343,78.50639573252765,60.3624692217054,45.79685352441551,25.778386922667348,59.35427180469526,15.616249799728394,0.109910000115633,0.0244712498970329,22.67799997329712,1.0246667861938477,1.3271050155162811,1.0191032588481903,0.0092180334031581,19.32500028610229,43.07906018353854,51.15000057220459,0.3336932435631752,50.9903831036199,4.0,150059.0,225000.0,252.561,102.87,91.2,490440.0,1226.0,1261.0,14446.1,0.92,2.4,2.786,57.1,22027880.0,20431.641,17468000.0,34.42857142857143,1,1,2019,3987.62,4069.8,3441.3,3476.81,245887.277948,124970.359508,471682333.5219489,4232.867,3805.5116274759584,3863.738615968785
2019-01-14,20.40250015258789,40.90648067599056,46.07514115074139,0.71885085105896,244.41499710083008,83.79687309265137,37.01482251844574,3628.2114868164062,126.86268997192384,61.82500076293945,0.0433997493237257,0.4905180111527443,2.714624941349029,0.0021290000295266,24482.0400390625,121.69348907470705,1.139844536781311,4.321314692497253,1.2879471480846405,1284.4500427246094,54.50379537139551,42.099431584688105,157.30323859992325,31.50427770614624,1.530000001192093,147.74865099487076,13.445499897003174,99.84663563312792,6724.5224609375,3.828641375845804,3.471750020980835,799.7499847412109,1.6225000023841858,2646.824951171875,99.95698325327729,47.14180493410751,22.62414569563302,80.28466120850736,62.4797530006872,46.67311694399761,26.399038839008256,60.94553167583323,15.393749952316284,0.1057952512055635,0.0238450006581842,20.93750047683716,1.017953246831894,1.327637493610382,1.0083947479724884,0.0091707308311015,18.25999975204468,43.74206706111376,52.97499942779541,0.3244762569665909,51.74224566245588,4.0,150059.0,218000.0,252.561,102.87,91.2,490440.0,1226.0,1261.0,14446.1,0.9,2.4,1.205,58.8,22027880.0,20431.641,17475400.0,28.0,1,1,2019,3477.56,3720.0,3467.02,3539.28,199395.792965,103959.69592,373598006.9521006,3941.814,3759.016433477069,3669.1358800709036
2019-01-21,21.360000133514404,40.53754321485988,46.46727316715213,0.7160796076059341,244.66500091552732,82.93525314331055,37.28972201190879,3590.646545410156,124.82992935180664,61.65499973297119,0.0418362505733966,0.4657692462205887,2.7213749289512634,0.0020615000394172,24644.71484375,114.98282623291016,1.138035386800766,4.278271436691284,1.310917615890503,1292.6750183105469,54.4142221073624,40.851531185275306,157.5817705827938,32.36508893966675,1.5600000023841858,147.32317899970985,13.848249912261965,100.43453400294898,6740.052612304688,3.897574948007912,3.168500006198883,807.1499938964844,1.7699999809265137,2653.6900024414062,100.3293566430856,46.69070207962192,22.92282167109918,80.09581810427927,62.612362571137865,46.57624406464835,26.81009445784793,61.60934209737799,15.51425004005432,0.0982707496732473,0.0282385000027716,19.68933391571045,1.011075735092163,1.3321999907493591,1.005701869726181,0.0091255086008459,18.542500019073486,45.23354911049772,53.35499954223633,0.3124592527747154,53.37985640662931,4.0,150059.0,214000.0,252.561,102.87,91.2,490440.0,1226.0,1261.0,14446.1,0.96,2.4,13.165,62.18,22027880.0,20431.641,17490075.0,29.142857142857142,1,1,2019,3539.26,3662.94,3434.85,3550.84,154566.450861,81698.386968,290345796.5722132,3730.6979999999994,3730.7612913657113,3581.6688596526305
2019-01-28,23.302499771118164,41.20066813596662,47.04287127409015,0.7235991805791855,245.7675018310547,82.24487686157227,39.09949869845722,3478.8994140625,117.19496154785156,61.46499919891357,0.0386049998924136,0.4032125025987625,2.758875072002411,0.0019314999808557,24911.2177734375,108.00250816345216,1.145564079284668,3.986822545528412,1.3109920024871826,1314.4000244140625,55.20680747349368,41.43030554683513,159.6491479404955,32.97105121612549,1.4000000059604645,160.87431325036192,13.041499853134155,97.40798312703932,6825.199951171875,3.5164536127420525,2.7952499985694885,819.4749908447266,1.7999999523162842,2688.4450073242188,101.0128425583198,47.84454802307643,23.00468701495013,80.92089168154237,64.04635256312329,47.12445915285722,27.60777776238117,62.28963521847087,15.87374997138977,0.0849272515624761,0.0261055002920329,20.47116613388061,1.0029872357845306,1.3138149678707125,1.004868894815445,0.0091493863146752,17.19499969482422,46.07035265766875,54.3774995803833,0.3061067536473274,54.19984577634824,4.0,150059.0,234000.0,252.561,102.87,91.2,490440.0,1226.0,1261.0,14446.1,0.97,2.4,1.265,59.71,22027880.0,20431.641,17504775.0,35.285714285714285,1,1,2019,3550.05,3557.75,3349.92,3458.11,186574.105423,97908.231382,337075608.1135758,3667.9309999999996,3719.3571133049204,3713.612929428001
2019-02-04,23.25749969482422,41.58528113034741,47.685466210304135,0.7139975130558014,255.15499877929688,80.19325065612793,40.76736189415587,3616.7535400390634,124.55912590026855,62.109999656677246,0.0411785012111067,0.4431212469935417,2.80649995803833,0.0019307500333525,25133.6845703125,119.35029029846191,1.1364598274230957,4.058846473693848,1.296477735042572,1311.9249572753906,55.389559577542265,42.258646787868905,162.09353484791492,43.32309055328369,1.9599999487400053,166.90088035428877,13.035000085830688,99.09410995382648,6924.4749755859375,3.695112796127964,2.611999988555908,802.6499938964844,2.24849995970726,2709.1424560546875,101.30271596810633,47.16044463210896,22.76795314079529,81.00406005681751,65.57249044252364,46.53661925219204,28.002560581170385,63.8902845452247,15.75974988937378,0.0792322512716054,0.0263510006479918,20.572333335876465,1.0020202547311785,1.325832486152649,1.0008388608694077,0.0091100623831152,16.09249997138977,47.21543761574746,53.2475004196167,0.3063112422823906,55.6001701661349,3.8,150065.0,232000.0,253.319,102.963,93.8,491751.0,1121.0,1287.0,14481.2,0.86,2.4,4.515,62.26,22027880.0,20431.641,17519437.5,21.571428571428573,2,1,2019,3458.11,3733.58,3373.1,3680.06,198350.673988,105210.165813,369766481.672234,3619.8360000000002,3718.2708307447665,3835.7971197371976
2019-02-11,23.5,43.09263401987507,48.649833395339385,0.7122337073087692,259.6125030517578,80.72850036621094,40.87631935089326,3662.7457885742183,124.15479850769044,64.95000076293945,0.041474500671029,0.451893001794815,2.7961249947547917,0.0019625000131782,25664.830078125,130.31446838378906,1.1293826401233673,4.142053723335266,1.288129985332489,1314.1499938964844,55.75978478780951,44.076794886339215,164.34105670446976,44.00140571594238,2.1700000166893005,162.7828211071883,13.949749946594238,101.05305573132183,7019.53759765625,3.8623650557071576,2.634249985218048,798.2250213623047,2.352500021457672,2757.6625366210938,103.12690631545144,48.62744981045751,23.210442965269596,82.77105810171864,67.50095241526991,47.5802082838008,28.34706472061745,65.14022494234158,15.675249814987184,0.0788799989968538,0.0242932494729757,20.589333534240723,1.0017237812280655,1.3255275189876556,0.99534572660923,0.0090524400584399,15.47000002861023,48.39148135210867,54.56999969482422,0.304324246942997,57.03025619562682,3.8,150065.0,226000.0,253.319,102.963,93.8,491751.0,1121.0,1287.0,14481.2,0.83,2.4,2.006,61.3,22027880.0,20431.641,17526762.5,31.142857142857142,2,1,2019,3679.75,3700.11,3568.11,3667.58,167995.805139,86820.014036,314505971.7625756,3632.057,3717.7907161237704,3739.940780795997
2019-02-18,24.1850004196167,43.863788754149,49.32196561851106,0.7136601507663727,258.4774932861328,81.23275184631348,41.246422312553065,3875.3697509765625,135.78724098205566,66.88750267028809,0.0441880002617836,0.427177757024765,2.930624961853028,0.0020104999421164,25969.68310546875,142.5642204284668,1.1333152651786804,4.381056189537048,1.302408516407013,1330.7249755859375,55.50998455211039,45.25682535902951,165.57764998555297,46.6072940826416,2.8700000643730164,161.12062949988842,14.412750244140623,103.33887218951682,7069.802368164063,3.935328475792448,2.689999997615814,835.9750061035156,3.759999990463257,2786.0224609375,104.40428087784956,49.1698873218992,23.411774221331918,83.04311363323698,68.30338209228232,48.85277985275326,28.460416751377323,66.19948527434411,15.940999984741213,0.0861357506364584,0.0244015003554523,19.85766649246216,1.0174222439527512,1.3169950246810913,0.998786985874176,0.009033894399181,14.172500133514404,49.37707136112687,56.90499973297119,0.3114732578396797,57.92307898860719,3.8,150065.0,211000.0,253.319,102.963,93.8,491751.0,1121.0,1287.0,14481.2,0.8,2.4,5.271,66.41,22027880.0,20431.641,17541437.5,45.85714285714285,2,1,2019,3667.62,4198.0,3655.0,3743.56,301384.22226,158582.458938,621066468.496934,3683.5460000000007,3719.0305226590904,3629.127302923242
2019-02-25,23.9975004196167,44.91900065108506,49.74099967111805,0.710944414138794,262.6575012207031,82.91024971008301,41.83270079906761,3848.779418945313,133.1296348571777,65.48749923706055,0.0428222492337226,0.4328040033578872,2.9426249861717224,0.0019945000531151,26042.8251953125,134.58831787109375,1.137952208518982,4.292413234710693,1.3207009732723236,1303.3250122070312,56.650901691053065,46.07311148519064,166.9294932492341,47.70357418060303,2.620000004768372,162.03883553704733,14.264999866485596,106.08285493647084,7127.569946289063,3.913445775937185,2.8395000100135803,861.6749877929688,3.365000009536743,2798.999938964844,104.59987873400904,49.27241320266743,23.602044043796667,83.33533793442372,69.98459459988248,48.66783685407975,28.24368925968943,66.97864121933371,15.340749740600586,0.086835753172636,0.0231600003316998,19.97249937057495,1.0119887590408323,1.3248849511146543,1.0020604133605957,0.0089658722281456,14.179999828338625,49.64251233383118,56.125,0.3159177526831627,58.0805034155434,3.8,150065.0,221000.0,253.319,102.963,93.8,491751.0,1121.0,1287.0,14481.2,0.75,2.4,1.375,64.02,22027880.0,20431.641,17556112.5,60.42857142857143,2,1,2019,3743.56,3888.0,3677.17,3807.75,190343.246726,100202.783902,382423582.1504192,3671.35,3720.271970975633,3522.099578739775
2019-03-04,22.297500133514404,43.486650299164005,48.07928389606491,0.7049519866704941,256.39500427246094,81.71999931335449,41.50512340253855,3906.046813964844,131.3278865814209,65.61999893188477,0.0445442488417029,0.4876015037298202,2.903875052928925,0.0019935000455006,25577.23046875,134.944486618042,1.1260835826396942,4.333655118942261,1.3074174225330353,1293.1000061035156,57.308879872123626,45.63357058722377,165.0733677572529,54.87571239471436,2.5300000309944157,168.35653824976566,13.852499961853027,104.63985365092056,7044.510009765625,3.754335335728619,2.859499990940094,821.5500030517578,3.4800000190734863,2756.322509765625,102.8157861508207,48.08501466255982,23.13300770608679,81.12995001250391,67.26046599447298,48.21650060803055,28.31288550707941,65.9758878139065,15.184000253677368,0.0958442483097314,0.0228080004453659,18.95633316040039,1.0098824799060822,1.3391824960708618,0.9936299324035645,0.0089833023957908,15.952499628067017,48.355774892982645,55.96249961853027,0.3124310076236725,56.563472867486986,3.8,150295.0,216000.0,254.277,103.058,98.4,499292.0,1191.0,1305.0,14526.2,0.78,2.41,2.917,64.44,22027880.0,20431.641,17570762.5,40.142857142857146,3,1,2019,3807.32,3971.75,3670.69,3916.82,207833.42997,109422.648077,421085582.83566606,3682.8410000000003,3722.9116109185425,3542.945755859517
2019-03-11,23.17750024795532,44.909117861320446,49.27514117410509,0.7068939656019211,259.0024948120117,84.6191234588623,44.011350283989934,3997.7633666992183,150.19265747070312,67.0250015258789,0.0493172500282526,0.4858374893665313,2.909500062465668,0.0020519999961834,25708.412109375,138.87592315673828,1.131512701511383,4.442082762718201,1.3232929706573486,1299.9750366210938,58.95924325376803,46.75080050482147,169.86615182326634,59.51916408538818,2.4200000166893005,166.4082299338824,14.601500034332275,108.65001252088538,7248.710083007812,4.100852874185532,2.7997500896453857,829.1499938964844,3.600499987602234,2805.8250122070312,103.9800393824325,48.78402752557975,23.440533282364004,82.20678506573586,66.5749481979563,48.881402393598606,28.83118346995744,68.11325227156497,15.254000186920166,0.1070129983127117,0.0229467502795159,18.677499771118164,1.0092087388038635,1.33439502120018,0.9962520599365234,0.0089631008449941,13.672500133514404,50.09959589103693,57.98750019073486,0.3162932470440864,58.7407165693528,3.8,150295.0,218000.0,254.277,103.058,98.4,499292.0,1191.0,1305.0,14526.2,0.73,2.41,0.019,65.06,22027880.0,20431.641,17578112.5,50.42857142857143,3,1,2019,3915.99,4056.98,3810.43,3981.14,185620.344813,97860.697076,382600175.7253476,3682.1950000000006,3724.094802220706,3573.84604146366
2019-03-18,25.972500801086422,44.92141197936287,49.72586817201476,0.7101129591464996,259.4775047302246,88.32400131225586,45.78397166893265,4036.7119140625,163.1209373474121,67.24249839782715,0.0594507493078708,0.4640577584505081,2.86362498998642,0.0020600000279955,25653.9423828125,138.02412033081055,1.1329635083675385,4.76430881023407,1.3203194439411163,1308.0249938964844,60.12778625591535,46.49097307503877,172.29373043342724,60.44694995880127,2.35999995470047,163.0764148616611,14.544250249862673,111.22898870124124,7362.845092773437,4.392636366632564,2.781000018119812,846.6750030517578,3.660000085830689,2815.5499877929688,105.94768141818687,49.51795099333791,22.906426441503594,82.2895536103807,66.46587280423066,48.44687579485096,29.236219809982707,69.59434742705109,15.357500314712524,0.1088232509791851,0.0233855005353689,17.842832565307617,1.0085960030555725,1.3357325196266174,1.0056031346321106,0.0090652529615908,15.712499856948853,51.11256728456623,59.13000011444092,0.3117505013942718,59.96951993037754,3.8,150295.0,212000.0,254.277,103.058,98.4,499292.0,1191.0,1305.0,14526.2,0.64,2.41,3.169,66.65,22027880.0,20431.641,17592812.5,55.42857142857143,3,1,2019,3981.85,4069.32,3880.01,3992.18,156283.263483,82285.46168,328906486.03261286,3733.732,3789.0128603606086,3633.8637096635684
2019-03-25,25.644999980926517,44.66147256382462,49.38800234315262,0.7097111493349075,264.45499420166016,88.91187286376953,45.355195210082734,4110.41162109375,167.90280151367188,68.00749969482422,0.0676845014095306,0.5002989992499352,2.9103750586509705,0.0020880000083707,25794.73486328125,141.53289794921875,1.125217318534851,4.840250611305237,1.3082972466945648,1298.75,58.80199567578487,46.29611217404205,172.3835624368378,60.98868560791016,2.1099999845027924,165.42784242586296,14.444000005722046,111.0258904172964,7356.714965820312,4.418200512833226,2.6874999403953552,848.9000244140625,3.2425000071525574,2822.4624633789062,107.14667473373608,49.62127624247661,22.76633711541025,82.39108746937332,67.35201705732322,48.78296553320205,29.551594848870185,69.53531372326668,15.136250257492064,0.1066315025091171,0.0233754995279014,18.241833686828613,1.0119482427835464,1.3370024859905243,1.0056771636009216,0.009041678160429,14.727500200271606,50.45431726993551,59.79499912261963,0.3110572472214699,59.36704078450756,3.8,150295.0,210000.0,254.277,103.058,98.4,499292.0,1191.0,1305.0,14526.2,0.55,2.41,0.129,67.37,22027880.0,20431.641,17607512.5,52.71428571428572,3,1,2019,3991.35,4140.0,3888.71,4103.95,178114.875049,95038.232634,381686902.03996086,3790.1989999999996,3868.7568860957836,3715.691865492429
2019-04-01,28.43499994277954,46.77455582400442,51.160179632701954,0.710176020860672,268.2000045776367,91.39837455749512,46.67987427913594,4950.424682617188,287.2876205444336,69.67249870300293,0.0874862503260374,0.5655722469091415,2.9054999351501465,0.0032524999696761,26352.31005859375,167.0307273864746,1.122691988945007,7.014777660369873,1.306996375322342,1289.0500183105469,60.08598528536638,47.94599240022342,176.80978553591268,85.63347148895264,2.619999945163727,173.3629444650171,14.617000102996826,112.96246269553694,7542.452392578125,4.6784615419502416,2.6732500195503235,887.6999969482422,4.358000040054321,2881.8374633789062,110.45509882496356,50.44600908394905,23.52906230557481,82.87848424592116,69.3865570835739,50.74870880658629,29.768945097603364,71.41273755040461,15.040250062942505,0.1250444985926151,0.0276632499881088,18.44466733932495,1.0099200010299685,1.33559250831604,1.001509502530098,0.0089688110165297,13.019999980926514,52.996845071190464,62.407501220703125,0.3506715074181556,62.34809355701249,3.7,150593.0,203000.0,255.233,103.265,97.2,499343.0,1272.0,1311.0,14554.5,0.59,2.42,0.011,69.08,22023283.0,20602.275,17622175.0,51.57142857142857,4,2,2019,4102.44,5275.01,4067.0,5170.27,420989.968738,218356.595057,1061192535.290974,3952.142,4333.286307281513,3769.8544837452237
2019-04-08,27.96000051498413,46.80710386770484,51.28192735869099,0.7157271504402161,270.4824981689453,92.0540008544922,47.717097024471016,5178.237060546875,290.8068313598633,71.31500244140625,0.0848484989255666,0.5266817435622215,2.9330000281333923,0.0029815000598318,26330.9677734375,170.27115631103516,1.129566878080368,6.690768480300903,1.3082073032855988,1294.7249755859375,60.54665724179228,48.55007014182394,178.30840838693825,84.03488159179688,3.185000002384186,177.17995913776286,14.897749900817873,113.70642848776428,7605.809936523437,4.722705969969643,2.6750000715255737,896.0749969482422,4.632500052452087,2899.6724853515625,111.56894786271224,50.79544864853525,23.991593055090014,81.53811683940198,69.40010483506963,51.19535270944347,29.941477038408514,72.22746461641306,14.981000185012816,0.1200940012931823,0.0278550004586577,18.03599977493286,1.008314996957779,1.3336225152015686,0.9984611868858336,0.0089497803710401,12.59000015258789,53.89911493561667,63.92500019073486,0.3364552482962608,63.452215353378726,3.7,150593.0,196000.0,255.233,103.265,97.2,499343.0,1272.0,1311.0,14554.5,0.61,2.42,0.284,71.12,22023283.0,20602.275,17629550.0,64.28571428571429,4,2,2019,5170.27,5422.0,4861.22,5131.3,247866.407405,125805.460334,645400980.7343466,4119.461,4651.810578767143,3847.7713670890676
2019-04-15,27.647500038146973,45.64795419297533,50.711132982899166,0.7160597741603851,270.3725051879883,92.73437690734865,48.50039617955644,5253.26416015625,298.7853698730469,71.73750114440918,0.0764587502926588,0.5045827627182007,2.940375030040741,0.0028005000203847,26509.4794921875,169.08864974975586,1.1263180375099182,6.036004424095154,1.3025639653205872,1275.3000183105469,61.498975297782025,50.3385303797518,179.77340634465926,78.38286972045898,3.1674999594688416,177.70497973290688,14.722999811172484,115.8083056356842,7668.2625732421875,4.630305497856352,2.527750015258789,894.8999938964844,5.192500114440918,2904.989990234375,112.60001662820258,50.64139676886668,24.24954806376569,78.4174024885217,70.48069158986475,51.22411206643769,29.24154291191212,73.17208167565023,14.928000211715698,0.1135974992066621,0.0254945000633597,18.0024995803833,1.0064290016889572,1.3357074856758118,0.9889600723981856,0.0089302186388522,12.087500095367432,55.553666617505456,63.90000057220459,0.3270692452788353,65.83092340940871,3.7,150593.0,197000.0,255.233,103.265,97.2,499343.0,1272.0,1311.0,14554.5,0.61,2.42,0.018,70.9,22023283.0,20602.275,17644162.5,58.0,4,2,2019,5131.28,5333.42,4950.0,5256.14,168555.911745,87318.997448,453504194.8054004,4277.069,4891.488145131436,3926.5874371943282
2019-04-22,27.917499542236328,46.01231680534078,51.05692124927065,0.7055170983076096,278.7799987792969,96.22375106811523,49.05854120997502,5347.4228515625,267.7572250366211,72.79500007629395,0.0710990000516176,0.4601822420954704,2.946250021457672,0.0025927500100806,26523.22509765625,160.88165283203125,1.1178859770298004,5.648602604866028,1.2929987609386444,1280.1750183105469,63.03762083922147,46.696678972497565,182.5686337765655,71.99885368347168,2.965000033378601,189.0365616492505,14.841500282287598,121.32527194407204,7789.80517578125,4.482180638003964,2.537749946117401,897.0500183105469,5.424749970436096,2928.997436523437,113.67366092531375,50.13979172698132,24.51861195937587,79.55695699357206,70.2094192996712,50.50990130099768,29.229265066531696,74.14504830221203,14.94474983215332,0.1023300010710954,0.0237752506509423,16.18483304977417,0.995333731174469,1.3453800082206726,0.9812455475330352,0.0089528826065361,12.959999799728394,55.44772529250988,63.869998931884766,0.3029217422008514,66.28955711591634,3.7,150593.0,222000.0,255.233,103.265,97.2,499343.0,1272.0,1311.0,14554.5,0.64,2.42,1.117,70.71,22023283.0,20602.275,17658875.0,60.142857142857146,4,2,2019,5257.41,5600.0,5102.0,5307.52,247392.823904,122046.098883,655730729.8508624,4441.063,5061.547325904061,4022.4897524058397
2019-04-29,28.049999713897705,46.131918379437415,51.68606802465215,0.7011458575725555,285.25498962402344,97.1398754119873,50.1796129324992,5673.6995849609375,283.1160583496094,71.14499855041504,0.0671124998480081,0.4911292493343353,2.836750030517578,0.002632999967318,26469.912109375,162.68346405029297,1.1204338073730469,5.784289717674255,1.3107722401618958,1277.4749755859375,60.14246045254821,44.61375708347099,182.919864119718,75.31359481811523,2.965000033378601,193.6075104838576,14.342749834060667,121.39609411742065,7803.9625244140625,4.507622776767578,2.576499938964844,872.9749908447266,4.767500042915344,2936.4774169921875,113.2243476455124,48.65377189467293,24.883301300245755,81.00332933199529,70.55527594447494,50.10525490599363,29.58537022701961,74.40244459193715,14.843499660491943,0.0994282495230436,0.0235145003534853,16.63616681098938,1.0028604865074158,1.3448775112628937,0.9832460284233092,0.0089698561932891,13.577499866485596,55.67031782348489,62.39499950408936,0.3029982447624206,66.79683996304973,3.7,150593.0,224000.0,255.233,103.265,97.2,499343.0,1272.0,1311.0,14554.5,0.58,2.42,0.615,71.22,22023283.0,20602.275,17666212.5,50.85714285714285,4,2,2019,5309.81,5900.0,5178.8,5775.62,191971.589975,101647.467454,566499085.9991745,4644.269,5358.089242970906,4194.976595901337
2019-05-06,27.512499809265137,44.9105643026745,50.49500987321287,0.6996598392724991,277.87500762939453,94.9370002746582,47.66738911309276,6775.57568359375,340.4318313598633,70.44750213623047,0.0694275014102459,0.6348219811916351,2.792625069618225,0.0026497500366531,25957.716796875,184.5263671875,1.1225501000881195,5.877326726913452,1.3028179109096527,1284.1749877929688,58.18531834414652,40.87447861957018,178.30601251379812,84.00017547607422,2.8850000500679016,188.0014600946439,13.903499841690063,119.59410371603498,7601.08740234375,4.232036197607199,2.599749982357025,862.7750091552734,4.104499936103821,2881.37744140625,110.97299659844754,47.99435534838518,24.425218768179544,80.25871162562463,68.92992641795365,48.676841528467136,29.433913935717857,72.04564001612783,14.765499830245972,0.0980335008352994,0.0240865005180239,16.22350025177002,0.9992390125989914,1.3453474640846252,0.986321583390236,0.0090903977397829,17.08750033378601,52.92305098594465,61.577500343322754,0.3126465007662773,63.52289398710763,3.6,150621.0,225000.0,255.296,103.371,100.0,504741.0,1293.0,1347.0,14652.4,0.6,2.39,0.067,71.95,22023283.0,20602.275,17680912.5,56.57142857142857,5,2,2019,5773.18,7521.78,5619.14,6967.31,313283.869612,161392.340308,1052057366.9745364,4960.225,6042.533074514971,4515.355322013213
2019-05-13,27.3899998664856,42.69547766332086,49.205740139356976,0.6909016668796539,278.19750213623047,93.39074897766112,45.28698916813863,7903.621337890625,406.8754806518554,71.875,0.0859809983521699,0.917066752910614,2.7496249079704285,0.003131499979645,25677.03515625,245.8211898803711,1.1189663112163544,7.464538335800171,1.2799410820007324,1280.8999938964844,57.88724333422337,39.305790172385,175.65511490651474,95.2869472503662,3.162500023841858,183.45538363411984,13.676500082015991,120.36167044050724,7484.507568359375,3.924553125311925,2.6295000314712524,827.9250183105469,4.230000138282776,2853.1599731445312,109.43114312666786,47.86660357677165,23.902646161442394,79.67652580252627,67.62554306873241,48.1925769484022,29.863699390256272,70.94044265054501,14.451499938964844,0.1350130010396242,0.0288767502643167,14.424667119979858,1.0037032514810562,1.345885008573532,0.9905400574207306,0.0091136388946324,17.024999856948853,50.65309896814316,62.44999885559082,0.4046132490038872,60.52143560513535,3.6,150621.0,212000.0,255.296,103.371,100.0,504741.0,1293.0,1347.0,14652.4,0.55,2.39,0.111,72.35,22023283.0,20602.275,17695587.5,71.57142857142857,5,2,2019,6968.24,8366.0,6870.0,8148.48,461287.694139,239183.088298,1843817300.2739549,5383.391,6948.180840991287,4912.3062848235995
2019-05-20,26.62500047683716,40.96917694040744,47.49743986500802,0.6914646476507187,275.99249267578125,91.6219997406006,43.50934119110804,8391.787231445312,419.4248123168945,69.44250106811523,0.0833025015890598,1.1484587490558624,2.705000042915344,0.0030412500491365,25599.4345703125,259.2747268676758,1.11843803524971,7.475812315940857,1.270804584026337,1280.7000122070312,56.90494551844788,38.56947585127394,172.1863486331329,105.18513488769533,2.975000023841858,181.2781493247136,13.507499933242798,119.81637701260875,7334.0224609375,3.66671410257461,2.608500063419342,802.7749938964844,3.9175000190734863,2831.6224975585938,107.7851799400117,46.77133347229257,23.867066244110124,80.54979173731809,67.01520515616428,47.67958922063988,29.96397808105082,69.56129428778218,14.48550009727478,0.1319495011121034,0.0302227498032152,12.914666891098022,1.0087815076112747,1.3441775143146515,0.9960496872663498,0.0091225209180265,16.042500019073486,48.0962833822588,59.60000133514404,0.4002717435359955,56.72290945213219,3.6,150621.0,215000.0,255.296,103.371,100.0,504741.0,1293.0,1347.0,14652.4,0.6,2.39,8.105,73.21,22023283.0,20602.275,17710275.0,72.14285714285714,5,2,2019,8147.94,8740.0,7461.0,8614.43,341677.39881,178794.67382,1416599106.0840995,5846.719999999999,7666.76992285429,5221.989765242667
2019-05-27,27.887499809265137,39.71888267139894,46.218256681674426,0.6914357393980026,273.0,89.65137672424316,42.42543707199383,8666.6953125,445.05372619628906,65.99499893188477,0.0931047517806291,1.0767900049686432,2.662499964237213,0.0033667500247247,25039.3046875,268.7503204345703,1.1184190213680267,9.042186617851256,1.2646696865558624,1297.9750366210938,55.64446614700287,38.43005171874838,168.7319921011471,113.84892845153809,2.8299999833106995,178.36188724607683,13.34600019454956,118.2092180156052,7186.0450439453125,3.434689818529362,2.4987499713897705,792.1499938964844,3.392500042915344,2773.7875366210938,105.68283232630276,44.72735810242477,23.320031505343987,79.31774242819998,65.61136636859656,46.87030330567314,29.82522650610105,68.39943287584933,14.461249828338625,0.136192750185728,0.037052750121802,12.490333080291748,1.006935492157936,1.3510024845600128,0.99794602394104,0.0091555840335786,18.25999927520752,46.9690430416036,54.9375,0.4415122494101524,55.65802684778226,3.6,150621.0,222000.0,255.296,103.371,100.0,504741.0,1293.0,1347.0,14652.4,0.56,2.39,5.956,67.98,22023283.0,20602.275,17724900.0,67.42857142857143,5,2,2019,8612.54,9074.26,8005.0,8725.98,292049.043812,151337.375247,1300617022.723026,6320.1,8123.855957885649,5362.56014679954
2019-06-03,31.177499771118164,40.89924440893243,46.583255364632585,0.6975249797105789,274.0374984741211,88.5788745880127,44.63591903751138,7921.035766601562,394.5077819824219,62.40250110626221,0.0837282501161098,1.0608242601156237,2.635625004768372,0.0031029999372549,25680.2998046875,241.44123458862305,1.129909873008728,8.346152663230896,1.2714186310768127,1334.2749633789062,52.71298090738022,39.5127468713568,171.5440392709882,112.54965209960938,2.232500046491623,169.84700874464568,13.544999837875366,121.85494442503496,7304.312622070312,3.5441628016214173,2.363499939441681,807.3749847412109,2.790000021457672,2840.1150512695312,108.10204761120788,45.704251589164144,23.889309191726,81.35985326721155,67.67755859429339,49.87307276843991,30.41627130366257,70.64998720274664,14.954000234603882,0.1244537495076656,0.0322057497687637,13.283166408538818,1.0020697712898254,1.337252497673035,1.0101299285888672,0.0092308698222041,16.919999599456787,48.8259494949849,53.30250072479248,0.4040194973349571,58.14353522992067,3.6,150839.0,223000.0,255.213,103.56,98.2,505251.0,1243.0,1315.0,14771.4,0.34,2.38,1.255,63.16,22023283.0,20602.275,17732275.0,66.71428571428571,6,2,2019,8726.0,8800.95,7444.58,7628.13,293308.709696,149688.738496,1184496681.3057811,6672.518000000001,8031.969817584306,5709.164671151015
2019-06-10,31.26000022888184,41.779397346935234,47.80312939141086,0.6904967427253723,276.3925018310547,93.13799858093262,46.44422553976898,8727.893676757812,418.2305068969727,61.92999839782715,0.0899950005114078,1.586920976638794,2.6483750343322754,0.0031750000198371,26096.63720703125,261.4828414916992,1.1259004771709442,8.557739973068237,1.263464272022247,1338.6749877929688,54.06911850470315,40.35580605470144,176.23482943021884,132.5302028656006,2.259999990463257,178.5037114669594,13.48199987411499,125.59788560453929,7502.1649169921875,3.6311389885307657,2.375,805.6749877929688,2.665000021457672,2889.8125,111.65644461977806,45.97478017121726,24.25844451461098,82.44295847328789,68.3466866689069,51.17104058067268,30.780768239647024,72.2156628231871,14.759999752044678,0.1274674981832504,0.0323032494634389,14.345499992370604,1.004991993308067,1.3337650299072266,1.0035609602928162,0.0092149961274117,15.617500066757202,49.52943406302198,52.64499950408936,0.4194482564926147,58.91469363712207,3.6,150839.0,226000.0,255.213,103.56,98.2,505251.0,1243.0,1315.0,14771.4,0.42,2.38,2.105,64.31,22023283.0,20602.275,17746950.0,42.85714285714285,6,2,2019,7627.57,9333.0,7511.0,8953.33,274072.058371,146184.888553,1222114795.747996,7050.823999999999,8210.8513203943,6344.733495503163
2019-06-17,29.632500171661377,43.41768427033895,49.182689846091776,0.690401554107666,294.32249450683594,95.4156265258789,47.52692564032687,10486.45263671875,469.3588485717773,64.0999984741211,0.0952477511018514,1.8131465017795565,2.695500075817108,0.0032997500384226,26598.85791015625,299.341423034668,1.1343364119529724,9.11676788330078,1.2684104144573212,1383.3499755859375,55.550788706456174,41.12262628703769,180.35549192570016,137.48654174804688,2.2425000071525574,189.41229551173885,14.441499948501589,128.99947099520125,7680.5648193359375,3.7555148537000695,2.237250030040741,807.1000061035156,2.752499997615814,2938.0924682617188,113.09425941214148,47.26730977150599,24.229524844869687,84.16692734103225,69.44080038186416,51.04943248092293,31.05480730513716,73.63965825384379,15.207249879837036,0.1275939997285604,0.036357250995934,14.878833293914797,1.0015937387943268,1.323737531900406,1.018968030810356,0.0092956973239779,15.00499987602234,50.62214896859392,56.08500003814697,0.4663882553577423,59.82645212668142,3.6,150839.0,217000.0,255.213,103.56,98.2,505251.0,1243.0,1315.0,14771.4,0.48,2.38,2.269,62.56,22023283.0,20602.275,17761587.5,70.0,6,2,2019,8953.0,11392.64,8950.0,10906.07,378253.003065,202221.605284,2010341662.0274785,7628.301000000001,8886.77777096088,7228.2575800836175
2019-06-24,30.13000059127808,45.40850983281224,49.50086441603457,0.6994718313217163,294.7199935913086,94.7067527770996,47.65436720550275,11480.6630859375,426.6182022094727,66.01500129699707,0.0883009992539882,3.3070559203624725,2.710749924182892,0.0032572499476373,26617.9404296875,305.3409729003906,1.1386069357395172,8.0638667345047,1.2710027992725372,1413.125,54.27625699559074,41.61277362310455,179.65792242518472,123.4632797241211,2.855000078678131,192.14194331935323,14.320000171661375,127.77870578993787,7668.252563476562,4.004329759116454,2.293750047683716,828.7999877929688,3.2575000524520874,2937.857482910156,112.87906111626744,48.11015116291321,24.538490078641452,83.96404172225992,70.06521294944193,51.83298083649524,30.47809665243688,73.87616072917685,15.248500108718872,0.1109832506626844,0.0335145001299679,14.858333349227903,0.9919859915971756,1.311614990234375,1.024793654680252,0.0092932372353971,15.480000019073486,52.06125465966743,58.40500068664551,0.4206297472119331,61.9781650038021,3.6,150839.0,234000.0,255.213,103.56,98.2,505251.0,1243.0,1315.0,14771.4,0.31,2.38,11.156,65.16,22023283.0,20602.275,17776212.5,82.42857142857143,6,2,2019,10905.95,13970.0,10525.1,10854.1,684152.508772,339606.940791,4044614402.4459095,8188.097,9361.701826013004,8033.75012406178
2019-07-01,31.44250011444092,46.19028060826875,50.60547372924442,0.6995844542980194,302.87000274658203,96.72937393188477,48.9462680540134,11161.413330078123,407.5733642578125,64.31750106811523,0.0804624985903501,3.3497705459594727,2.676374971866608,0.0037042499170638,26856.6123046875,298.53575134277344,1.1260466277599337,7.834887266159058,1.2559277415275574,1402.5499877929688,55.92413164205509,42.05499537616292,183.6883609866329,119.990873336792,2.7425000071525574,194.6152677932284,14.058749914169312,129.6229084160043,7818.9898681640625,4.05117204831477,2.3744999766349792,814.1750030517578,2.76624995470047,2982.219970703125,115.05275173074368,48.030519937112,25.09948852661056,84.88182034791727,70.36260378570472,52.35570767891122,30.86692881568824,75.58720375489088,15.035250186920166,0.1045204997062683,0.0339335007593035,15.499833583831789,0.9988474994897842,1.3088349997997284,1.0113854706287384,0.0092367639299482,13.30999994277954,53.20991407637121,57.834999084472656,0.3968307599425316,63.31474374959025,3.7,150936.0,226000.0,255.802,103.678,98.4,509091.0,1240.0,1352.0,14853.5,0.34,2.4,15.837,65.1,22719402.0,20843.322,17790862.5,79.0,7,3,2019,10854.1,12000.0,9727.0,11406.24,517740.071693,262808.165438,2897941314.5346932,8797.969000000001,9876.493882570652,8433.69335745158
2019-07-08,32.63749933242798,46.52738589497946,51.532381910493,0.6995513588190079,307.2850112915039,99.82562637329102,48.6583215214457,10969.0556640625,318.8125686645508,66.20500087738037,0.0651219999417662,2.948390483856201,2.675000011920929,0.0031704999855719,27165.8544921875,250.1621131896973,1.1265626549720764,6.280255317687988,1.2540233135223389,1407.5,56.617687306371714,42.88062647083382,185.45547062086703,98.3574676513672,2.459999978542328,201.2216345897864,12.643500089645386,130.9408418526461,7894.6976318359375,4.104602213205883,2.438750028610229,823.5750122070312,2.3575000166893005,3001.224975585937,117.1006621281103,48.570837041669336,25.2045287632812,84.03429079175379,70.71678999866589,51.788496985480286,31.157797906753284,76.3763632040648,15.119250059127808,0.0911852493882179,0.0278167496435344,16.047000408172607,1.0031802505254743,1.3064249753952026,1.013642132282257,0.009246472036466,12.942500114440918,53.79079490397365,59.66249942779541,0.3311817497014999,63.77525807849922,3.7,150936.0,215000.0,255.802,103.678,98.4,509091.0,1240.0,1352.0,14853.5,0.35,2.4,6.5,64.89,22719402.0,20843.322,17805500.0,71.14285714285714,7,3,2019,11410.0,13147.08,10103.0,10174.18,510462.035678,252017.796293,2963114441.6508718,9237.825,9913.712536655705,8509.931926841375
2019-07-15,33.07499885559082,46.70125011778912,51.72112726946269,0.7039472907781601,307.97999572753906,98.83637428283691,48.93725559509558,10353.528076171877,309.414176940918,63.42250061035156,0.0594022497534751,2.503380000591278,2.741124927997589,0.0030277499463409,27193.966796875,220.06940078735352,1.123924434185028,6.01458740234375,1.249199241399765,1424.749969482422,56.64082807200711,43.58863136016858,184.88889654891105,95.34149169921876,2.2325000762939453,199.12652354259936,12.234000205993652,130.03772660410678,7866.77001953125,4.189962958508273,2.303250014781952,845.3250122070312,2.020000010728836,2986.027587890625,116.5168820697626,47.75752621420881,25.0346700678817,83.43150049619597,70.43754557215863,51.97089385986328,30.587422915868515,76.65603930620595,15.999750137329102,0.0887672491371631,0.0273687499575316,17.01966667175293,1.002628743648529,1.3049050271511078,1.016685962677002,0.0092783102300018,13.90999984741211,55.22156915755285,56.72500038146973,0.3235972449183464,65.16859270390043,3.7,150936.0,211000.0,255.802,103.678,98.4,509091.0,1240.0,1352.0,14853.5,0.32,2.4,5.557,66.86,22719402.0,20843.322,17812862.5,57.71428571428572,7,3,2019,10174.18,11100.0,9060.0,10589.45,487080.97263,248606.100002,2532426320.7492094,9600.039,9984.91361710623,8741.71666070193
2019-07-22,33.88750076293945,47.464688525717136,51.9117928063795,0.6966428458690643,310.0649948120117,97.64887428283691,49.825775575697634,9752.4521484375,307.31795501708984,63.542500495910645,0.0591629985719919,2.289274573326111,2.692750036716461,0.0029024999821558,27204.04736328125,212.8721466064453,1.115724802017212,5.9825732707977295,1.241579443216324,1419.0500183105469,60.7413502931085,45.00025700133812,187.461318200536,91.28453636169434,2.1249999403953552,200.15914472014416,12.27524995803833,133.14536795088327,7980.837646484375,4.336577534702677,2.2077499628067017,862.9250030517578,1.957500010728836,3014.0875244140625,116.8823491257698,47.58121607866182,25.461563520358737,83.30234796976465,71.13911143576009,52.455810190978056,30.51212693453297,77.95707763304834,16.37350082397461,0.0851680003106594,0.0240262495353817,15.7400004863739,1.0026635080575943,1.313822478055954,1.0098752081394196,0.0092195677570998,12.677499771118164,57.424856277126906,56.34250068664551,0.3150889873504638,67.99628189583666,3.7,150936.0,202000.0,255.802,103.678,98.4,509091.0,1240.0,1352.0,14853.5,0.26,2.4,14.16,61.96,22719402.0,20843.322,17827500.0,36.142857142857146,7,3,2019,10590.15,10683.16,9165.0,9541.54,269819.325109,137240.620876,1357104450.0544214,9739.345,9972.672422635384,9435.92517755829
2019-07-29,30.50000047683716,45.22765339226493,49.38560357860481,0.6822562515735626,297.1949996948242,92.33412742614746,49.9592411432638,10596.72802734375,328.06639862060547,62.29249954223633,0.0576775008812546,2.432751536369324,2.603125035762787,0.0029152499628253,26625.22265625,219.2075729370117,1.1113511621952057,6.048063397407532,1.219645470380783,1435.0249938964844,60.108004882362,43.2248196579501,182.28283091330331,93.80776405334473,2.1174999475479126,190.53700369888253,13.261250019073486,130.46677537641403,7760.2073974609375,4.08540317243772,2.162999987602234,858.1750030517578,2.145000010728836,2950.955078125,113.26112994922022,46.2617270172446,24.842455051793056,82.73128364553759,69.43856699115112,51.372533047932166,31.09590883713301,75.62513425008173,16.22224998474121,0.0826305001974105,0.0222574993968009,15.689833879470823,1.0044469833374023,1.320024996995926,1.0144529044628143,0.0092892900574952,16.87000036239624,54.752578048686445,55.93249988555908,0.3176185041666031,64.88866608308528,3.7,150936.0,206000.0,255.802,103.678,98.4,509091.0,1240.0,1352.0,14853.5,0.29,2.4,3.928,62.29,22719402.0,20843.322,17842137.5,29.714285714285715,7,3,2019,9541.54,11040.0,9395.0,10929.23,259518.806019,139171.738752,1419850922.3725567,9970.825,10017.485870790677,10442.129395186414
2019-08-05,32.8949990272522,43.41912880176105,47.82162056263041,0.6780803501605988,291.177490234375,89.97749900817871,47.97839893790844,11570.4287109375,333.0097122192383,58.62249946594238,0.0539495004341006,2.393914043903351,2.5767500400543213,0.0029770000255666,26107.1572265625,218.7736854553223,1.1261591017246246,5.889011979103088,1.2080958783626556,1485.875,58.804233832223616,40.453834570299065,178.52422941932247,92.05816459655762,2.102499961853028,185.63013050125164,13.889249801635742,129.3265856774774,7593.8175048828125,3.824288347143099,2.1054999828338623,860.2499847412109,2.200000047683716,2899.5349731445312,111.5549567029732,44.6085723917808,24.11382940404083,82.25311106910257,68.119453810675,51.007716188468166,31.39397757564593,73.82876951722076,16.768749713897705,0.0779679995030164,0.0211157505400478,15.592833042144775,1.0021977573633194,1.3244400322437286,1.0267473459243774,0.0094328396953642,19.392499446868896,52.83973148314763,53.78250026702881,0.3071287497878074,62.56642037322979,3.6,151171.0,208000.0,256.036,103.797,89.8,512561.0,1375.0,1489.0,14934.7,0.15,2.13,3.474,59.32,22719402.0,20843.322,17856812.5,51.142857142857146,8,3,2019,10929.99,12330.7,10927.8,11549.97,371072.857661,187065.5995,2193229174.8168306,10253.224,10105.844848501392,10919.83939408269
2019-08-12,31.55500030517578,42.91273954798619,46.936249031908815,0.6774981915950775,287.81500244140625,89.67625045776367,49.74172324452135,10473.78173828125,317.1911849975586,59.117499351501465,0.0502794999629259,2.4423457384109497,2.594624936580658,0.0027269999845884,25884.6474609375,195.81804656982425,1.1122406721115112,5.667580008506775,1.2125131487846377,1510.0249938964844,58.78047091414508,40.66336252229526,178.83770902181868,78.47941589355469,1.969999998807907,183.6569005993045,13.804749965667725,128.78850752316896,7603.979858398437,3.901821285070599,2.1882500052452087,849.4749908447266,1.915000021457672,2886.544982910156,110.32336125585596,43.45212699222026,23.742818963665787,82.06503068424288,67.39062872774537,50.411582981422114,31.744662868754485,74.04205197365872,17.091750621795654,0.0715077500790357,0.0183017500676214,14.790500164031982,1.0014135092496872,1.3290574550628662,1.024864822626114,0.0094310445711016,19.6399998664856,53.23729593233029,55.1875,0.2803025022149086,63.141275119897216,3.6,151171.0,212000.0,256.036,103.797,89.8,512561.0,1375.0,1489.0,14934.7,0.04,2.13,5.43,57.13,22719402.0,20843.322,17871500.0,54.85714285714285,8,3,2019,11539.08,11577.89,9750.0,10306.78,248273.374665,121805.163712,1273541825.3955395,10521.089,10116.34703823086,10793.62655663761
2019-08-19,30.167500019073486,42.50184782110487,47.23737634536555,0.6761348247528076,284.8550033569336,88.42562484741211,49.52629367696711,10263.885009765623,308.0049591064453,59.60249996185303,0.0493822507560253,2.201175034046173,2.5485000014305115,0.0027092500240541,25788.43994140625,189.98352813720703,1.1194762587547302,6.849053978919983,1.2226762175559998,1518.4249877929688,58.05432089478297,39.985683552080495,177.23682503970187,73.42660522460938,1.7350000441074371,179.07102847414262,13.895749807357788,128.20894861352733,7534.425170898437,4.100128005075533,2.1654999256134038,853.5999908447266,1.952500015497208,2867.0675659179688,111.35086440405834,42.87390432752084,23.50143491291721,81.02035459219998,66.87524876557374,49.35053693829225,31.95568720033612,73.84060772037648,17.274750232696533,0.0699677504599094,0.0174704999662935,14.381500005722046,1.0007340013980863,1.329624980688095,1.0229599475860596,0.0094607155770063,19.080000400543213,52.83496008871767,54.67749977111816,0.2724887430667877,62.82900021971177,3.6,151171.0,207000.0,256.036,103.797,89.8,512561.0,1375.0,1489.0,14934.7,0.04,2.13,13.403,59.79,22719402.0,20843.322,17878862.5,23.428571428571427,8,3,2019,10306.17,10949.96,9762.0,10142.69,232472.053331,117404.865076,1210303802.1581955,10640.025,10116.917373964548,10543.857434164196
2019-08-26,31.092500686645508,42.4714608495959,47.6638533840035,0.674196407198906,285.2475051879883,88.69787406921387,50.161720961739015,9862.474853515623,288.15718841552734,60.077500343322754,0.0458565009757876,1.8614002764225008,2.544250011444092,0.0025512500433251,26239.65185546875,175.9431114196777,1.1040926575660706,6.4374085664749146,1.2195523083209991,1526.0499877929688,58.921547712677146,41.20069755965127,180.04793685572412,67.4725341796875,1.692499965429306,183.23143292776555,14.18150019645691,130.43983146099222,7657.3250732421875,4.13063180078657,2.259750008583069,912.8999938964844,1.8850000202655792,2911.599975585937,113.0736580371823,43.35922936907326,23.89926853854483,81.80896512357708,68.23751266667622,50.09127979751043,32.26243540231973,74.97579734369054,18.13124990463257,0.0647260015830397,0.0160869997926056,14.920000076293944,1.0039537400007248,1.328624963760376,1.014513224363327,0.0094280536286532,19.17249965667725,53.98005518845735,55.01249885559082,0.2608727440237999,64.00232935584378,3.6,151171.0,213000.0,256.036,103.797,89.8,512561.0,1375.0,1489.0,14934.7,0.0,2.13,3.676,58.64,22719402.0,20843.322,17893575.0,28.714285714285715,8,3,2019,10142.69,10604.0,9320.0,9724.98,211243.550288,107817.760274,1066448383.8674998,10521.916,10106.346998215411,10277.135685400131
2019-09-02,30.91249942779541,42.300254593644105,48.47045659270651,0.6811930686235428,285.2174987792969,90.96274948120116,51.00112514160229,10377.9912109375,301.09873962402344,60.67250061035156,0.0461282497271895,1.8257259726524355,2.582125008106232,0.0025465000071562,26608.5029296875,178.5073699951172,1.1083096861839294,6.682370543479919,1.222121924161911,1517.5249633789062,59.59446281097877,43.75571447186263,183.355624072581,69.20600700378418,1.8025000095367432,186.23480300033137,14.01325011253357,131.82637211457342,7792.467529296875,4.363321393240294,2.4415000677108765,963.5,2.026250004768372,2958.782531738281,115.68396902815516,44.32608963393358,24.355223378747556,82.43669892110353,69.53391030995037,50.69186658718322,32.771939116203555,76.58967519023683,18.361000537872314,0.0607357490807771,0.0154585000127553,15.065166473388672,1.0064254850149157,1.3248925507068634,1.0134065449237823,0.009373138891533,16.514999866485596,56.167875410501736,55.90999984741211,0.2605629935860634,66.49174672687799,3.5,151365.0,215000.0,256.43,103.873,93.2,509282.0,1311.0,1474.0,15031.4,-0.05,2.04,12.089,58.55,22719402.0,20843.322,17908237.5,25.428571428571427,9,3,2019,9723.59,10905.87,9712.5,10381.18,281075.664908,143868.840953,1503526294.020558,10474.624,10109.168488858557,10425.203060826545
2019-09-09,30.517500400543213,43.33666351741656,49.04365398815106,0.6872464418411255,278.9925003051758,91.72100067138672,52.80121954443632,10281.62841796875,303.4102783203125,60.78000068664551,0.046540250070393,1.6577390134334564,2.655875027179718,0.0024490000796504,27115.705078125,186.61962509155276,1.1100932359695437,6.353817105293274,1.243969887495041,1496.0250244140625,61.1532520879824,45.88966043625463,185.32288575270607,70.30417060852051,1.867499977350235,186.5856126199631,14.487250089645386,130.5467950039332,7876.210083007812,4.546339898224048,2.593000054359436,947.375,2.0899999737739563,2998.1324462890625,116.95353941708476,46.13471210686018,25.28946861119208,82.58170927639398,71.62043233920929,52.13771648005248,32.07161607655835,76.85746840575038,17.620500564575195,0.0582772493362426,0.0154727504123002,16.21399974822998,1.0031189918518066,1.3252000212669373,1.010323315858841,0.0092770468909293,14.37750005722046,57.7950549233062,55.61499881744385,0.2601672559976578,68.6720707696775,3.5,151365.0,207000.0,256.43,103.873,93.2,509282.0,1311.0,1474.0,15031.4,0.06,2.04,2.787,63.99,22719402.0,20843.322,17922912.5,41.57142857142857,9,3,2019,10381.24,10480.0,9880.0,10302.01,207165.654458,105778.040214,1083587407.1258671,10364.201,10113.864554167296,10646.904537073462
2019-09-16,30.267499446868896,43.23345580823474,48.33478040490703,0.6808215975761414,277.78499603271484,90.02262496948242,52.9038011954579,10094.836181640623,313.0914993286133,65.65749931335449,0.0498105008155107,1.7767442762851715,2.601374924182892,0.0026517499936744,27010.365234375,208.9129447937012,1.1029290556907654,6.1326658725738525,1.2480392456054688,1503.3250427246094,61.21347096181188,44.804055087656366,184.6116843475616,73.7498550415039,1.829999953508377,188.73548146331723,14.896249771118164,132.4519079862146,7847.222412109375,4.348522389329095,2.57099997997284,940.1499938964844,2.057499974966049,2996.175048828125,114.87476862459312,46.86271075192335,25.2313533684085,83.21622589449007,70.97790050681566,52.01092969689686,32.28099773482345,76.4877835483636,17.804250717163086,0.0709525011479854,0.0169580003712326,16.126165866851807,1.0058830231428146,1.3258549869060516,1.0075674057006836,0.0092583880759775,14.947499990463257,56.99277200345334,59.30749988555908,0.284769244492054,67.5531254974524,3.5,151365.0,205000.0,256.43,103.873,93.2,509282.0,1311.0,1474.0,15031.4,0.17,2.04,2.202,68.42,22719402.0,20843.322,17937562.5,38.71428571428572,9,3,2019,10303.34,10355.0,9653.0,10028.87,188644.199623,91497.978088,925209651.663916,10349.670000000002,10113.342216358602,10846.49594963686
2019-09-23,29.14749956130981,41.58648708713331,46.58710001215436,0.6771365404129028,277.17750549316406,87.00537490844727,52.93880379125597,8544.559692382812,239.37363815307617,62.47749996185303,0.0400425009429454,1.7642692029476166,2.5829999446868896,0.0022804999607615,26856.28515625,177.49444961547852,1.0954047441482544,4.894888162612915,1.233881950378418,1504.1999816894531,61.07201596092657,44.34787355471125,181.20027604561872,58.63420009613037,1.7175000309944153,179.1456684130775,14.777999877929688,131.32694007944673,7715.8074951171875,4.302502916067123,2.4445000290870667,933.875,1.7950000166893003,2969.272521972656,114.3177778144218,45.90042877453901,25.207225447386637,81.85521446450188,70.7697601098639,51.71352902784878,32.64453254879553,75.98197715575895,17.75850009918213,0.0599665008485317,0.0140595000702887,15.85550022125244,1.01605024933815,1.32635498046875,1.0083943903446198,0.0092797842808067,16.864999771118164,56.33808578427234,56.48999977111816,0.2489854991436004,66.49725103093895,3.5,151365.0,211000.0,256.43,103.873,93.2,509282.0,1311.0,1474.0,15031.4,0.11,2.04,7.485,64.66,22719402.0,20843.322,17952225.0,38.0,9,3,2019,10028.05,10049.99,7750.0,8043.82,364560.064744,178726.653046,1519444753.8940117,10095.107,9974.33774761883,10506.91999595586
2019-09-30,28.7475004196167,40.3687505621774,46.237464980566806,0.6746781766414642,274.35499572753906,86.49949836730957,54.15173669302965,8076.190673828125,224.49163436889648,58.74250030517578,0.0388637501746416,2.0740609765052795,2.5538750290870667,0.0023399999481625,26484.2783203125,174.55010604858398,1.0959938168525696,4.590281367301941,1.232332319021225,1497.2249755859375,59.93744139756824,44.43559427110251,181.18649384675024,55.426923751831055,1.679999977350235,177.9040400753298,14.641500234603882,130.73950372441047,7698.37255859375,4.460208874327791,2.3272500038146973,893.1500091552734,1.701249986886978,2938.1224975585938,113.28923760817612,44.006412222928205,24.607429456387088,81.49568739254909,69.07617358162882,50.5711487163396,32.57808210302238,76.02713968953927,17.403250694274902,0.05940124951303,0.0145072501618415,15.55150032043457,1.0103192329406738,1.3305824995040894,1.0026457458734512,0.009328844025731,17.832500219345093,56.76898892978341,53.29500102996826,0.2535640001296997,67.04859239880597,3.5,151365.0,215000.0,256.43,103.873,93.2,509282.0,1311.0,1474.0,15031.4,0.15,2.04,7.057,60.99,22719402.0,20843.322,17959600.0,26.0,9,3,2019,8043.04,8500.0,7710.0,7854.25,239136.795399,120840.125358,984524929.6567504,9926.378,9881.44905359649,10104.82920974462
2019-10-07,29.40500020980835,40.26747440602767,47.039507530764745,0.6778562068939209,277.1624984741211,86.45837593078613,56.38569877497935,8317.389526367188,227.499813079834,59.70499897003174,0.0411482499912381,2.516496479511261,2.6013749837875366,0.0024504999746568,26696.73779296875,182.74922943115237,1.10221666097641,4.803912043571472,1.2549907565116882,1488.374969482422,60.33217870604962,45.30627707068154,183.6239510174175,56.95168685913086,1.667499989271164,182.28839464265164,14.488749980926514,132.23787339928913,7798.892333984375,4.58831593151285,2.2392500042915344,894.3249969482422,1.7952499985694883,2956.6199951171875,114.34159272055594,44.00832800979661,24.72200257764164,81.68683398883091,69.63765725178837,50.9020103328354,32.596766781271086,77.06126099364971,17.50600004196167,0.0607582498341798,0.0160532500594854,16.25683283805847,1.0058087706565857,1.3271575272083282,1.0044633746147156,0.0092588106635957,16.66249966621399,57.73791059136013,53.92750072479248,0.2737205028533935,67.80660825292509,3.6,151460.0,209000.0,257.155,104.028,95.5,510648.0,1325.0,1525.0,15167.3,0.05,1.83,5.65,59.46,23201380.0,20985.448,17974262.5,33.42857142857143,10,4,2019,7855.3,8779.51,7762.0,8275.01,281416.738734,145080.333838,1207934231.7400978,9660.956,9707.878567680687,10069.495923946368
2019-10-14,30.682499408721924,40.67017281820925,47.38313669790013,0.6808560341596603,268.6624984741211,87.9483757019043,56.974683778588826,8189.2587890625,222.50662231445312,59.397499084472656,0.0397027498111128,2.436809718608856,2.613249957561493,0.0027050000499002,26852.421875,177.4584197998047,1.112568974494934,4.541756749153137,1.2870796024799347,1487.0999755859375,61.76035177194028,45.35892601670108,185.6555160080322,54.8522367477417,1.6275000274181366,185.56544299593003,14.271999835968018,131.56238788974704,7886.320190429687,4.7552273453010265,2.312999963760376,889.5499877929688,1.7375000417232511,2985.907470703125,116.0581979422017,43.95666433173568,25.16230487640656,83.20232296764536,70.40914134391271,51.41396283448231,32.976797974095305,77.22290777101578,17.453250408172607,0.06305150128901,0.0156539999879896,17.096832752227783,1.0038925409317017,1.3157000243663788,1.0127501487731934,0.0092138838954269,14.577500104904177,58.39616430084048,53.71249961853027,0.2918762415647506,68.62403527937457,3.6,151460.0,215000.0,257.155,104.028,95.5,510648.0,1325.0,1525.0,15167.3,0.2,1.83,2.95,58.81,23201380.0,20985.448,17988950.0,38.42857142857143,10,4,2019,8275.24,8403.0,7816.01,8223.35,219241.792311,112838.714175,912749801.8500224,9328.294,9433.371287012826,10076.471469893677
2019-10-21,32.27749967575073,41.54308068322276,48.85730776251531,0.6835243850946426,268.2850036621094,87.59299850463867,58.96967063421749,9143.040649414062,250.67438888549805,61.10249996185303,0.0409082500264048,2.6924872994422917,2.6573750376701355,0.0026387500111013,26911.45751953125,180.47259140014648,1.110628455877304,4.681795239448547,1.2868484258651731,1498.7000122070312,62.65607080795998,48.40960782256797,187.9843128331888,57.54951000213623,1.4649999737739563,186.10539220171543,14.50249981880188,132.76103186809289,7984.205078125,5.009138665049763,2.288749992847442,918.9499816894532,1.649999976158142,3015.9249877929688,115.4034758843287,45.11221987323816,25.663257852373327,83.86451832388211,71.4613369734016,51.81188415009059,32.960175974979336,78.24036016265092,17.776000022888184,0.0635925000533461,0.0179322496987879,20.60733366012573,1.0032689720392227,1.3075824677944183,1.0082979202270508,0.0092095953878015,13.259999752044678,59.73290278270634,55.69250011444092,0.2916432470083236,70.00619036932119,3.6,151460.0,210000.0,257.155,104.028,95.5,510648.0,1325.0,1525.0,15167.3,0.19,1.83,18.758,58.95,23201380.0,20985.448,18003675.0,39.142857142857146,10,4,2019,8223.35,10370.0,7300.0,9529.93,508882.693756,257030.011678,2229638017.114717,9250.609,9435.511915348638,9906.3333693657
2019-10-28,34.20249938964844,43.27011085842099,49.82095986573579,0.6890847831964493,276.4625015258789,89.03537368774414,60.63639784128539,9326.13623046875,287.2853546142578,61.27999973297119,0.0422172509133815,2.691258728504181,2.653375029563904,0.0026470000157132,27240.109375,184.12873458862305,1.1151877343654633,4.914953351020813,1.291480392217636,1502.5249938964844,63.36231690832425,49.53909091776296,191.30346732691535,59.1914176940918,1.4474999904632568,191.69902116443967,15.187000036239624,136.9350906890044,8125.559936523437,5.0489375436645805,2.62799996137619,941.3999938964844,1.6175000071525574,3055.9899291992188,115.52725863213632,45.152386428447,26.02717863605298,85.93069558260459,72.75777440436248,52.52728370608968,32.57392458241855,80.09224924105291,17.938250064849854,0.0682527497410774,0.020334499888122,21.28766679763794,1.0055254846811297,1.313747555017471,1.0119758248329165,0.0092313021887093,12.702500104904177,61.4838671544572,55.75749969482422,0.2948309928178787,72.07346840233834,3.6,151460.0,215000.0,257.155,104.028,95.5,510648.0,1325.0,1525.0,15167.3,0.21,1.83,0.036,60.39,23201380.0,20985.448,18011012.5,38.71428571428572,10,4,2019,9528.23,9902.1,8913.0,9194.71,354362.744327,178982.095422,1661266556.5461683,9155.811,9429.003892090404,9262.956426618372
2019-11-04,36.13000011444092,44.05018729891513,50.623244327270754,0.6873404830694199,288.6124954223633,89.51074981689453,62.52279007930446,9097.90966796875,292.15372467041016,62.24999904632568,0.0438502505421638,2.7629109621047974,2.685249984264374,0.0027274999883957,27634.802734375,188.5808563232422,1.1059923470020294,5.065140724182129,1.2826884388923645,1473.875030517578,64.8992184905453,50.8681317786647,193.9752544582915,62.666152000427246,1.3550000190734863,191.22874341022725,15.53974986076355,138.20746226390148,8235.239868164062,5.170077974141632,2.809000015258789,900.8250122070312,1.5524999797344208,3087.455017089844,115.70344006198566,46.50499684197298,26.732557568713272,86.31525542970121,74.49017878353284,53.58248033973385,31.65605786219685,81.51623063649643,17.08900022506714,0.0774017479270696,0.019474999513477,22.083999633789062,1.0012344866991043,1.3200125098228457,1.0060922503471377,0.0091699599288403,12.382499933242798,63.28602712434788,57.03000068664551,0.2869227454066276,74.41245955089539,3.6,151668.0,214000.0,257.879,104.092,96.8,514215.0,1353.0,1527.0,15276.9,0.15,1.55,3.085,62.52,23201380.0,20985.448,18025637.5,51.71428571428572,11,4,2019,9196.46,9513.68,8696.0,9039.47,294282.771612,148860.351809,1360089028.678114,9087.26,9421.3450528269,8526.015173238357
2019-11-11,38.01750087738037,45.280707592303855,51.73889948566784,0.6820999979972839,295.5500030517578,87.47574996948242,63.8901487189685,8677.801025390625,274.4739227294922,62.867499351501465,0.0448984997346997,2.933624744415283,2.640625,0.002671249967534,27883.08544921875,184.9891128540039,1.1038711667060852,4.732212424278259,1.2880536913871763,1463.375030517578,65.84481945920172,51.17676540986789,195.3522626856657,60.23933410644531,1.1825000047683716,192.7017832618044,15.653000354766846,141.43012396637113,8287.324951171875,5.104845749500262,2.6674999594688416,885.2749938964844,1.530000001192093,3109.2999877929688,115.44870652657002,45.98462655799538,26.696618206418535,88.06966903384327,74.91698773974967,53.93794380967198,31.81596005232194,82.5479895743673,16.888500213623047,0.0745100006461143,0.0191267500631511,23.377833366394043,1.007878765463829,1.3229199945926666,1.0095856189727783,0.009196899132803,12.480000019073486,63.73477986820355,57.40250110626221,0.2680277526378631,74.89085602805,3.6,151668.0,227000.0,257.879,104.092,96.8,514215.0,1353.0,1527.0,15276.9,0.23,1.55,0.805,62.58,23201380.0,20985.448,18040300.0,45.71428571428572,11,4,2019,9040.16,9072.32,8350.68,8502.4,239532.02348,119014.223517,1030757407.5748812,8899.382,9351.022838584095,8110.027455115019
2019-11-18,39.570000648498535,46.45263312254095,52.4962767535459,0.6796324253082275,299.11248779296875,87.20837593078613,63.67103984116397,7421.455200195312,219.5622444152832,62.84500026702881,0.0381097504869103,2.4157217741012573,2.640500068664551,0.0024210000410676,27879.18212890625,153.73516464233398,1.104056179523468,3.95671021938324,1.2872223258018494,1465.9499816894531,64.82096275506545,50.99372852916136,195.21937791028984,48.569947242736816,1.060000017285347,196.7452395582468,15.269999980926514,142.45521718388198,8282.037353515625,5.224368944862263,2.6264999508857727,896.6499938964844,1.469999998807907,3109.907470703125,114.72491784221528,45.55606876244522,26.806689686882255,89.18468760663589,74.55179830791396,53.25384506357398,31.798307004758065,82.57647284785588,17.014500617980957,0.0605649994686245,0.0150720002129673,22.621333599090576,1.0138340145349505,1.327775001525879,1.005579560995102,0.0092042437754571,12.75250005722046,62.81227106326826,57.26000022888184,0.2337664999067783,73.35106931027993,3.6,151668.0,229000.0,257.879,104.092,96.8,514215.0,1353.0,1527.0,15276.9,0.18,1.55,27.055,62.82,23201380.0,20985.448,18054925.0,39.0,11,4,2019,8502.87,8503.52,6790.0,6903.28,422402.004703,206133.470661,1559362692.1678517,8559.509,9028.248977762802,8333.025172213715
2019-11-25,39.320000648498535,48.24573280008689,53.80451449071317,0.6771925091743469,307.38500213623047,89.74412536621094,64.46031101180417,7325.463500976562,213.4644927978516,62.96500015258789,0.0386944990605115,2.1922767162323,2.6522499918937683,0.002296499966178,28048.89013671875,148.25555038452148,1.1013733446598053,3.900726974010468,1.2909483313560486,1462.1999816894531,64.95731715023899,51.38626250093152,197.82839867315528,46.92713260650635,1.242499977350235,200.3358256696564,15.075249910354614,144.4218799048662,8390.6298828125,5.41286033842106,2.385249972343445,899.3750152587891,1.4024999737739563,3138.414978027344,116.43914919643936,45.23466118919789,27.062784162953317,90.44758422276198,74.97633000317782,53.61825400465985,32.04957542987395,83.60585296701184,16.95074987411499,0.0577114997431635,0.0153642499353736,22.19250011444092,1.00425523519516,1.3280224800109863,1.000640094280243,0.0091479574330151,12.37249994277954,63.35982204228722,56.00999927520752,0.2228235006332397,74.04574218829548,3.6,151668.0,221000.0,257.879,104.092,96.8,514215.0,1353.0,1527.0,15276.9,0.14,1.55,0.0,64.67,23201380.0,20985.448,18062287.5,25.0,11,4,2019,6900.23,7850.0,6515.0,7390.89,503259.064291,256209.980709,1869473766.4721527,8295.711,8891.249164775352,8717.17204114463
2019-12-02,39.157501220703125,47.61974203736333,52.817092143856016,0.6823450177907944,304.92000579833984,88.109375,64.6848600648566,7510.76123046875,214.06472396850583,63.484999656677246,0.0385537501424551,2.072800755500793,2.690874993801117,0.0022454999852925,27866.27294921875,150.1714324951172,1.1059807538986206,3.8922699093818665,1.3086155951023102,1463.7250061035156,65.91361606314194,50.29247651403212,196.7388569533589,46.01961898803711,1.175000011920929,198.9025913135536,15.06849980354309,143.66781776349015,8342.992553710938,5.238243584175825,2.3667500615119934,899.8999938964844,1.320000022649765,3128.1875,115.63679449987532,45.36858754495684,27.076259608693345,90.93001684369392,73.86703986321523,53.43492494576239,31.90732529064656,82.93782792744415,16.66675043106079,0.0562235005199909,0.0149272503331303,22.29816770553589,1.0037977695465088,1.32423996925354,1.0082501620054245,0.0091892739292234,14.444999933242798,63.10865940241749,58.39999961853027,0.2268025018274784,73.4801841315682,3.6,151795.0,231000.0,258.63,104.322,99.3,515866.0,1548.0,1451.0,15348.0,0.18,1.55,0.015,63.2,23201380.0,20985.448,18076987.5,27.857142857142858,12,4,2019,7391.5,7750.0,7067.0,7510.11,331484.783716,170724.271214,1257580371.069795,8242.34,8869.219607326277,9018.219853871911
2019-12-09,41.01750087738037,47.448528609514,53.10236658303394,0.6896292716264725,314.58250427246094,87.82337379455566,66.00432021550526,7211.767822265625,207.7446746826172,64.80749988555908,0.0367719996720552,2.1138837337493896,2.7734999656677246,0.0021597500308416,28090.8232421875,144.39271926879883,1.112023025751114,3.830131709575653,1.3320763409137726,1473.4249877929688,66.99581201833615,50.79967803526816,199.4734958283376,44.085039138793945,1.0524999797344208,195.3418660230981,14.714749813079834,146.5935305370112,8458.077392578125,5.525451508934323,2.274500012397766,923.1250152587892,1.3350000083446505,3161.592529296875,116.92007789717894,46.15488146513214,27.52330233781681,91.59674663543308,74.52670060326736,54.01841574410008,31.388168048742543,84.58765054831947,16.827250003814697,0.052208000794053,0.0140877498779445,23.617834091186523,1.0081637501716614,1.3186200261116028,1.0154541730880735,0.0091588501818478,13.602499961853027,66.02972666429532,59.68249988555908,0.2199682518839836,76.87501650413424,3.6,151795.0,247000.0,258.63,104.322,99.3,515866.0,1548.0,1451.0,15348.0,0.14,1.55,0.115,66.44,23201380.0,20985.448,18091625.0,27.714285714285715,12,4,2019,7510.11,7650.0,7008.35,7118.59,252294.980408,127270.300813,923173806.1768168,8168.774,8831.653115173272,9081.342929892733
2019-12-16,43.57250022888184,48.89534956777439,54.99749289189441,0.6883473992347717,326.1224899291992,89.16274833679199,67.69908112017497,7270.315063476562,193.6677894592285,65.98499870300293,0.0341332489624619,1.9038050174713133,2.8125000596046448,0.0021065000328235,28427.62255859375,131.93748474121094,1.1101877093315125,4.020037770271301,1.3106421530246737,1475.2249755859375,67.37190095956423,51.57811748753152,203.98848139961385,41.117568016052246,0.9799999743700027,202.8240808692498,14.56825041770935,149.6434256135181,8646.76513671875,5.874206252361772,2.3162500858306885,917.4999847412108,1.332500010728836,3212.929931640625,118.4438491198906,46.91249396602744,27.640117384512017,93.25104869843491,74.4308206728522,54.34034321709915,31.619725298147987,86.27550486794327,17.070250034332275,0.0473959995433688,0.0142880000639706,26.444666862487797,1.0049660354852676,1.3146024942398071,1.018618404865265,0.0091381773818284,12.37750005722046,68.07469985696433,60.51499938964844,0.1978372521698475,79.23378080889458,3.6,151795.0,236000.0,258.63,104.322,99.3,515866.0,1548.0,1451.0,15348.0,0.16,1.55,1.328,68.04,23201380.0,20985.448,18098937.5,23.285714285714285,12,4,2019,7119.6,7518.54,6435.0,7501.44,339611.461697,172709.571844,1210313054.0680437,8091.417000000001,8801.19362218215,8633.064959158723
2019-12-23,46.015000343322754,49.48179394827887,56.289404091387766,0.6944664120674133,330.4300079345703,92.81887435913086,69.84349155032913,7422.85400390625,206.7262382507324,67.60500144958496,0.0339609999209642,1.8874769508838651,2.8362500071525574,0.002076249977108,28620.98974609375,132.7869930267334,1.115132749080658,4.502180695533752,1.3046808242797852,1505.3250427246094,67.43385601908165,52.85494309249911,206.11426290128287,42.90061950683594,0.9124999940395356,206.55898231193348,14.470499992370604,151.4404012286084,8759.295166015625,5.920631779401377,2.187749981880188,946.8499908447266,1.2500000298023224,3237.1199951171875,120.17441883471614,47.71987697940655,27.776308431062976,94.071066994051,75.14719938081963,54.990588467233216,32.170627080687545,87.56344853284378,17.75950050354004,0.0458232499659061,0.0139720002189278,28.434499263763428,1.0098112523555756,1.3095574975013733,1.0239326357841492,0.0091313577722758,13.075000286102297,67.7735415074736,61.37750053405762,0.1953037530183792,80.26207581581346,3.6,151795.0,230000.0,258.63,104.322,99.3,515866.0,1548.0,1451.0,15348.0,0.18,1.55,7.652,67.49,23201380.0,20985.448,18113600.0,22.571428571428573,12,4,2019,7500.71,7695.38,7076.42,7388.24,267312.086935,135094.550472,991069301.2572511,8007.906,8766.292636631135,8051.026157485332
2019-12-30,47.81249904632568,48.59235165511328,55.93352495838362,0.6986696273088455,330.8175048828125,93.50224876403809,71.4619851718869,7320.531982421875,217.34796142578125,68.07999992370605,0.0343114994466304,1.8087174892425537,2.8050000071525574,0.0023280000314116,28629.76318359375,134.61344528198242,1.1172176897525787,4.758397459983826,1.3128704130649569,1540.2749633789062,67.53859730856642,53.04238671262219,207.156718503258,42.82271862030029,0.9650000035762788,206.8600646682163,14.335750341415403,151.39977503088448,8783.337646484375,5.86350163672962,2.150250017642975,976.1499938964844,1.1749999821186066,3234.967529296875,120.25324938403864,46.62260469164404,27.810177162152915,92.63612825441902,75.67017034750069,54.19257149898461,32.29028547246745,87.94743414208475,18.011500358581543,0.0452380003407597,0.0135017500724643,29.03499984741211,1.005298748612404,1.298642486333847,1.0301502346992493,0.0091893742792308,14.165000438690186,68.84395324329921,62.70499897003174,0.1940357498824596,80.12376676331453,3.6,151795.0,231000.0,258.63,104.322,99.3,515866.0,1548.0,1451.0,15348.0,0.15,1.55,6.525,68.3,23201380.0,20985.448,18128275.0,34.0,12,4,2019,7388.43,7495.0,6871.04,7358.75,241051.798444,121873.001971,885720015.2966344,7790.787999999999,8563.57180422793,7508.325101671698
2020-01-06,48.35999870300293,49.91021034565983,58.04476896088909,0.6903823912143707,337.79249572753906,94.30174827575684,74.20984022404916,8047.7548828125,259.199893951416,66.62500190734863,0.0371512491255998,2.1583230197429657,2.8102500438690186,0.0023677499848417,28768.81005859375,143.52406692504883,1.113361656665802,5.413432359695435,1.3089803159236908,1565.625,70.21255804957939,52.17573011430119,210.3742021145152,49.24764156341553,0.9724999964237212,214.61848147215164,14.308000087738035,153.30653296575667,8918.009765625,6.027050956662434,2.1842499375343323,976.0500030517578,1.3899999856948853,3257.08251953125,120.61154159051809,47.70648993849472,27.73115034787489,94.21908309285038,75.98902319253034,53.60587311050272,32.291332119492324,89.45238245691753,18.08275032043457,0.0480357501655817,0.014639250235632,31.585000038146973,1.002743512392044,1.3040724694728851,1.029143452644348,0.0091689883265644,13.400000095367432,68.9853015931175,60.597500801086426,0.212541501969099,80.34077572967982,3.6,152031.0,224000.0,259.127,104.488,99.8,515119.0,1578.0,1507.0,15416.8,0.06,1.55,3.825,70.25,23223813.0,20693.238,18142950.0,38.57142857142857,1,1,2020,7357.64,8455.0,7346.76,8184.98,498017.846898,251759.169431,2010996559.1729348,7689.815,8549.100614406227,7272.64224861454
2020-01-13,50.204999923706055,51.74842239051206,60.35964308019274,0.6902401447296143,347.6624984741211,93.53162574768066,76.61093504871629,8664.138305664062,334.3435287475586,64.62499904632568,0.0416247500106692,2.559587299823761,2.855249941349029,0.00241824996192,29222.31201171875,163.84390258789062,1.1110427975654602,8.572094917297363,1.302662879228592,1552.8250427246094,72.96316803835388,52.47345055828755,215.29600819662147,56.85626602172852,1.0024999678134918,220.3465210008044,14.598999738693236,158.20345494161467,9128.820068359377,6.198940113001394,2.063750028610229,1010.9750061035156,1.4350000023841858,3314.3875122070312,121.8847561756992,47.20908343159944,27.93662197329436,95.57598749634754,77.18181536371348,54.62417652390107,33.075397841116484,92.10454468257107,17.93000030517578,0.0580225009471178,0.0164810002315789,34.340166091918945,1.0030654966831207,1.3060674965381622,1.0338451266288755,0.0090913600288331,12.442500114440918,70.21161090019216,58.42750072479248,0.2332395017147064,82.1475085501314,3.6,152031.0,207000.0,259.127,104.488,99.8,515119.0,1578.0,1507.0,15416.8,0.08,1.55,1.0,64.14,23223813.0,20693.238,18157612.5,45.71428571428572,1,1,2020,8184.97,9198.98,8055.89,8701.7,468235.627496,235414.222952,2049350005.8211555,7656.0380000000005,8550.78844822229,7372.615844933509
2020-01-20,50.74499988555908,51.4105542944514,60.93452232906588,0.6846977472305298,351.0124969482422,93.41525077819824,77.20711076422187,8563.373779296875,336.4898223876953,61.89999961853027,0.044289500452578,2.564180791378021,2.7158749103546143,0.0023110000765882,29040.99560546875,165.9781608581543,1.1048096418380735,8.929740905761719,1.3068960309028623,1565.7749938964844,73.35055771829785,58.6635171453068,216.1796119847851,55.6951847076416,0.9549999982118608,217.65918308751452,14.416749954223633,158.1533786768803,9164.1875,6.267085073352588,1.899000018835068,1006.9750061035156,1.3149999976158142,3302.5599975585938,120.82892995404777,45.4065191685,27.54600397587113,94.79866329033388,76.61293466773006,53.8688803365369,33.52883343303349,93.13247687382676,17.97524929046631,0.0589777510613203,0.0167017499916255,37.54249954223633,1.0005655139684675,1.3124499917030334,1.0308652222156525,0.0091315661557018,14.352500200271606,71.45123155228264,55.48999881744385,0.2292562462389469,83.35095049290756,3.6,152031.0,221000.0,259.127,104.488,99.8,515119.0,1578.0,1507.0,15416.8,0.09,1.55,16.15,64.63,23223813.0,20693.238,18164912.5,53.0,1,1,2020,8701.72,8818.0,8238.0,8615.0,250977.001765,126118.759014,1075142271.9489098,7667.298000000001,8551.193352675826,7359.944912896114
2020-01-27,47.73749923706055,50.32528802422701,60.33322930150759,0.6729778200387955,349.87500762939453,98.60624885559082,75.76355877494834,9209.791259765623,374.6580581665039,58.66499996185303,0.0535540003329515,2.7942875623703003,2.5363749861717224,0.0024312499444931,28406.45703125,184.30414199829104,1.1069685220718384,11.1627676486969,1.3150013089179993,1581.0,71.59184601114663,57.24555071452265,212.7733340715237,67.44892692565918,1.0274999886751175,206.29772925394084,15.257750034332275,161.0147187515458,9016.05224609375,5.939301533123714,1.867499977350235,966.9250030517578,1.382500022649765,3239.7974853515625,119.76116804586752,42.94538602285634,27.159908550551265,91.93075649820332,74.91321127003934,52.225649812998654,33.112126597228894,91.46058175024504,17.828500270843506,0.0625227512791752,0.0187275004573166,41.557000160217285,1.0007877200841904,1.3214349746704102,1.034561425447464,0.0092127614188939,18.15249991416931,67.37841290567766,52.11500072479248,0.2469272464513778,78.34880929341975,3.6,152031.0,210000.0,259.127,104.488,99.8,515119.0,1578.0,1507.0,15416.8,-0.02,1.55,0.002,58.54,23223813.0,20693.238,18180937.5,46.142857142857146,1,1,2020,8614.39,9578.0,8535.0,9331.51,362870.208388,184662.89981,1701807651.7805812,7910.121000000001,8718.410832553584,7385.467922224241
2020-02-03,49.08999919891357,53.45691467338391,64.1270736382612,0.6726423501968384,364.7375030517578,103.21674728393556,76.71683561867111,9868.898681640623,433.0745162963867,54.84749984741211,0.0600337497889995,3.279873073101044,2.5576250553131104,0.0030992499669082,28983.18017578125,218.10625076293945,1.098313957452774,11.943627119064333,1.2964842319488523,1569.5499877929688,72.98294400301987,58.20483874148604,220.0240964037995,74.82270240783691,1.1175000071525574,209.00993852289184,15.260499954223633,172.7320493164957,9321.62744140625,6.179024961990309,1.856500029563904,970.25,1.4324999749660492,3309.7599487304688,122.33860768734792,42.91355186894104,27.83050057586013,94.3271945404125,76.31244784855595,53.78571292707656,33.403923355450814,94.32975880916584,17.66450023651123,0.0705429995432496,0.0215005003847181,52.31083393096924,1.0036989748477936,1.3290275037288666,1.0268880128860474,0.0091381052043288,16.12999987602234,69.13029492688912,50.53750038146973,0.2750757448375225,80.28511870783164,3.5,152292.0,207000.0,259.25,104.684,101.0,515330.0,1537.0,1442.0,15467.0,-0.09,1.58,6.16,54.0,23223813.0,20693.238,18195575.0,56.57142857142857,2,1,2020,9331.59,10166.0,9093.01,10151.75,364995.864834,186210.537202,1790763589.1079078,8186.207,9048.447442158747,7545.621707479125
2020-02-10,53.84250068664551,56.35425450798819,66.74476534764278,0.6716149300336838,376.0975036621094,106.75812530517578,78.3228360484122,10012.22021484375,429.6838073730469,56.31999969482422,0.0636907527223229,4.283144176006317,2.595499992370605,0.0028692499618045,29340.09765625,256.248291015625,1.0863724052906036,10.330776929855348,1.300975263118744,1577.2749633789062,75.17235701038823,59.40672269781368,225.77633557628565,75.89258193969727,1.2325000166893003,211.4534238393553,14.95449995994568,177.37132723860958,9564.192626953123,7.012765416796127,1.8240000009536743,967.0500030517578,1.6324999928474426,3365.794982910156,125.16209919449136,43.351263808478976,28.117250842462543,95.50700734417656,77.53733388928073,54.36116129180496,34.7799558015527,96.62650682054672,17.672000408172607,0.0766612496227026,0.0230537499301135,52.58416748046875,1.0014497339725494,1.3264400362968445,1.0203282833099363,0.0091054621152579,14.292500257492064,72.06861457179397,51.46499919891357,0.3004802465438843,83.56713411065314,3.5,152292.0,202000.0,259.25,104.684,101.0,515330.0,1537.0,1442.0,15467.0,-0.1,1.58,0.83,53.39,23223813.0,20693.238,18210237.5,56.42857142857143,2,1,2020,10151.72,10500.0,9638.12,9917.27,427067.585189,210003.002568,2123331362.9499507,8426.923,9199.168303973336,7785.511257421544
2020-02-17,54.679999351501465,57.156586089392256,67.67431733063233,0.6637215167284012,375.3500061035156,105.8129997253418,76.51972737694545,9887.086181640623,397.12559509277344,58.327500343322754,0.0604985002428293,4.297606587409973,2.615125060081482,0.0026952499756589,29071.65234375,268.8453903198242,1.0834762454032898,9.45685601234436,1.295615315437317,1628.5,74.34642912667164,57.620537491291664,224.50289189761708,76.58322143554688,1.0699999928474426,210.9955913207724,14.952749967575071,172.44567078228928,9509.082763671877,7.401537809467753,1.9239999949932096,980.4750213623048,1.4374999701976776,3349.367492675781,124.99966254642,43.23587117006917,27.86662354823389,95.0930286473182,76.83772712657866,54.352172358366765,35.061260248984844,95.5532395386811,18.434500217437744,0.073462251573801,0.0211625001393258,59.6523323059082,1.004097759723663,1.323202520608902,1.0209859311580658,0.0089905939530581,16.644999742507935,71.08756400308447,53.035000801086426,0.2841092497110367,82.5846803037017,3.5,152292.0,209000.0,259.25,104.684,101.0,515330.0,1537.0,1442.0,15467.0,-0.07,1.58,0.0,57.83,23223813.0,20693.238,18217575.0,59.0,2,1,2020,9910.7,10250.0,9350.0,9936.4,360700.467719,180774.725596,1764164267.1888704,8708.704,9396.618241778739,8208.008226605392
2020-02-24,45.8100004196167,51.34617190184351,60.933084336649685,0.6556851267814636,344.5524978637696,95.22412490844728,67.17780901447806,8886.966796875,334.6793746948242,52.31999969482422,0.0497059999033808,3.86278373003006,2.552749991416931,0.0023620000574737,25975.66455078125,231.53630828857425,1.097935974597931,8.12354052066803,1.2854598462581637,1594.7249755859375,66.97429420341697,50.39609540438579,201.91293418357523,63.0297794342041,0.8900000005960464,191.69903208971832,13.769999980926514,155.74732247495078,8563.105102539062,6.620385182616777,1.723499983549118,890.0249938964844,1.1924999952316284,3006.022521972656,112.5997740520834,37.09797061058818,24.65819631034101,86.65958238667505,68.6259386439912,48.48064082560113,31.71677370842693,85.26668582603124,16.99549961090088,0.0603895001113414,0.017572000157088,46.84999942779541,1.001411288976669,1.3356299996376038,1.0333665907382965,0.0091823895927518,37.92500019073486,63.936280284004056,46.50249862670898,0.2416469976305961,73.9277535674336,3.5,152292.0,218000.0,259.25,104.684,101.0,515330.0,1537.0,1442.0,15467.0,-0.21,1.58,0.592,56.71,23223813.0,20693.238,18232225.0,46.57142857142857,2,1,2020,9936.4,9990.0,8411.0,8531.88,426585.458707,206135.583663,1852185664.7276723,8811.748000000001,9363.847212445526,8671.788003310896
2020-03-02,48.01000022888184,51.03395493399405,60.13152044084472,0.6612481474876404,341.27249908447266,95.85012245178224,70.36359978131352,8372.295166015625,294.6025390625,47.392499923706055,0.0454674987122416,4.239973068237305,2.572624981403351,0.0022722499561496,26014.62939453125,212.98989486694336,1.124200165271759,6.997905969619751,1.2973336279392242,1650.5250244140625,65.39833919351588,49.87973747484706,203.01203367724287,54.739766120910645,0.8949999958276749,183.05725091462045,13.587000131607056,156.53220435437152,8595.260009765625,6.6938994539957255,1.7357499599456787,886.0499877929688,1.25,2995.750061035156,110.64815976285269,34.78806252297492,23.567646058992292,88.9502106715674,67.18081796998166,48.63124653529718,32.33227014118959,85.61489504031016,17.07575035095215,0.0534037509933114,0.0157352499663829,48.30350017547608,1.0087347626686096,1.3400700092315674,1.0607258975505829,0.009431846672669,40.79999923706055,64.19362356635207,43.0674991607666,0.2166384980082512,74.0278921630286,4.4,150895.0,215000.0,258.076,104.596,89.1,468324.0,1252.0,1358.0,15993.8,-0.31,0.65,2.525,52.52,23223813.0,20693.238,18246850.0,39.85714285714285,3,1,2020,8530.3,9188.0,8000.0,8033.31,379197.13168,187350.607918,1652268013.4723947,8876.255000000001,9337.805414168126,9047.23658198956
2020-03-09,43.285000801086426,42.34217634649249,50.93685760152091,0.6339157670736313,322.5,89.24087524414062,66.15308925162489,5767.35107421875,193.72023010253903,34.64249897003174,0.029329250101,2.517190963029861,2.4852499961853027,0.0017200000002048,23136.67236328125,138.26607704162598,1.121330201625824,5.107423484325409,1.250318169593811,1561.6999816894531,59.87448968344803,46.36724622802196,185.42618023429316,37.68873119354248,0.625,167.50801435072137,11.543500185012816,147.92001245852353,7905.64501953125,5.969008181796007,1.8364999890327451,774.375,0.7775000035762787,2695.87255859375,98.70693295675596,25.86472146670875,20.44952383725861,82.71078571249662,57.163788874961725,42.017892118993615,28.59144639732991,78.95116493997742,15.193000078201294,0.0395357497036457,0.0108787497738376,37.72066688537598,0.9970664978027344,1.379790037870407,1.0597074031829834,0.0094172798562794,58.792500495910645,57.41687457553831,31.78749942779541,0.1595374960452318,66.20320385261448,4.4,150895.0,208000.0,258.076,104.596,89.1,468324.0,1252.0,1358.0,15993.8,-0.45,0.65,2.504,35.33,23223813.0,20693.238,18261525.0,35.142857142857146,3,1,2020,8034.76,8179.31,3782.13,5361.3,1224228.28324,595647.065838,3616852099.1878047,8676.51,9147.412791860124,9451.03285351759
2020-03-16,39.83500003814697,36.12781029952849,43.71511521964952,0.5798729956150055,292.6524963378906,90.94012260437012,57.366898037140295,5770.0323486328125,200.53847122192383,28.25499963760376,0.0275250002741813,2.0451665222644806,2.225125014781952,0.0017115000227931,19758.42529296875,125.6668872833252,1.0854978561401367,4.710217595100403,1.1794795989990234,1497.2999877929688,53.818072034581895,41.56054787339677,167.74345900918593,36.29753589630127,0.4949999824166298,148.4229851853366,10.107250213623049,133.96913093749623,7097.3900146484375,5.121756699193804,1.6542499661445618,625.875,0.6802499890327454,2363.3349609375,84.37219832308377,21.033991491488937,17.44655852975308,74.5993158108241,48.86942227410635,36.74206198863301,23.920673066474635,69.7187588127277,12.82949995994568,0.0378054995089769,0.0105449999682605,28.34066677093506,0.9982599914073944,1.429565042257309,1.0261539220809937,0.0091279284097254,68.74250030517578,49.60349776967461,24.51749992370605,0.1518650017678737,57.07012805563117,4.4,150895.0,273000.0,258.076,104.596,89.1,468324.0,1252.0,1358.0,15993.8,0.0,0.65,1.425,27.98,23223813.0,20693.238,18268862.5,12.285714285714286,3,1,2020,5360.33,6900.0,4442.12,5816.19,1180843.345815,572953.99079,3258534733.899862,8439.631000000001,8927.98531701635,9803.172870567614
2020-03-23,45.02250099182129,41.31209256134503,49.34717731594267,0.601514607667923,306.6074905395508,94.60862350463869,58.65370478841606,6130.400390625,211.43611526489255,25.667500019073486,0.0286152497865259,2.089598506689072,2.1832500100135803,0.0017624999745748,21020.5673828125,128.74596977233887,1.1042603850364685,4.879047155380249,1.2212566435337069,1605.875,54.74912760156681,45.78440858881152,176.30645764726768,37.70902919769287,0.5024999976158142,154.23060384166564,10.519749641418455,140.8440542194313,7465.440063476562,6.02218842605574,1.6257499754428864,708.6750030517578,0.7844999879598618,2477.952514648437,91.45476575659984,22.0466933503669,18.36325108866835,76.08500153547513,52.1426732982424,38.84835356848033,25.033265046409323,73.40837360701444,14.18525004386902,0.0388717502355575,0.010947500122711,33.32033395767212,0.9994610100984572,1.4143224954605105,1.0415499806404114,0.009189574047923,61.015000343322754,54.59816240154868,22.2649998664856,0.1658082492649555,62.99987337617306,4.4,150895.0,2914000.0,258.076,104.596,89.1,468324.0,1252.0,1358.0,15993.8,-0.04,0.65,26.944,23.75,23223813.0,20693.238,18283500.0,10.0,3,1,2020,5816.05,6957.96,5688.0,5881.42,770380.80536,374037.171488,2410430651.1533923,8157.603,8638.81566404287,9743.613710785188
2020-03-30,43.85249996185303,39.980930276724685,47.62303002488907,0.6079456806182861,300.8149871826172,96.19187355041504,59.59044049224558,6643.435180664063,228.2156410217285,31.227500438690186,0.0312967505306005,2.239975690841675,2.207125008106232,0.0018467500049155,21330.11181640625,139.82071113586426,1.0883512496948242,5.042869091033936,1.2304194271564484,1622.5499877929688,55.159783277412735,47.77445226804163,180.22428046198004,40.06166172027588,0.4599999934434891,156.7910600939067,11.18274974822998,148.9489817985016,7622.947509765625,6.237083186092975,1.623500019311905,719.8249969482422,0.877499982714653,2516.544921875,90.42954357026318,24.10629773163188,18.25483325303975,80.19576258392283,52.813347407509326,39.33194138176607,25.22295251208239,75.1318888437363,14.341999769210815,0.0421117497608065,0.0121549998875707,32.4896674156189,0.9993242770433426,1.419012486934662,1.0303286015987396,0.0092480154708027,52.007500648498535,55.045194962058666,26.269999980926517,0.1763272508978843,63.54866808409604,4.4,150895.0,5946000.0,258.076,104.596,89.1,468324.0,1252.0,1358.0,15993.8,-0.25,0.65,237.497,19.19,23223813.0,20693.238,18290825.0,11.571428571428571,3,1,2020,5880.5,7198.0,5857.76,6772.78,664784.299583,328850.322927,2171911522.543237,7973.380999999999,8558.738131203925,9188.341897891985
2020-04-06,47.76750087738037,44.666628549122585,52.95876741805401,0.6256900429725647,316.42000579833984,100.85675048828124,64.13158330773467,7038.253173828125,243.2795448303223,32.484999656677246,0.0341037502512335,3.198186933994293,2.2732499837875366,0.0019690000044647,23285.33984375,160.25839614868164,1.0899334847927094,5.416007518768311,1.2399244606494904,1708.624969482422,59.21850258589558,51.37560213856129,192.66540170030203,43.16180419921875,0.4800000041723251,170.68803724823425,12.266499757766724,157.42240178419772,8143.59521484375,6.582499012809512,1.753500014543533,738.3249816894531,1.0425000041723251,2743.195068359375,100.23482680283394,27.332407463908947,20.69578865138681,86.4654376191825,57.69315877887912,45.02773114808817,29.063716591665106,80.81389248283499,15.633749961853027,0.048650499433279,0.0129742498975247,36.98566722869873,1.004580274224281,1.4020025134086609,1.0323562026023865,0.0092079518362879,43.05999851226807,59.757139122329065,24.112500190734863,0.1908742524683475,69.1510768174258,14.8,130424.0,6137000.0,256.032,104.256,71.8,401028.0,931.0,1066.0,17005.8,-0.47,0.05,144.294,22.58,26477241.0,19056.617,18305500.0,12.571428571428571,4,2,2020,6772.78,7459.69,6739.98,6903.79,582804.771087,280689.969951,1999584846.2821689,7730.6089999999995,8440.056749331881,8289.788633270582
2020-04-13,54.8774995803833,49.127485383166025,57.991459449235805,0.6358770877122879,338.0874938964844,115.61250114440918,67.93071605861516,7053.718994140625,230.8744430541992,29.1399998664856,0.0349279991351068,3.525107502937317,2.3408749103546143,0.0020187500340398,23961.13525390625,175.42206573486328,1.0890420973300934,5.423946976661682,1.25146222114563,1709.5749816894531,62.57993407758691,53.05761032859508,205.21087565864912,42.0944766998291,0.4375000074505806,176.45835831932607,12.50599980354309,167.3866251496642,8675.66015625,7.102829833271197,1.7184999883174896,781.0249938964844,1.114999994635582,2837.3775024414062,106.5044245544349,27.210354127958357,20.30414469430733,91.36473638934936,57.531345839609706,45.19292376285465,29.130330525251296,84.35256558923504,15.44575047492981,0.048663499765098,0.0128854997456073,47.72100067138672,1.0052870064973831,1.4004374742507937,1.0351473689079285,0.0092938686721026,39.66250133514404,62.937100792222346,19.647500038146973,0.1888690032064914,72.73713510153952,14.8,130424.0,4869000.0,256.032,104.256,71.8,401028.0,931.0,1066.0,17005.8,-0.5,0.05,6.1,20.23,26477241.0,19056.617,18320125.0,16.285714285714285,4,2,2020,6903.79,7293.08,6468.27,7120.74,501345.258903,241259.557489,1670997362.62018,7427.508,8286.152246469626,7128.315907244627
2020-04-20,55.60000038146973,50.7628828886932,59.4279295478591,0.6358917951583862,340.47750091552734,119.31350135803224,67.60916245704146,7473.692749023437,239.7113800048828,21.78000020980835,0.043003499507904,3.690042018890381,2.314625024795532,0.0023034999612718,23650.27734375,191.0753288269043,1.0818473100662231,5.963774681091309,1.2373762726783752,1713.0,62.7792293117768,52.06703135283816,205.5383878813874,43.86072731018066,0.4549999982118606,183.85601642443763,12.508500337600708,166.06093552052053,8697.0546875,7.097538449703277,1.7917500138282776,774.2000122070312,1.1934999972581863,2817.390014648437,106.7972793518095,27.698538895400464,19.821421291679247,92.11811299917524,56.75232669537581,44.69055725637895,28.042187605500587,83.94018647649006,15.24774980545044,0.0598795004189014,0.0138077496085315,48.16100025177002,0.9991617500782012,1.411017507314682,1.0279822051525116,0.0092987881507724,38.80749988555908,62.68458633287446,2.955000400543213,0.1931640021502971,72.37102822423853,14.8,130424.0,4201000.0,256.032,104.256,71.8,401028.0,931.0,1066.0,17005.8,-0.31,0.05,31.0,17.36,26477241.0,19056.617,18334750.0,15.714285714285714,4,2,2020,7121.4,7738.0,6751.0,7693.1,469098.312947,224125.283108,1625169356.8918352,7205.0909999999985,8246.711210903277,6253.735945952661
2020-04-27,51.71250057220459,51.65645350644464,61.34659093137536,0.6451650857925415,344.12000274658203,116.31587600708008,70.09421538389881,8728.751708984375,254.4334754943848,24.890000343322757,0.04918974917382,3.72606098651886,2.335624992847442,0.0025042500346899,23964.3623046875,210.7125396728516,1.1024896502494812,7.013001203536987,1.2501249611377716,1697.8500061035156,65.00384708165774,51.91854116543404,207.85288612119737,47.83533382415772,0.4600000008940696,198.26309281868805,12.43624997138977,167.250232474928,8782.71240234375,7.164852134830324,1.847250014543533,779.8000183105469,1.1475000381469729,2859.4725341796875,108.98875776976644,29.364486856879623,20.42254788308692,91.2538164516124,58.39588574114713,46.448862626610975,28.2261903424258,85.8341925342094,15.073999881744385,0.0711244996637106,0.0157350001391023,49.25833225250244,1.004530742764473,1.4158775210380554,1.0359899401664734,0.0093496688641607,36.12249946594238,62.96488984873504,17.52750015258789,0.2174919992685318,72.92456665577373,14.8,130424.0,3446000.0,256.032,104.256,71.8,401028.0,931.0,1066.0,17005.8,-0.5,0.05,16.476,15.17,26477241.0,19056.617,18342087.5,21.142857142857142,4,2,2020,7693.1,9460.0,7606.0,8894.16,742165.162104,363331.16828,3122774832.2889953,7100.867,8259.751614494446,5869.594614582008
2020-05-04,52.40499877929688,54.83890346113507,66.5430572875194,0.6498721688985825,361.5300064086914,117.5354995727539,73.83085497801592,8976.177978515625,241.5052146911621,29.977499961853027,0.0484739998355507,3.81062251329422,2.38224995136261,0.0024890000349842,24093.42529296875,194.0594940185547,1.0920908451080322,6.437570691108704,1.2391067743301392,1708.2250061035156,67.9417951755329,52.244317432341845,214.91530546432463,43.56232833862305,0.8324999883770943,208.18630806569823,12.305749893188477,174.24481144747696,9082.6474609375,7.588479661481484,1.90474995970726,778.7500152587891,1.715000033378601,2897.4025268554688,110.89701249250018,30.816835245374545,20.08327620530798,91.59121137812946,57.804111404444754,46.93538909457899,27.98064295716046,89.31770989543145,15.493749856948853,0.0660142507404089,0.0147245000116527,52.68066596984863,1.0123935043811798,1.402500003576279,1.0303818583488464,0.0093805147334933,31.042499542236328,64.78562507923773,23.56749963760376,0.2029072493314743,75.28946521692045,13.2,133040.0,2796000.0,255.802,104.37,72.3,478449.0,1053.0,1260.0,17853.4,-0.43,0.05,4.85,20.4,26477241.0,19056.617,18356825.0,37.85714285714285,5,2,2020,8894.15,10067.0,8117.0,8722.77,780478.849466,369687.780218,3408051320.6443615,7119.956,8262.807186831562,6263.397605914058
2020-05-11,54.070000648498535,55.90649829958597,67.69712753146366,0.6476769149303436,363.05999755859375,119.7128734588623,75.14944429645656,9384.700927734377,237.2202377319336,31.69250059127808,0.050063501112163,3.706831216812134,2.354624927043915,0.0025092500145547,23635.63720703125,201.04916381835935,1.0829778611660004,6.470104932785034,1.2188806235790253,1737.6000061035156,68.2356402013926,52.037987804859966,216.0774612718938,42.94356155395508,0.8149999976158142,208.45008076404525,11.659499645233154,174.56786681920585,9130.124755859377,8.238831972933367,1.6942500174045565,800.6750030517578,2.059999942779541,2859.9649658203125,110.16972416986542,29.47636141458794,19.181576455117582,92.48787022034016,55.175811694700826,45.76545227061872,26.529998397691475,89.47356105437694,16.680749654769897,0.0677187507972121,0.0147034998517483,53.41549968719482,0.9992750138044356,1.4061800241470337,1.029744029045105,0.0093315485864877,32.26499938964844,63.75866963163835,28.112500190734863,0.1988947466015815,74.15368944864716,13.2,133040.0,2335000.0,255.802,104.37,72.3,478449.0,1053.0,1260.0,17853.4,-0.4,0.05,0.123,25.53,26477241.0,19056.617,18371500.0,47.142857142857146,5,2,2020,8722.77,9939.0,8200.0,9680.04,721487.837087,348124.304743,3206329814.309669,7284.629000000001,8319.342335383823,6662.8193964904885
2020-05-18,55.27499866485596,60.00890852438812,70.66612018136657,0.6542586088180542,381.0625,122.29025077819824,77.19771714737328,9068.50439453125,231.3031234741211,34.98750019073486,0.0533347502350807,3.8972489833831783,2.413249969482422,0.0024815000360831,24427.1904296875,203.49889755249023,1.0907405614852903,6.522432208061218,1.2176803350448608,1740.0499877929688,69.63806876837992,55.19816125182316,222.45819403909283,43.25658226013184,0.7750000059604645,228.4134974096816,12.141500234603882,176.17591138372603,9397.95263671875,8.923623530223123,1.7577499747276306,888.8000183105469,2.322499990463257,2951.2625122070312,115.947287014291,31.38232172959571,19.973976380129173,92.63347189300733,58.65247081502272,48.07590301285664,27.475384882975224,92.45841096302163,17.646999835968018,0.0665479991585016,0.0145925001706928,54.407999992370605,1.002631992101669,1.39690500497818,1.0312578082084656,0.0092954454012215,28.88499975204468,66.74289844351073,32.672500133514404,0.1971587464213371,77.9670455250091,13.2,133040.0,2176000.0,255.802,104.37,72.3,478449.0,1053.0,1260.0,17853.4,-0.44,0.05,0.578,33.3,26477241.0,19056.617,18376925.0,42.142857142857146,5,2,2020,9681.11,9950.0,8700.0,8720.34,517248.177536,243871.783782,2291792677.447179,7620.533,8391.5476689009,7087.006669901165
2020-05-25,53.19250011444092,60.55347947579712,71.19609085367753,0.6617899239063263,381.47750091552734,120.95924949645996,77.4544343570311,9336.453857421877,238.6687660217285,35.1825008392334,0.0714655015617609,4.076767325401306,2.42125004529953,0.0025427499203942,25326.7119140625,226.56523895263672,1.1059179306030271,6.979460597038269,1.2311795353889463,1724.4250183105469,70.99495361766735,55.953654713071465,224.23650830665625,45.21197319030762,0.7099999934434891,226.98273879966095,12.478999853134155,175.07567400041853,9466.76513671875,8.700320854833455,1.82150000333786,869.625,2.140000015497208,3031.760009765625,119.19009835280757,31.6976051073102,21.37889727784784,94.13097160335278,62.60068879787923,49.94960786180186,29.09226497663128,93.21120741599884,18.21875047683716,0.0703599974513053,0.0157855001743882,54.83333396911621,0.9987879991531372,1.3805649876594543,1.0371397733688354,0.0092906986828893,27.86750030517578,67.64058074218414,34.472500801086426,0.2023830004036426,79.5423072585373,13.2,133040.0,1921000.0,255.802,104.37,72.3,478449.0,1053.0,1260.0,17853.4,-0.46,0.05,0.001,33.8,26477241.0,19056.617,18384250.0,45.285714285714285,5,2,2020,8718.14,9740.0,8642.72,9448.27,425528.246167,209371.472668,1931386248.8454983,7983.741,8592.025784689135,7481.781053579881
2020-06-01,53.07999897003174,62.480033120191386,74.1456323222036,0.6888077557086945,390.9925003051758,123.88337516784668,79.81175337924775,9792.04248046875,253.5619430541992,41.06249904632568,0.084264000877738,4.357838749885559,2.525624930858612,0.0026002500671893,26695.23046875,243.2611389160156,1.126775860786438,6.917801141738892,1.260228544473648,1691.999969482422,71.34713976517116,56.744813288004565,230.888950566519,47.08980751037598,0.97249998152256,228.4333779763545,12.530250072479248,178.40630053360914,9751.822265625,8.841178189327684,1.7924999594688416,846.8249816894531,2.5799999833106995,3157.7799682617188,124.51160409818092,35.2125648453321,23.37355913529669,95.0692509346693,67.76020422107091,53.255745096852486,30.86142039547904,96.28236642053808,17.786000728607178,0.078583750873804,0.0175932496786117,58.90133190155029,1.0067469775676727,1.3502249717712402,1.040755659341812,0.0091677911113947,25.795000553131104,72.48543918384999,38.26249980926514,0.2052262462675571,85.25239062408882,11.0,137671.0,1639000.0,257.042,104.531,78.1,518038.0,1254.0,1338.0,18141.1,-0.52,0.08,0.0,36.74,26477241.0,19056.617,18391581.25,45.142857142857146,6,2,2020,9448.27,10380.0,9266.0,9746.99,427822.495347,208908.26182,2031849904.288774,8370.297999999999,8820.091364024956,8049.487209640573
2020-06-08,54.52750015258789,61.11038579028975,74.40738389219842,0.6875881850719452,402.6600036621094,128.7466220855713,82.71537613508974,9493.73583984375,242.6766128540039,39.47249984741211,0.0787102486938238,4.071974813938141,2.6042500138282776,0.0025145000545307,25967.4248046875,236.94069290161133,1.1286665201187134,6.445881128311157,1.2603911459445951,1719.6500244140625,70.71702836145806,53.72504742360663,230.80156859199457,44.51047706604004,1.034999996423721,229.39885562231825,11.990750074386597,181.99612590039595,9745.462646484377,8.983703949042464,1.7422499656677246,831.0249786376953,2.507499992847442,3075.054992675781,121.64322929784429,33.60968608504556,22.21228208998421,91.36242882001513,65.02789160184923,50.70995136127347,30.3178834508509,96.23200339205889,17.61774969100952,0.0733387507498264,0.0166799994185566,63.45333385467529,1.0040887743234634,1.354957491159439,1.051080971956253,0.0092836830299347,35.24749994277954,71.21320147001882,36.85999870300293,0.1941617503762245,83.47295363677935,11.0,137671.0,1575000.0,257.042,104.531,78.1,518038.0,1254.0,1338.0,18141.1,-0.4,0.08,0.0,39.66,26477241.0,19056.617,18395243.75,53.142857142857146,6,2,2020,9746.99,9992.72,9113.0,9342.1,336172.771517,158086.69559,1516390238.253126,8627.23,8879.998147990038,8639.605943773584
2020-06-15,54.234999656677246,64.39207741149319,78.65748228824584,0.6866674274206161,420.57250213623047,131.94312858581543,84.4728503962007,9294.216552734377,232.6119804382324,41.13749980926514,0.0777937490493059,4.072856366634369,2.606000006198883,0.0024577499716542,25799.28271484375,228.90392684936523,1.1219845116138458,6.217183828353882,1.2433752715587616,1736.4500122070312,70.89455844890152,53.36846816143853,234.59362308279972,43.27079486846924,0.8849999755620956,234.69634922973583,11.93975019454956,185.63393169117555,9907.13232421875,9.148296231913736,1.6740000247955322,829.2750091552734,2.1874999403953552,3079.16748046875,121.74883747961292,32.28954614950388,21.86845749584469,92.0372220125886,64.10322762464693,50.56285409267863,30.12329933509819,97.35402186352954,17.718750476837158,0.0693744979798793,0.0158244997728616,65.49166870117188,1.001803770661354,1.3598800003528595,1.0511871576309204,0.0093456404283642,36.2699990272522,72.23291304533114,38.58750057220459,0.1880839988589286,84.48269309051399,11.0,137671.0,1473000.0,257.042,104.531,78.1,518038.0,1254.0,1338.0,18141.1,-0.52,0.08,0.003,39.44,26477241.0,19056.617,18402575.0,44.42857142857143,6,2,2020,9342.1,9589.0,8910.45,9294.69,323565.711842,157067.67168,1469318218.5940075,8866.320000000002,8923.412624263976,9042.475561564994
2020-06-22,51.2549991607666,67.7197400562901,80.34105373281112,0.6892911642789841,431.1750030517578,135.63424682617188,87.04064859370747,9235.76416015625,226.1709518432617,41.36000061035156,0.0809760019183158,4.56413459777832,2.66349995136261,0.0023579999688081,25329.275390625,229.668758392334,1.124108612537384,5.868094325065613,1.2385060787200928,1769.6499938964844,69.1179210172288,51.8418753630226,235.6416751423536,42.02507209777832,0.9725000262260436,222.1405643195592,11.638499975204468,189.92683351627335,9960.84033203125,9.23956519161414,1.5335000157356262,818.4249877929688,2.345000028610229,3044.407470703125,120.31585810984076,30.36933294755921,20.9257722288433,90.84245267994612,61.8910290482318,49.75725467771461,28.788771760490345,98.32982701481838,17.938750743865967,0.0656909998506307,0.0159209994599223,64.47716617584229,1.0022059679031372,1.3648275136947632,1.0555033683776855,0.0093489240389317,33.959999561309814,72.07344236339412,38.92250156402588,0.1801824979484081,84.35581716583813,11.0,137671.0,1467000.0,257.042,104.531,78.1,518038.0,1254.0,1338.0,18141.1,-0.63,0.08,0.01,43.2,26477241.0,19056.617,18409912.5,38.42857142857143,6,2,2020,9294.69,9780.0,8833.0,9116.35,343601.083154,162648.331078,1515724945.3964057,9065.881,8938.782383754591,9163.395257439553
2020-06-29,51.57249927520752,71.04305585397597,83.69810334131665,0.6905851811170578,437.5225067138672,142.07799911499023,88.20746479968042,9108.663818359377,222.0692024230957,42.390000343322754,0.0945607498288154,4.710563898086548,2.715499997138977,0.0023192499647848,25738.822265625,227.585075378418,1.1248112618923187,5.685102581977844,1.2438876032829285,1782.9500122070312,71.90659454964216,52.38343018819935,242.0617159769792,41.51068687438965,0.9100000262260436,227.41568176977037,11.791749715805054,195.3499689017901,10214.8046875,9.435056839267387,1.7024999856948853,823.8500061035156,2.257499992847442,3106.392517089844,123.5673833650101,30.802041665139324,21.10508067321576,93.50396763715564,63.770222858610616,51.85094564809455,30.09940092030262,100.2668319755331,18.254499912261963,0.0670977476984262,0.0166752496734261,76.5640001296997,1.0034412294626236,1.3485999703407288,1.056372493505478,0.0093017853796482,29.392500400543213,73.34687803629441,39.88500118255615,0.1769867539405822,85.72909655166555,11.0,137671.0,1446000.0,257.042,104.531,78.1,518038.0,1254.0,1338.0,18141.1,-0.7,0.08,0.25,41.58,26477241.0,19056.617,18417243.75,42.57142857142857,6,2,2020,9116.16,9292.0,8893.03,9069.41,247256.195125,120007.885844,1095085364.7219348,9203.512,8945.721220052623,9290.269958929553
2020-07-06,55.4950008392334,77.50041066290788,92.0184385258638,0.6957400888204575,461.0750045776367,156.8125,92.61973731515442,9265.5,235.06337356567383,42.87750053405762,0.1218634992837905,6.668368101119995,2.847750008106232,0.0037454999401234,25992.91015625,239.90044784545896,1.1305380761623385,6.330768942832947,1.2595326602458954,1799.875,75.84165883532292,52.69543078486891,254.6023037182532,44.119140625,0.9524999856948853,241.37737618746604,11.810750007629396,204.3772846710688,10750.315185546877,10.298335356407724,1.8119999766349792,843.5999908447266,2.372499942779541,3168.1500244140625,127.42888267234495,29.582400750502057,21.32736263177819,93.83351891489868,63.45213264549849,52.58815416746102,29.99923727659137,103.53397442578472,18.885249614715576,0.0891682505607605,0.0179820000194013,98.40433311462402,0.9986452460289,1.3573225140571594,1.062814623117447,0.0093408601824194,27.74500036239624,76.90137838123646,40.18000030517578,0.1969597451388836,89.50762022980854,10.2,139255.0,1413000.0,258.352,104.9,72.5,526304.0,1523.0,1546.0,18298.0,-0.76,0.09,0.0,42.73,26945391.0,20548.793,18424562.5,41.0,7,3,2020,9069.41,9470.0,9055.92,9302.75,284964.999673,139286.661532,1291693618.9702256,9244.371000000001,8951.35600184261,9327.546407118929
2020-07-13,55.172499656677246,77.66595643688103,91.03654342525932,0.6978950798511505,437.9350051879883,152.33074569702148,94.04628736358734,9191.746826171877,227.9106903076172,42.97999954223633,0.1251837518066167,7.963606476783752,2.9020000100135803,0.0033524999162182,26602.55224609375,238.22668075561523,1.1404885649681091,6.16042685508728,1.2570528090000153,1805.2750244140625,75.83729640040237,53.03417577773926,253.0930102074992,42.97174644470215,0.9049999862909316,240.426856841808,11.808249711990356,197.47601506964477,10682.622314453123,10.212239436791402,1.7352500557899475,840.0750122070312,2.231499969959259,3203.849975585937,128.38157864938884,30.105694980513476,21.89567011012321,97.21256108257415,65.92259454809877,54.93632811125643,29.78824818588158,102.71657710081658,19.57999992370605,0.0981912482529878,0.0175152500160038,103.79450035095216,0.9996512532234192,1.3577174842357635,1.063710778951645,0.0093429046683013,27.60999965667725,77.23724846908925,40.3774995803833,0.1984030045568943,89.56995845280687,10.2,139255.0,1468000.0,258.352,104.9,72.5,526304.0,1523.0,1546.0,18298.0,-0.78,0.09,0.001,42.85,26945391.0,20548.793,18431900.0,42.85714285714285,7,3,2020,9303.31,9343.82,9047.25,9208.99,247602.692095,117517.406171,1080194174.8219032,9292.993,8956.310066939666,9492.2632338389
2020-07-20,65.89250183105469,77.45200613097106,91.22024560441824,0.7089072912931442,435.2624969482422,151.82999801635742,90.9163910979542,9742.912841796877,242.66840362548828,43.482500076293945,0.1417085025459528,7.541596293449402,2.894124984741211,0.0032674999674782,26594.47021484375,292.6315498352051,1.1594111025333405,6.526470065116882,1.2726268470287323,1874.7250366210935,75.77597721780637,47.38242931887214,250.53145974827973,46.99464416503906,1.0499999821186066,232.7107277313517,11.820249795913696,195.34037455803792,10574.407470703123,10.159346350530097,1.7597499787807465,926.7000122070312,2.237500011920929,3227.824951171875,130.44825483286888,30.824703992639268,22.17523687998608,97.97377187300688,66.7956303603701,55.91928927310645,29.683813560247053,101.99295125579069,22.266000270843502,0.0991465002298355,0.0183290005661547,98.15900039672852,0.9995275139808656,1.3448275327682495,1.080536961555481,0.0094019372481852,25.96500015258789,77.48371874573567,41.20250129699707,0.2119247503578663,89.18785492503184,10.2,139255.0,1393000.0,258.352,104.9,72.5,526304.0,1523.0,1546.0,18298.0,-0.84,0.09,0.003,43.3,26945391.0,20548.793,18435556.25,42.85714285714285,7,3,2020,9208.99,10111.0,9131.0,9931.54,346433.535115,167612.904868,1596041010.699757,9318.143,8967.122768244675,9395.797587957202
2020-07-27,75.20999908447266,77.8537770994177,94.3916710975932,0.7183658182621002,439.9725036621094,157.1492462158203,100.29882716772174,11011.335693359377,287.2901191711426,42.97999954223633,0.1368535012006759,7.950792908668518,2.871625006198883,0.0033772500464692,26368.59521484375,365.0732727050781,1.17801433801651,7.302476525306702,1.3034922778606417,1952.0500183105469,74.27974859413001,43.139157715477324,256.1528013607022,56.31576156616211,1.8799999952316284,246.88393379589328,12.274250030517578,195.35955768492187,10811.88232421875,10.517378029442868,1.8100000023841856,927.4250183105468,2.7100000381469727,3254.635009765625,131.564621800366,29.88936715251141,22.058368067697824,98.05731645814384,66.60985878324976,55.270806439895054,30.60024759276549,105.02448972794278,24.378249645233154,0.102523248642683,0.0192564995959401,97.32033348083496,1.0109035074710846,1.3401699662208555,1.094620168209076,0.0094810803420841,25.1899995803833,79.89889790803868,40.29750061035156,0.2770902439951896,92.15105428285244,10.2,139255.0,1260000.0,258.352,104.9,72.5,526304.0,1523.0,1546.0,18298.0,-0.9,0.09,0.0,43.39,26945391.0,20548.793,18442881.25,52.85714285714285,7,3,2020,9931.54,12123.46,9917.21,11071.35,637793.811724,308283.879719,3405894056.7549586,9553.244,9352.753980058027,9233.52462284293
2020-08-03,83.51249885559082,80.42413687565646,96.95916716316566,0.71566241979599,451.05250549316406,158.54500198364258,108.17012311737123,11566.557373046877,301.9582214355469,44.48250102996826,0.143774501979351,12.559950590133669,2.824999988079071,0.0034675000351853,27214.3955078125,389.1200942993164,1.1798408329486847,6.961461663246155,1.306483417749405,2009.6749877929688,74.40503411577296,43.11910499285506,263.88364542832545,57.74776268005371,4.212500035762787,264.5531706287843,12.344749927520752,204.66528492079425,11139.67236328125,11.118874706307295,2.1529999375343323,966.1749877929688,3.7174999713897705,3334.907531738281,134.24480343547413,30.486831724208567,22.5510493478704,98.65375172286436,68.91084567249484,55.85785034090553,30.926321526319956,109.36866544334902,27.246500492095947,0.1053554993122816,0.0202354998327791,97.4640007019043,1.0059294998645782,1.3361700177192688,1.0949268639087677,0.009444632101804,22.84999942779541,82.0700143056994,41.38500118255615,0.295024000108242,94.7657115200456,8.4,140819.0,1044000.0,259.316,105.235,74.1,530735.0,1401.0,1529.0,18364.3,-1.02,0.1,0.0,43.76,26945391.0,20548.793,18450187.5,75.42857142857143,8,3,2020,11071.36,11909.94,10936.0,11681.68,403167.45146,190641.833287,2197221620.1337314,9776.585000000001,9764.877897123666,9176.856519206462
2020-08-10,80.96500205993652,81.61613154007455,94.890906174803,0.7149749845266342,445.6725006103516,157.33200073242188,110.90896383059857,11783.07763671875,300.5724182128906,44.94499969482422,0.1370957512408495,17.451200485229492,2.849749982357025,0.0034990000422112,27876.28271484375,420.0186538696289,1.1815804541110992,7.078833699226379,1.3081227838993073,1947.350006103516,74.93822640731977,43.88088344359157,263.39517631640825,61.06631374359131,3.9274998903274536,261.6343942751752,14.059750080108644,199.8444475867885,11113.794921875,11.374675458818604,2.293999969959259,965.1750183105468,3.722500026226044,3365.0075073242188,137.69004116486258,31.57873002384332,23.14455803218728,98.91599429693754,71.76675257953754,56.91817229121239,30.70829851133816,109.10181518092077,26.46975040435791,0.1103567518293857,0.0260122502222657,105.58699989318848,1.0053690075874329,1.326107531785965,1.097229391336441,0.0093921315856277,22.3274998664856,82.28990929071972,42.032498359680176,0.2968872562050819,95.44435653543827,8.4,140819.0,884000.0,259.316,105.235,74.1,530735.0,1401.0,1529.0,18364.3,-1.02,0.1,0.008,44.19,26945391.0,20548.793,18453843.75,76.71428571428571,8,3,2020,11681.69,12067.35,11125.0,11911.0,468167.72232,224176.827366,2620954475.1044083,9992.986,10136.382242362812,9193.26980887681
2020-08-17,82.78750038146973,86.01745053873822,99.97498728185708,0.7206432521343231,468.8600006103516,163.04524612426758,118.8572251176218,11784.389404296877,292.95194244384766,44.459999084472656,0.1268362514674663,15.779778718948364,2.922625064849853,0.003474999917671,27846.68017578125,402.0796508789063,1.1830011904239657,6.977774620056152,1.3128344118595123,1945.225006103516,77.72863958871795,44.20398394222552,271.77981026741,62.01364612579346,3.017500042915344,264.6949795452681,14.53950023651123,204.2548975069704,11478.3125,12.458054518730307,2.410999953746796,934.4999847412108,3.872499942779541,3387.242431640625,140.3726293561921,30.072724740645057,22.447931110900534,99.20609605273322,71.15377545009451,56.5859735540456,30.526723880394965,112.52281974507662,27.06100034713745,0.1058990005403757,0.0262179998680949,131.13799667358398,1.004483982920647,1.3186025023460388,1.099268227815628,0.009452358353883,22.667500495910645,82.68618383195515,42.29249954223633,0.2927677482366562,95.66898230840845,8.4,140819.0,927000.0,259.316,105.235,74.1,530735.0,1401.0,1529.0,18364.3,-0.97,0.1,0.054,44.91,26945391.0,20548.793,18461156.25,79.42857142857143,8,3,2020,11910.99,12468.0,11376.81,11648.13,426710.483502,205750.910997,2440973815.7736926,10223.589,10448.053020087065,9356.018610839501
2020-08-24,85.29250144958496,88.3651410775578,104.5391825145222,0.7265748977661133,509.0250015258789,168.9269981384277,122.2414266356345,11604.146240234377,278.1613998413086,45.117499351501465,0.1163982506841421,16.090888261795044,2.9808749556541443,0.0033074999810196,28520.70947265625,414.9526977539063,1.187564730644226,6.636559247970581,1.3279248476028442,1952.8499755859373,80.9466139112501,44.98257480506889,281.9629967162567,60.766469955444336,2.509999930858612,288.8287469495254,14.709499835968018,216.82383386518467,11893.809814453123,12.945981315812665,2.611250042915344,933.3249969482422,3.5299999713897705,3484.594970703125,144.17397729975082,29.980018472967224,23.04373032589258,99.77932940134068,72.67924406728716,57.89201828248575,30.9327215891602,117.28287823929529,27.323500156402588,0.0985067505389452,0.0260967500507831,144.5468292236328,1.0031610131263733,1.3116724789142609,1.1039935052394867,0.0094602457247674,23.482499599456787,84.4380617229152,42.98750019073486,0.2787232473492622,97.79123807179263,8.4,140819.0,876000.0,259.316,105.235,74.1,530735.0,1401.0,1529.0,18364.3,-1.02,0.1,0.0,44.43,26945391.0,20548.793,18468475.0,78.57142857142857,8,3,2020,11648.12,11824.9,11117.64,11711.16,355153.169372,172004.217622,1975725317.1695063,10465.236,10728.17838391207,9723.456549474859
2020-08-31,83.65750122070312,85.75847664552566,101.63597870497937,0.7287194132804871,498.1175003051758,165.65775299072266,119.64218572482312,10643.614990234377,241.5895767211914,43.53249931335449,0.1000795010477304,13.06763243675232,3.02412497997284,0.0028965000528842,28282.66259765625,377.67769622802734,1.186771184206009,5.528809905052185,1.331018090248108,1937.9500122070312,79.94889686951134,45.39765488411221,277.65639937576685,51.609392166137695,2.1774999499320984,283.7128950920187,14.3125,208.44096791553403,11707.4326171875,12.877575316448814,2.566500008106232,907.6749877929688,3.159999966621399,3447.914978027344,142.44895161137407,28.991121777561283,23.24538385280418,98.76049830931004,72.61655750598042,58.69295461107421,30.971088666396803,114.67686074211558,27.149250030517575,0.0822907499969005,0.0344577496871352,142.5958366394043,1.006594493985176,1.3068900108337402,1.098448485136032,0.0094272268470376,30.387499809265137,83.71919527194713,40.61499977111816,0.2539997547864914,97.30444720875283,8.4,140819.0,881000.0,259.316,105.235,74.1,530735.0,1401.0,1529.0,18364.3,-1.08,0.1,0.011,45.22,26945391.0,20548.793,18475806.25,75.57142857142857,8,3,2020,11711.17,12050.85,9825.0,10256.2,581777.756525,272514.508229,2978112998.7570977,10579.221000000001,10708.182051396805,10320.943840465725
2020-09-07,77.75749778747559,82.82507384700978,96.62681622010692,0.7264223396778107,476.432502746582,158.3288803100586,110.79560277291708,10285.710693359377,223.679988861084,40.347500801086426,0.0940982513129711,12.112169981002808,3.022499978542328,0.0027777499635703,27746.14306640625,361.5885467529297,1.1841583847999573,5.107199907302856,1.290623277425766,1935.350006103516,75.86479107665343,44.2825146110325,264.90687436242587,48.24371814727783,1.85999995470047,267.52912621704536,14.10574984550476,198.2396119110166,11171.590087890623,12.238810125277189,2.3425000309944157,930.9500122070312,2.9125000834465027,3354.489990234375,141.09924778671171,27.186394448684386,22.6977063908104,97.36107608436964,71.88285486076026,58.77486369546688,30.48942519899122,109.54898105030234,26.661499977111816,0.0800165012478828,0.0314242499880492,122.85916709899902,1.0004552453756332,1.316970020532608,1.0981903076171875,0.0094239718746393,29.045000553131104,80.58636115457375,37.595001220703125,0.2420057505369186,93.401227442414,7.8,141770.0,892000.0,259.997,105.395,80.4,541302.0,1463.0,1624.0,18596.6,-0.98,0.09,0.0,40.67,26945391.0,20548.793,18479468.75,57.142857142857146,9,3,2020,10255.89,10580.11,9850.0,10332.83,366759.994048,176070.937008,1803672847.9852383,10705.563,10689.98182307545,11065.498102428794
2020-09-14,76.01000022888184,87.04849433787778,99.4315699709064,0.7306997776031494,473.2799911499024,150.03437423706055,106.91958691412636,10819.1611328125,228.54525756835935,42.35500144958496,0.0913514997810125,10.39292049407959,3.09012508392334,0.0027889999910257,27791.89501953125,373.1725006103516,1.183095633983612,5.14696216583252,1.2908431589603424,1951.5999755859373,73.28462695718764,44.79857539507266,261.70365803685104,47.69421005249024,2.004999965429306,256.7275367509655,15.898749828338625,194.28030794009211,11034.6904296875,12.384322213708726,2.1052500307559967,946.4499969482422,3.0634999871253967,3340.06494140625,139.66292989907186,27.62315363476499,22.73436715717809,98.10371760563017,73.33399939685182,60.04905919511093,30.7419753372199,108.47194249397074,27.030250072479248,0.0783812496811151,0.0279384995810687,143.2949981689453,1.004161715507507,1.3194250166416168,1.09854918718338,0.0095345482695847,26.355000019073486,81.85375089006146,40.132500648498535,0.2471007481217384,94.5754779159958,7.8,141770.0,861000.0,259.997,105.395,80.4,541302.0,1463.0,1624.0,18596.6,-0.97,0.09,0.001,38.57,26945391.0,20548.793,18486800.0,39.42857142857143,9,3,2020,10332.84,11179.79,10212.34,10920.28,374339.558814,182800.562676,1979747774.6951149,10867.316,10704.41788279889,11580.796477895923
2020-09-21,77.1974983215332,86.78225898103322,100.7498921980036,0.7111832052469254,476.07250213623047,152.44062423706055,107.38762316884,10684.17724609375,223.2904319763184,42.02499866485596,0.0951927509158849,10.039337992668152,2.993500053882599,0.0026804999797604,27092.41064453125,352.28978729248047,1.168811172246933,5.34283185005188,1.278642475605011,1878.2749633789065,71.46134606627622,44.55625262951845,261.5797106349961,45.59395408630371,1.847499966621399,251.7534783966132,14.864000082015991,197.4987573001643,11046.79736328125,12.597010545650784,2.0982499420642853,849.9499816894531,2.685000002384186,3282.429992675781,137.8921665609409,25.216841102954707,21.561103211850597,95.27471110654702,70.79851838706098,56.88403616352605,29.45577023114336,108.54406955484966,23.580999851226807,0.0728479996323585,0.0266482499428093,135.13833045959473,1.001993715763092,1.3337949812412262,1.082471340894699,0.0095045906491577,27.28249979019165,81.33060373441657,40.107500076293945,0.238487746566534,93.8416688380971,7.8,141770.0,859000.0,259.997,105.395,80.4,541302.0,1463.0,1624.0,18596.6,-0.94,0.09,0.054,40.37,26945391.0,20548.793,18494106.25,47.85714285714285,9,3,2020,10920.28,10988.86,10136.82,10774.25,331299.291081,161067.804774,1701606859.4703984,11023.842,10708.527373020486,11706.19654069756
2020-09-28,81.59250068664551,89.58496933883045,105.42766995142294,0.7152284234762192,484.5299987792969,157.3896255493164,111.1563814764349,10675.30078125,222.7032699584961,39.98750019073486,0.0973695013672113,9.669391632080078,2.958124935626984,0.0026372499996796,27686.29296875,352.72239685058594,1.170472502708435,5.245769381523132,1.2900857031345367,1896.449981689453,72.80878415573966,45.97430065871391,268.1076084676023,46.54380035400391,1.972500056028366,259.5343351344378,14.78724980354309,200.10861615689765,11335.8203125,13.120915679904826,2.4212499856948853,885.3000183105469,2.627499938011169,3354.4274291992188,142.44152332860705,24.720776974513207,22.271860966923303,97.42436396932492,72.0666657038029,57.76455064443447,30.934518694880843,111.51673902893648,23.76925039291382,0.073005249723792,0.0263142501935362,140.8883285522461,1.0014425069093704,1.3328275382518768,1.085013747215271,0.0094922890421003,27.51499938964844,84.07077775317305,37.88249969482422,0.2438327521085739,97.29688146673756,7.8,141770.0,795000.0,259.997,105.395,80.4,541302.0,1463.0,1624.0,18596.6,-0.94,0.09,0.0,41.59,26945391.0,20548.793,18501443.75,43.142857142857146,9,3,2020,10774.26,10950.0,10374.0,10666.63,288073.126989,139276.825415,1488932592.7380245,11097.351,10707.466357480156,11526.24328004081
2020-10-05,84.3174991607666,97.32266413868211,111.54911405676312,0.7175074070692062,495.9975051879883,161.90362548828125,112.91400047869342,11184.8662109375,235.44640731811523,42.117499351501465,0.1033779997378587,10.281774044036863,3.0478749871253967,0.002656000026036,28394.52978515625,365.77420806884766,1.1803749203681946,5.352144360542297,1.3000077307224274,1910.2999877929688,74.21990647759466,47.28015375938442,274.9830302748556,49.48592376708984,2.1350000202655792,261.1218689709085,16.04724955558777,205.01324277851785,11608.8896484375,13.68252320560185,2.687250018119812,883.9250183105469,2.9675000309944157,3447.789978027344,146.52816154309883,25.700810827741144,23.08521791592632,100.23433429638315,74.7052499635829,60.2152322956845,31.516632227312638,114.63933522520114,24.70700025558472,0.075943749397993,0.0263067497871816,142.75416946411133,1.0008409917354584,1.317282497882843,1.096789836883545,0.0094617996364831,26.007500171661377,88.80809288178403,39.91749954223633,0.2532312497496605,102.74088815111212,6.9,142461.0,785000.0,260.319,105.47,81.8,539114.0,1543.0,1613.0,18751.3,-0.9,0.09,0.0,39.78,27747798.0,20771.691,18508768.75,43.42857142857143,10,4,2020,10666.62,11491.0,10525.0,11369.02,288404.145494,143943.509816,1572213941.2261007,11127.117999999999,10715.009927976438,11125.331648263815
2020-10-12,83.70999908447266,99.90754594623964,114.31256119567456,0.7117820233106613,504.2724990844727,165.0207481384277,117.39702190270329,11472.0498046875,250.06644821166992,42.70249938964844,0.1078624986112117,10.95706033706665,3.0636250376701355,0.0026092499028891,28588.01513671875,378.536735534668,1.1739373803138733,5.285120964050293,1.2946613132953644,1902.6500244140625,77.79208815615509,48.38408512069168,282.1671048052906,48.24395179748535,2.2674999833106995,267.6660005064522,16.528249740600586,211.8061326086329,11918.64501953125,13.894152125767508,2.7777499556541443,866.4749908447266,3.2364999651908875,3489.5900268554688,147.8181215428662,25.409735611459737,23.05987839753082,100.53956472293066,75.75881171534202,60.46898063862637,31.142487905920824,117.14269561242142,24.57099962234497,0.0787194985896349,0.0262512499466538,148.4866714477539,1.0008732676506042,1.3176299929618835,1.0950419306755066,0.0094911060295999,27.00499963760376,90.4077422091086,40.52250099182129,0.2457497492432594,104.6879030069825,6.9,142461.0,839000.0,260.319,105.47,81.8,539114.0,1543.0,1613.0,18751.3,-0.94,0.09,0.0,40.5,27747798.0,20771.691,18512437.5,49.142857142857146,10,4,2020,11369.02,11720.01,11172.0,11503.14,279657.097047,134837.128099,1537962674.7274244,11109.264,10721.837478312733,10732.371945372683
2020-10-19,81.74749946594238,96.75510239588354,113.58256203003928,0.7107850760221481,491.0374984741211,160.7467498779297,113.30159179867854,12699.955322265623,264.8745307922363,42.077500343322754,0.1065855026245117,11.774853706359863,3.131874978542328,0.0026422499795444,28355.8125,400.0445709228516,1.1828767955303192,5.47007954120636,1.3044531643390656,1906.850006103516,79.87537746674892,44.93994789895762,277.4912118784207,55.951416015625,2.7074999809265137,277.367780637933,17.956000328063965,208.41932466101048,11719.335205078123,13.559257192890998,2.9114999771118164,892.5750122070312,3.8325001001358032,3462.1349487304688,147.1068595197038,25.30712055788849,23.15203501209893,100.14580884095788,75.6585653275221,60.22437443221023,30.64400128690445,114.75497261051537,24.79400062561035,0.0832810010761022,0.0269477497786283,141.30333709716797,1.0009929835796356,1.3132599890232086,1.1028002500534058,0.0095342795830219,28.17249965667725,89.32641754271691,40.242499351501465,0.2525964900851249,103.35056491581706,6.9,142461.0,804000.0,260.319,105.47,81.8,539114.0,1543.0,1613.0,18751.3,-0.93,0.09,0.004,41.29,27747798.0,20771.691,18519775.0,54.71428571428572,10,4,2020,11503.14,13350.0,11407.96,13028.83,418993.354681,209978.707942,2630019669.925434,11221.047,10811.842340863526,10534.109817924229
2020-10-26,77.44500160217285,89.88266322813419,108.25642119261347,0.7059243023395538,456.3725051879883,154.78699493408203,107.92394108517732,13581.203857421877,267.1836280822754,38.30749988555908,0.0985345002263784,11.573155641555786,3.0578749775886536,0.0026437500491738,26833.197265625,394.7721633911133,1.171301782131195,5.300463676452637,1.296337515115738,1880.6000366210935,79.89328154921235,40.39411829970159,265.1815583928725,56.00101947784424,2.3325000405311584,266.38203643573826,17.017000675201416,197.4602552065088,11193.5,12.727940711701262,3.252750039100647,853.4999847412109,3.4699999690055847,3303.8199462890625,139.77492702621151,23.94177461329489,22.0967397647606,95.69548581285238,71.45830626890788,57.85599957221075,29.47012401724288,108.26887946292052,23.679999828338623,0.0790362507104873,0.0260379998944699,132.14083290100098,1.0004892349243164,1.3289424777030945,1.0938356220722198,0.0095654388424009,36.605000019073486,85.32367591152263,36.58250045776367,0.2427075020968914,98.76658659094024,6.9,142461.0,776000.0,260.319,105.47,81.8,539114.0,1543.0,1613.0,18751.3,-0.91,0.09,0.001,39.06,27747798.0,20771.691,18527112.5,69.71428571428571,10,4,2020,13029.64,14100.0,12765.0,13761.5,485358.521716,238136.182472,3197570003.56901,11432.384,11067.8618083486,10722.821141852959
2020-11-02,82.90249824523926,95.88742312109024,116.53186462520316,0.7201676219701767,482.682502746582,161.74574661254883,113.18946582387905,15026.43310546875,262.6739883422852,39.03750038146973,0.1036192495375871,12.122061014175417,3.1288750171661377,0.002673249982763,27958.28271484375,436.0244445800781,1.1811864078044891,5.1445008516311646,1.3087676763534546,1933.0750427246091,86.13059348476864,40.701508677385085,279.8728794934126,59.52968406677246,2.3675000071525574,284.0462737708231,17.998000144958496,209.7326660349762,11814.21240234375,13.986008041330516,3.008749961853028,883.1750030517578,3.605000078678131,3456.91748046875,145.16353753289258,24.44017009111042,22.86172092511636,101.04518115219334,74.80081183609093,61.39713135236151,30.41351449971152,114.49717356983896,25.220499992370605,0.080485749989748,0.0251322500407695,141.01666641235352,1.0007882714271543,1.3026374578475952,1.1055421233177185,0.0096351546235382,28.2649998664856,92.5716100210375,36.8174991607666,0.2507667504251003,107.10583640599074,6.7,142731.0,773000.0,260.911,105.578,76.9,533941.0,1553.0,1714.0,18979.1,-0.84,0.09,0.0,37.78,27747798.0,20771.691,18530762.5,69.71428571428571,11,4,2020,13761.49,15960.0,13195.05,15475.1,665037.146452,321015.027754,4706961988.142007,11808.778,11704.6954155733,10883.354887789375
2020-11-09,81.88500022888184,95.86806469405798,113.91058003680962,0.7260593324899673,471.0224990844727,157.07625198364258,115.9048500999403,15809.970703125,248.87252807617188,42.61999988555908,0.1021209992468357,12.36964988708496,3.1608749628067017,0.0027639999752864,29448.8955078125,451.3748245239258,1.1835830211639404,5.046527981758118,1.319946050643921,1895.4249572753904,88.04816993835848,41.31847860486902,282.3129381461311,62.04463005065918,2.3225000500679016,276.3176960236216,19.05899953842163,209.47770870107664,11914.199951171877,13.439108721770625,2.9744999408721924,881.9250183105469,3.819999992847442,3582.0499267578125,148.29068291953683,28.19278111945496,24.85019682709936,104.5308686547794,79.88682454910636,63.514035590554656,32.28527495445862,116.91620157116152,24.49050045013428,0.0807252489030361,0.0253445003181695,138.7941665649414,1.0005132257938385,1.3083525002002716,1.0981035828590393,0.0095657266210764,23.97000026702881,94.68112154604958,40.1200008392334,0.265603244304657,109.41228238670924,6.7,142731.0,737000.0,260.911,105.578,76.9,533941.0,1553.0,1714.0,18979.1,-0.77,0.09,0.0,40.93,27747798.0,20771.691,18538125.0,81.0,11,4,2020,15475.1,16480.0,14805.54,15957.0,529729.426496,254650.963842,4010574090.198385,12378.858,13325.923235232081,11059.241230895454
2020-11-16,83.96500015258789,100.07987230778818,119.32412645973233,0.7283421903848648,463.78250885009766,155.75925064086914,115.37739140368345,17889.332763671875,279.41809463500977,44.43749904632568,0.1354777477681636,14.134406328201294,3.269249975681305,0.0032687499769963,29429.90771484375,535.2525863647461,1.18553164601326,5.929003357887268,1.3263696432113647,1872.3999938964844,87.04783047164847,41.18513134686035,282.7334144277091,78.89576148986816,3.1550000309944157,270.7240818541741,21.585750579833984,204.08715333041505,11925.667724609377,13.18391892706246,2.6780000925064087,946.8249816894532,5.589999914169312,3571.8575439453125,148.69334386390085,30.02092891963133,25.18890026550158,102.29406932061036,81.18979143313659,63.75179036353387,31.910071801456738,116.23675645481792,24.37874984741211,0.1001397520303726,0.0283254999667406,157.66000366210938,0.9994420111179352,1.3088324666023254,1.0973483324050903,0.0096060016658157,23.395000457763672,96.56590590969388,41.727500915527344,0.4118387401103973,111.34486019387084,6.7,142731.0,738000.0,260.911,105.578,76.9,533941.0,1553.0,1714.0,18979.1,-0.81,0.09,0.013,42.71,27747798.0,20771.691,18541781.25,88.28571428571429,11,4,2020,15957.0,18965.9,15864.0,18414.43,684197.642829,337923.623528,6009987170.948491,13187.018,15352.616062610454,11511.830234646884
2020-11-23,86.42500114440918,106.731818292523,127.46940732951292,0.7345446944236755,473.1600036621094,158.40412139892578,113.15763807536644,18024.2421875,297.2743682861328,47.58250045776367,0.1596957482397556,13.587867736816406,3.366249978542328,0.003532999951858,29817.51708984375,564.5467071533203,1.1924091577529907,6.574223637580872,1.3320334255695343,1793.0750122070312,88.09420316957801,42.590894648980736,288.30132157294,79.3178768157959,4.572500169277191,273.7921292862031,25.922249794006348,206.17461897929604,12160.1650390625,13.16522423846061,2.8244999647140503,955.5999908447266,6.5299999713897705,3618.445068359375,151.74086865211865,32.368400340680665,26.041441189477872,101.65796428007452,82.79344219280354,65.3223159372463,31.64206522395685,117.46796594135174,22.763750076293945,0.1799927502870559,0.0319042494520545,189.3408317565918,1.0007555186748505,1.3017249703407288,1.1024665534496307,0.0096054973546415,21.28749990463257,99.2142503495936,44.90249919891357,0.6038107499480247,114.15031065795353,6.7,142731.0,793000.0,260.911,105.578,76.9,533941.0,1553.0,1714.0,18979.1,-0.85,0.09,0.485,45.0,27747798.0,20771.691,18549112.5,90.28571428571428,11,4,2020,18413.88,19484.21,16188.0,18184.99,676351.579974,329021.498015,5912525631.9466915,13913.489000000001,16358.664717644475,12271.045682651471
2020-11-30,92.7450008392334,111.46447770497544,131.66932197191926,0.7417524456977844,483.5025024414063,158.74574661254883,118.45667182239762,19178.634765625,292.37164306640625,48.78250026702881,0.1595395021140575,13.593504905700684,3.4892499446868896,0.0034059999743476,30029.60498046875,600.5213012695312,1.2090635895729065,6.302074670791626,1.3427839577198029,1820.4250183105469,90.05931390361707,46.08268871140177,294.4840899548383,84.11361694335938,5.662500143051148,279.2314904920075,32.84849977493286,206.6545719273425,12421.70263671875,13.401347687520456,2.6520000100135803,1044.4249572753906,9.37250006198883,3672.95751953125,151.9988492965798,33.21441937373511,26.456181201125148,104.04388320969996,82.80043809435153,65.4023366140861,31.803938074925284,120.3182856601109,23.72649955749512,0.1790792495012283,0.0312605001963675,195.5908317565918,1.0009944587945938,1.283232480287552,1.1175568997859957,0.0096000514458864,21.110000133514404,104.1642083274636,45.77999877929688,0.616386741399765,119.7097950872379,6.7,142731.0,737000.0,260.911,105.578,76.9,533941.0,1553.0,1714.0,18979.1,-0.93,0.09,0.006,46.84,27747798.0,20771.691,18556431.25,89.28571428571429,11,4,2020,18185.0,19888.0,18001.12,19359.4,537012.142931,267861.961556,5119962447.319706,14772.004,17522.69100120902,13237.113874290653
2020-12-07,91.83250045776369,118.90931811261464,136.66407077524286,0.7498473525047302,479.98250579833984,156.12237548828125,119.88035498515752,18829.03173828125,274.1788330078125,49.78000068664551,0.1493592485785484,12.711235284805298,3.525874972343445,0.0032302500912919,30058.3193359375,578.8106842041016,1.2115730345249176,6.028832316398621,1.3266883790493011,1844.050048828125,88.48222113747185,45.17188621520411,294.1657557781639,80.23975944519043,5.009999990463257,275.16313771425064,29.89124965667725,205.61751801756657,12407.074951171877,13.110703778818852,2.5450000762939453,1026.3249816894531,9.242499828338625,3668.1774291992183,150.99824244772867,34.2384252299371,26.290283528048544,104.25126236470624,82.8097617944108,64.99313159288204,31.2497003301338,120.159266614648,24.157249927520752,0.1673377491533756,0.0291067506186664,203.38666915893555,1.000172272324562,1.2771050035953522,1.1243801712989807,0.009605802828446,22.96499967575073,103.56857024124984,46.45750045776367,0.5332605019211769,118.96852870042,6.7,142548.0,873000.0,262.045,105.904,80.7,538548.0,1635.0,1744.0,19133.2,-0.94,0.09,0.001,48.63,27747798.0,20771.691,18563756.25,93.28571428571428,12,4,2020,19358.67,19420.91,17572.33,19174.99,414166.997237,198951.588099,3686743363.8611174,15622.84,18144.14565979552,14442.125374201054
2020-12-14,95.41749954223631,122.3028273698088,143.24226201000613,0.7594421654939651,496.3675079345703,159.91012954711914,123.18186261893752,22544.23974609375,332.4568634033203,51.54249954223633,0.1620217524468898,13.23360276222229,3.59799998998642,0.0042765000835061,30137.71044921875,631.8835754394531,1.2225994765758514,6.428457975387573,1.3488774001598358,1872.574951171875,86.5517010633841,43.72996418804531,300.1734395397545,108.02994346618652,8.552500128746033,273.8866626687159,30.027750968933105,209.89348461546936,12674.019775390623,13.234815629202508,2.6800000071525574,1036.7750244140625,10.212500095367432,3697.839965820313,153.7251369412939,33.43220263228541,26.25111397196961,104.85938868635496,82.74216082651094,65.5600672755771,31.292570645797014,122.89877864223774,25.51574993133545,0.1800832524895668,0.0309477499686181,224.1666717529297,0.9997872561216354,1.2763350009918213,1.1306320428848269,0.0096705500036478,22.36999988555908,104.781593285483,48.29249858856201,0.5520132482051849,120.17827438424578,6.7,142548.0,886000.0,262.045,105.904,80.7,538548.0,1635.0,1744.0,19133.2,-0.98,0.09,0.1,50.27,27747798.0,20771.691,18571093.75,91.42857142857144,12,4,2020,19174.99,24295.0,19000.0,23455.52,650661.7243,325698.820718,7137840985.519615,16831.49,20239.357005480415,15614.92044719269
2020-12-21,92.35749816894533,128.12823024278833,145.82367976000083,0.7603198438882828,499.5349960327149,159.22937774658203,127.42105447461506,25748.19921875,330.59864807128906,51.02500057220459,0.1507775001227855,11.505088090896606,3.5492499470710754,0.004535500134807,30114.85205078125,659.2606201171875,1.224643975496292,5.839290976524353,1.3394136726856232,1882.2000122070312,85.91959582131574,42.14339270292229,299.7652423840075,122.40582847595216,11.242500066757202,267.2653601407874,32.08600091934204,214.25869937835927,12664.320068359377,13.039766396887956,2.589249968528748,1023.125,12.922499895095823,3688.460021972656,151.99160411342132,31.8532610146929,26.54373859746161,103.51730632322749,81.77950817651072,65.16227598152476,30.73254735706638,123.62398977137626,25.97175025939941,0.1457582470029592,0.028407999780029,217.1891632080078,0.9986339956521988,1.285147488117218,1.1173938810825348,0.0096707113552838,23.977499961853027,103.39337587159164,47.80999946594238,0.3388020060956478,119.54032969460678,6.7,142548.0,815000.0,262.045,105.904,80.7,538548.0,1635.0,1744.0,19133.2,-1.0,0.09,0.435,50.61,27747798.0,20771.691,18574768.75,92.42857142857144,12,4,2020,23455.54,28422.0,21815.0,26281.66,688906.560557,340821.148811,8361819640.037464,18309.341999999997,22673.698397780514,16858.23030218836
2020-12-28,91.49749946594238,122.38002455327688,141.6612298895693,0.7793287187814713,500.2925033569336,162.9650001525879,130.86177348333337,31539.97607421875,402.12650299072266,51.53499984741211,0.1930285058915615,13.028759956359863,3.5312499403953552,0.0094217498553916,30531.16796875,910.196548461914,1.2181127667427063,6.32310688495636,1.36184960603714,1890.2999877929688,87.35424244546891,44.47805184191017,304.9589571849128,151.3667507171631,11.289999723434448,271.84130902006547,38.027000427246094,215.0521193063825,12862.28515625,12.987589087614356,2.465749979019165,1068.9500122070312,16.709749937057495,3748.842529296875,154.8675718530234,32.25381283118953,27.205013928114884,105.73860850004333,82.61165789351648,66.18171204688605,31.61757765050867,125.67970592766156,26.405500411987305,0.1378665026277303,0.0288502504117786,232.08832931518555,1.000101000070572,1.267479985952377,1.124205231666565,0.0096776743885129,22.552499771118164,105.5162394515298,48.375,0.2331357523798942,121.04354885786496,6.7,142548.0,773000.0,262.045,105.904,80.7,538548.0,1635.0,1744.0,19133.2,-1.03,0.09,0.901,50.88,27747798.0,20771.691,18582087.5,91.0,12,4,2020,26281.54,34778.11,25880.0,33000.05,625132.263203,311314.23651,9257292755.772127,20306.464,26939.18671847403,17899.863810438084
2021-01-04,93.75500106811523,135.9937948800262,151.38334761457173,0.7752746194601059,484.2475051879883,159.60699844360352,127.98030315751848,36845.59423828125,556.2263793945312,54.71500110626221,0.2893960066139698,15.884546995162964,3.653125047683716,0.0097547497134655,30817.79052734375,1196.1812286376953,1.2245410084724426,8.388745069503784,1.359454721212387,1865.5499877929688,88.21724234149288,46.40361676048445,307.4179571603717,167.90849685668945,22.91999983787537,266.2825316082783,50.9612512588501,210.8268137116876,12965.2275390625,13.16337739992662,2.684000015258789,1077.25,23.980000019073486,3784.68994140625,160.3846013101316,34.45230314953496,28.24511897941552,108.51105967707802,83.18745840582366,69.31550714999128,31.05725116080297,125.27878234842385,25.32925033569336,0.2776815071702003,0.0324552506208419,280.1433296203613,1.0005357712507248,1.269610017538071,1.1317271292209623,0.0096500448416918,23.43249988555908,111.09681526639416,51.102500915527344,0.3054225072264671,126.89009878185414,6.4,142913.0,803000.0,262.639,106.244,79.0,559230.0,1639.0,1883.0,19359.7,-1.08,0.09,0.001,50.37,28132570.0,21058.379,18589418.75,93.14285714285714,1,1,2021,33000.05,41950.0,28130.0,38150.02,850700.266152,416647.067571,15120789261.095215,22745.316,31630.715220203227,18859.746585872334
2021-01-11,90.87750053405762,139.82739467841452,153.11577776810515,0.7747946381568909,464.0599899291992,156.05562210083008,125.17202604831265,35524.64013671875,492.0742111206055,55.5674991607666,0.3470975011587143,20.628347873687744,3.609499990940094,0.0087334997951984,30866.2421875,1168.8301696777344,1.2115635871887207,7.632479310035706,1.3583548069000244,1835.8250122070312,86.47817640830715,51.22659185217699,304.7885522442457,142.7282314300537,22.824999809265137,251.51460727400632,56.30624961853027,206.50017632872053,12850.752197265623,13.097674666138836,2.740499973297119,1083.1499633789062,25.27500057220459,3777.4300537109375,160.85079690421188,36.24336179519346,28.722323962924804,109.4702774914718,83.42383960288245,69.61419519510643,31.21709512193009,123.79356593412876,25.030250549316406,0.2852547578513622,0.030078999698162,276.9949951171875,0.999078243970871,1.2729074954986572,1.123777151107788,0.0096268337219953,24.03499984741211,114.52764057325,52.53750038146973,0.2830442562699318,130.74144606473493,6.4,142913.0,890000.0,262.639,106.244,79.0,559230.0,1639.0,1883.0,19359.7,-0.91,0.09,0.0,54.84,28132570.0,21058.379,18596756.25,92.71428571428572,1,1,2021,38150.02,40100.0,30420.0,35828.61,897339.67445,443257.500893,15735471852.93117,24780.667,32850.780993043896,19762.40137803517
2021-01-18,92.1924991607666,144.06183806135675,158.8880815148072,0.7741660326719284,468.6425018310547,162.8626251220703,133.0693247730611,32822.00537109375,455.8292541503906,55.482500076293945,0.346695251762867,23.05860424041748,3.6261249780654903,0.0086802500300109,31032.802734375,1315.528839111328,1.2148862481117249,7.619949340820312,1.3658081591129303,1845.3499755859373,92.68225973118972,52.86739920920568,314.34728991652554,143.13146209716797,19.06249976158142,268.78069823348767,57.0027494430542,215.7515682312368,13256.94775390625,13.5314722580979,2.4947500824928284,1106.9749755859375,21.75874948501587,3831.1900024414062,163.79042792698505,35.9165564719826,28.27523444925304,110.2189562429788,83.01423347848615,68.62396453502012,31.84865873595012,127.34124691429304,25.446250438690186,0.2724759913980961,0.0296680000610649,281.7833251953125,1.0010262578725817,1.2680374681949615,1.1279493868350985,0.0096407562959939,22.15999984741211,117.59956673179646,52.44250011444092,0.2795307487249374,134.46572896881614,6.4,142913.0,844000.0,262.639,106.244,79.0,559230.0,1639.0,1883.0,19359.7,-0.99,0.09,0.0,54.21,28132570.0,21058.379,18604093.75,82.14285714285714,1,1,2021,35824.99,37850.0,28850.0,32259.9,640226.935785,310786.115973,10418110249.142012,26410.957000000002,32754.306133527447,21663.169041475016
2021-01-25,88.0099983215332,137.6511669734998,156.7122212458881,0.7660548835992813,462.5774993896485,162.010498046875,131.67495041956732,33500.52978515625,408.7162704467773,55.86000061035156,0.3426654934883117,22.806856155395508,3.5741249918937683,0.0399147497955709,30235.73974609375,1328.2671508789062,1.2131499648094175,7.451266646385193,1.3695587515830994,1850.5250244140625,91.73417361689654,50.110116811035695,309.7480896084151,131.2698574066162,20.53499984741211,263.3338791783802,60.920000076293945,224.4770906189336,13064.972412109377,13.115939124580432,2.601249933242798,1081.4000244140625,20.631250381469727,3748.375,158.7154431778959,34.04910942774683,27.103083837179238,108.34728202021012,80.24770112451137,65.71302652257214,32.09103809099095,125.7931904339402,26.576250076293945,0.3024839982390404,0.0334167503751814,272.29666900634766,1.0011224895715714,1.2779575288295746,1.1243034303188324,0.0095730647444725,31.47249984741211,112.15160282218028,52.45000076293945,0.4324655085802078,128.0557324570309,6.4,142913.0,799000.0,262.639,106.244,79.0,559230.0,1639.0,1883.0,19359.7,-1.03,0.09,2.2,55.44,28132570.0,21058.379,18607750.0,70.14285714285714,1,1,2021,32259.45,38531.9,29241.72,33092.98,747463.508509,371060.163317,12396571060.77586,27878.811999999998,32805.406684946836,24730.438459522775
2021-02-01,87.4850025177002,144.36429751154526,167.34587130642305,0.7613176554441452,484.79000091552734,167.16662216186523,132.32204498432046,37759.41455078125,442.2871170043945,58.27250003814697,0.5908022522926331,24.54594659805298,3.6142499446868896,0.0677789999172091,30890.90771484375,1564.831085205078,1.2047160267829895,8.231433033943176,1.370108187198639,1819.125030517578,101.12738704111533,52.24136533949032,319.22892185847155,148.0153846740723,22.33750009536743,263.8340860285788,75.1014986038208,231.9871356549212,13458.494873046877,13.46870061056814,2.8737499117851257,1122.2000122070312,22.459499835968018,3848.460083007813,164.292849431844,35.451818968904064,28.245119495902443,108.3028123283109,82.46655350622862,66.85947561210307,32.67308884752207,129.49061916223485,27.5482497215271,0.3696602508425712,0.0350924991071224,281.70999908447266,1.001111522316933,1.277749985456467,1.113385945558548,0.0095013971440494,24.140000343322757,114.32812193927592,55.65749931335449,0.4812515005469322,130.56780537795964,6.2,143422.0,803000.0,263.573,106.477,76.8,544891.0,1407.0,1715.0,19596.7,-1.02,0.08,0.012,56.42,28132570.0,21058.379,18615075.0,73.14285714285714,2,1,2021,33092.97,40955.51,32296.16,38795.69,583442.331544,291987.980694,10814285526.145716,29939.882,33982.890606560664,29032.76566911062
2021-02-08,92.43499946594238,152.8356338634805,180.1018640808889,0.7735368460416794,496.7199935913086,164.42162322998047,132.62745816519634,46249.6357421875,657.413330078125,61.8100004196167,0.8261115103960037,31.555922508239743,3.7663750052452087,0.0666854996234178,31412.955078125,1763.337921142578,1.2104100584983826,14.541767597198486,1.380862295627594,1825.824981689453,103.9691803121112,55.49618986340103,326.01699208727536,201.54710388183597,35.8924994468689,268.68365612509706,106.8407497406006,235.5541269782144,13740.89501953125,14.69659558270959,2.9024999737739563,1235.4000244140625,44.29749917984009,3922.95751953125,164.96921831165963,37.59939114149272,29.090644896706987,109.36266949840228,84.20091912741313,68.01282402326164,33.25840049036646,133.08653811071702,27.2814998626709,0.5022609978914261,0.0517809996381402,274.6116714477539,1.0011437386274338,1.2708375453948977,1.119441658258438,0.0095242967363446,20.86999988555908,121.824844552841,58.94000053405762,0.5595349967479706,138.31794448457387,6.2,143422.0,812000.0,263.573,106.477,76.8,544891.0,1407.0,1715.0,19596.7,-1.03,0.08,0.002,60.17,28132570.0,21058.379,18622406.25,81.14285714285714,2,1,2021,38795.69,49707.43,37988.89,48577.79,664186.270909,335475.284061,15434310277.427107,32861.721000000005,37484.597724418665,32994.219019125165
2021-02-15,90.11750030517578,150.24874388503383,179.82213645086802,0.7839175462722778,485.2125015258789,163.54437255859375,127.94408116421516,54939.484375,701.3616027832031,63.35499954223633,1.0280282646417618,33.36085224151611,4.025125086307526,0.0559795005246996,31480.37255859375,1897.8488159179688,1.2108549773693085,15.52619767189026,1.397563010454178,1784.8250427246094,104.57739678464829,56.82634253560094,323.47755771011805,223.135368347168,44.167500495910645,263.7245861215813,97.20025253295898,233.5137546613172,13629.625,14.910907283314996,3.1075000166893005,1281.7749938964844,69.12750053405762,3912.219970703125,163.84842444899243,39.1336622132683,29.892160963260974,107.77875409365734,84.7392195271562,68.62166383310412,33.09225256032028,131.82830975798143,27.278500080108643,0.4928575009107589,0.0573855005204677,262.1341552734375,1.000281736254692,1.2640250027179718,1.1178883910179138,0.0094791089650243,22.292499542236328,123.07307169174808,59.83250045776367,0.5449030101299286,139.98517598358217,6.2,143422.0,802000.0,263.573,106.477,76.8,544891.0,1407.0,1715.0,19596.7,-1.01,0.08,0.001,63.58,28132570.0,21058.379,18629768.75,93.14285714285714,2,1,2021,48580.47,58352.8,45570.79,57408.57,533487.799699,266431.948968,13868919408.71599,36685.079000000005,42972.718727155836,35433.84659720535
2021-02-22,84.17000198364258,132.22655295418477,160.58596620206492,0.7859949618577957,461.70250701904297,155.6860008239746,119.98855033512352,47762.63671875,511.4199447631836,65.6374979019165,1.229228988289833,26.171700954437256,4.1579999923706055,0.049745000898838,31196.43701171875,1517.2559509277344,1.211559236049652,11.416671514511108,1.3991971909999847,1746.5750122070312,101.04652404542426,55.541663305376936,308.4722486782474,177.97223281860352,31.96250009536743,257.9691869403239,77.32749938964844,224.94335446575627,13006.0927734375,13.908044325362985,2.817249953746796,1207.625,49.36999988555908,3835.1224365234375,156.9835407397693,41.06690268807151,30.26510824750244,105.96088137184296,85.44605296878825,68.17824519323229,32.77234544187762,126.7447149925471,26.8122501373291,0.4145984873175621,0.0473869992420077,228.2083320617676,1.0010317414999008,1.2671074867248535,1.1049514710903168,0.0094201490283012,27.09250020980835,117.60200250077182,61.40750026702881,0.4622647389769554,134.32187345418563,6.2,143422.0,702000.0,263.573,106.477,76.8,544891.0,1407.0,1715.0,19596.7,-0.79,0.08,1.1,64.73,28132570.0,21058.379,18633431.25,92.85714285714286,2,1,2021,57412.35,57508.47,43000.0,45135.66,737125.746365,358805.28068,17551047321.2073,38853.093,43154.08711277304,35297.5150921418
2021-03-01,79.5474967956543,117.72816237249344,144.8112464493408,0.7724217474460602,444.7924880981445,150.56799697875977,119.62171066318692,50015.9033203125,511.4490280151367,67.68750095367432,1.1625744700431824,28.286276817321777,4.071249961853027,0.0511300005018711,31302.11767578125,1648.4119873046875,1.1960915327072144,11.25624966621399,1.386820167303085,1707.0,103.18591953783674,55.146027568123415,301.6987181904135,185.43589782714844,31.042500495910645,260.9625739739347,64.8797492980957,223.58000671024965,12711.75732421875,12.598674779826249,2.7425000071525574,1148.499969482422,42.96749973297119,3830.429992675781,151.88926712343493,44.14606992699032,31.03650600472485,105.41808818747904,86.73570240224673,68.80546349238548,32.0541254040345,125.0469475172672,25.60225009918213,0.4129977524280548,0.0504820002242922,204.7083320617676,1.0005625188350675,1.2652499973773956,1.0813522338867188,0.0092649606522172,25.917500019073486,112.31340787522385,64.45999813079834,0.4601157531142235,128.6763095110643,6.1,144246.0,704000.0,264.847,106.898,84.9,603581.0,1668.0,1732.0,19823.4,-0.71,0.07,0.0,64.56,28132570.0,21058.379,18640762.5,64.71428571428571,3,1,2021,45134.11,52640.0,44950.53,50971.75,490819.562968,242923.901683,11891428274.15951,41322.102,43896.5468227168,34714.27710162669
2021-03-08,79.4625015258789,120.91505618928883,149.13888419779977,0.7739616930484772,440.8624954223633,153.27587890625,117.75083800005176,57448.6376953125,556.2123260498047,69.07999992370605,1.0815707743167875,29.15499353408813,4.11237508058548,0.0579769993200898,32465.68798828125,1829.4290466308596,1.1934037804603577,12.71550989151001,1.3911709785461426,1712.5499877929688,102.24778118332728,56.7626901132778,304.41361208640336,210.0086479187012,38.25250005722046,266.18297794716983,74.87500095367432,226.69102148886685,12820.002685546877,12.548182676343934,2.629499971866608,1188.374969482422,57.2475004196167,3916.550048828125,158.74685894918076,45.25591959185223,31.970056475293184,106.92011981798392,89.92350537072079,71.66354221850708,33.39413547146572,125.99122203846582,25.792499542236328,0.3986252471804619,0.0513774994760751,222.0083351135254,0.999954268336296,1.2528949677944183,1.0753669142723083,0.009186977520585,22.59999990463257,111.0578844382404,65.58250141143799,0.4512214958667755,127.90864439617144,6.1,144246.0,693000.0,264.847,106.898,84.9,603581.0,1668.0,1732.0,19823.4,-0.62,0.07,0.025,68.0,28132570.0,21058.379,18648081.25,78.71428571428571,3,1,2021,50959.11,61844.0,49274.67,58968.31,514559.698685,257377.748159,14440581804.396273,43918.928,45397.088886854115,36955.17607232625
2021-03-15,80.11499786376953,121.4068619890283,150.37192689394618,0.7765649855136871,444.5449981689453,154.24499893188477,119.07145477759646,57285.7158203125,531.5656280517578,65.12499809265137,1.2139357328414917,29.132931232452396,4.117499947547913,0.0573125006631016,32747.1982421875,1792.8367004394531,1.194148302078247,12.178821086883543,1.3888469636440277,1738.7250366210938,101.64566446137118,58.274751692236464,306.81181057335726,201.6834259033203,41.7524995803833,284.0412770725373,76.53375244140625,224.83218081237,12933.8828125,12.924603966375964,2.5145000219345093,1203.4500122070312,60.63750076293945,3924.205078125,161.02712015773648,42.76457102334379,31.87277500046919,107.64304686720432,90.67014681373853,71.8243683904377,33.776383174009496,126.3703890240274,26.22725009918213,0.4050864949822426,0.060899999924004,220.6283302307129,1.0013409852981567,1.2483899593353271,1.0773952901363373,0.0091784500982612,21.00500059127808,114.2076677593508,61.859999656677246,0.504786491394043,132.27361865748668,6.1,144246.0,699000.0,264.847,106.898,84.9,603581.0,1668.0,1732.0,19823.4,-0.65,0.07,0.003,68.78,28132570.0,21058.379,18651731.25,74.28571428571429,3,1,2021,58976.08,60633.43,53271.34,57351.56,463194.21418,226130.965148,12934458930.897257,45839.082,46213.20421528822,42358.32915332342
2021-03-22,77.76250076293945,114.066679571436,140.62491150371437,0.7626881152391434,463.2024917602539,153.52575302124023,118.75352955087249,55307.3857421875,500.7502212524414,63.617499351501465,1.1793172359466553,26.77112436294556,4.064249932765961,0.0537062501534819,32828.9990234375,1688.762664794922,1.1841940879821775,11.815683841705322,1.3782483339309692,1730.875,100.93182424204517,58.69994017682502,306.8945598532416,184.6486015319824,36.24499988555908,284.5339937579144,64.72500038146973,228.22595556552656,12941.70751953125,12.806996029463722,2.5459999442100525,1172.875,49.06500053405762,3945.192504882813,159.94984392895412,42.14917029189041,31.54382485908824,108.68885631258146,91.0399402027012,72.36198893222836,34.295457067908416,126.9982762892893,25.160999298095703,0.3937214910984039,0.0621182471513748,211.410831451416,1.0010569989681244,1.2577349841594696,1.0689916014671326,0.0091442016419023,19.987500190734863,115.5179581409601,60.27250099182129,0.5433537364006042,133.1860120337741,6.1,144246.0,627000.0,264.847,106.898,84.9,603581.0,1668.0,1732.0,19823.4,-0.64,0.07,22.242,63.89,28132570.0,21058.379,18659050.0,71.85714285714286,3,1,2021,57351.56,58430.73,50427.56,55777.63,446278.628413,218408.216212,11874290386.328753,47833.984000000004,46918.61615074425,48185.185717578905
2021-03-29,79.58499717712402,116.83676627223632,143.62174736084415,0.7608525902032852,478.8050003051758,156.41112518310547,119.5997029070169,58230.9091796875,557.8564224243164,64.4350004196167,1.1987584829330444,30.40441131591797,4.012749910354614,0.0592970000579953,33117.6376953125,2005.603515625,1.1754677295684814,14.155482769012451,1.3805613219738009,1714.5750122070312,104.50984730412073,58.52259364811831,313.3547492773879,202.4502639770508,46.76999855041504,294.7159877747285,68.83150100708008,231.72859619894024,13197.619873046877,13.51749932287985,2.6239999532699585,1194.3499755859375,52.04599952697754,4000.905029296875,162.65467281658186,42.85372440017848,31.907000871568407,109.58494015290285,92.6560116200885,73.2766666150377,35.015173069901294,129.81231753830423,24.69249963760376,0.434213250875473,0.1129037514328956,217.2441635131836,1.004091739654541,1.256262481212616,1.0612952709197998,0.0090558521915227,18.425000190734863,120.8527827889568,61.00500011444092,0.6228884905576706,139.1689920612341,6.1,144246.0,658000.0,264.847,106.898,84.9,603581.0,1668.0,1732.0,19823.4,-0.63,0.07,40.354,64.06,28132570.0,21058.379,18666387.5,65.14285714285714,3,1,2021,55777.65,60200.0,54800.01,58202.01,367477.893273,183319.197491,10697064859.421247,50428.195,48216.84267692328,51285.13394226588
2021-04-05,82.41500091552734,121.02203051171767,149.10216667522124,0.7628858685493469,498.29500579833984,165.9729995727539,127.68733110187571,59322.654296875,668.4929656982422,62.98750019073486,1.2598707377910614,33.24045276641846,4.078374981880188,0.071243998594582,33658.61328125,2114.4381103515625,1.1866561770439148,19.2142915725708,1.3752914369106293,1741.625030517578,111.4735589981902,61.30569370289953,326.28253543849223,243.17791366577148,50.32499980926514,308.91407038937484,70.25099754333496,244.2379495630312,13740.0595703125,14.213284590871488,2.5302500128746037,1216.8250122070312,51.202500343322754,4105.3798828125,169.3006124294325,41.723517528809,32.560825915489644,110.36908128771476,93.95666340102608,73.77040839683005,35.38588284965515,135.87473864759232,25.238500595092773,0.5666222646832466,0.1245030034333467,227.50333404541016,1.0016522407531738,1.2547124922275543,1.0763270556926727,0.0091116316616535,16.99500036239624,124.19844382338675,59.44250011444092,1.2117765098810196,143.55110160781592,6.1,144611.0,645000.0,266.625,107.549,88.3,608961.0,1492.0,1738.0,20160.7,-0.62,0.07,3.45,63.85,28529436.0,21389.005,18673706.25,73.42857142857143,4,2,2021,58202.01,61500.0,55473.0,60002.43,375865.593614,188038.894028,10984335663.811703,53119.14,49616.99385498253,51734.8535594311
2021-04-12,81.54750061035156,122.77161652262387,151.93115862568646,0.7706974297761917,518.510009765625,169.46100234985352,130.58288581989837,57531.25,949.4853668212892,65.83249759674072,1.3019349873065948,38.202887535095215,4.153499960899353,0.2868847567588091,34050.9833984375,2258.3991088867188,1.195817857980728,35.68136978149414,1.3795141279697418,1764.8999938964844,113.07588714765562,59.49804087196775,331.782196816835,279.88989639282227,42.515000343322754,305.74403443782893,73.85849952697754,250.69446389474544,13970.45751953125,15.509198314553547,2.6472500562667847,1193.3999633789062,48.40749931335449,4169.267578125,173.1570292087294,41.60985653393301,32.83306184646459,113.20044097279676,94.79247490262756,75.67153012931179,36.07025023048989,138.0842737914908,25.775500774383545,0.560749240219593,0.1468989960849285,245.2033348083496,1.0067704916000366,1.2527324855327606,1.085697591304779,0.0091760279610753,16.447499990463257,122.80664668941836,62.21750068664551,1.487914502620697,142.02329905386725,6.1,144611.0,571000.0,266.625,107.549,88.3,608961.0,1492.0,1738.0,20160.7,-0.64,0.07,30.221,62.38,28529436.0,21389.005,18681018.75,72.85714285714286,4,2,2021,59998.8,64854.0,50931.3,56150.01,549048.298032,266367.194149,16134213581.46212,54854.572,50029.12909655513,52539.76281008162
2021-04-19,81.8325023651123,120.0888302401908,146.46047135811386,0.779222384095192,514.9350128173828,167.73925018310547,130.9546512633342,50672.01171875,812.7380828857422,66.22000122070312,1.108528509736061,33.754072189331055,4.302249908447266,0.2744105048477649,33989.091796875,2333.3394775390625,1.2059610188007357,30.82725238800049,1.3892488181591034,1778.5,113.78475341982198,54.82542413091622,330.17570088241587,237.15576934814453,32.51249980926514,300.0857048492636,61.51350021362305,251.3277629594129,13906.320068359377,15.24555049480903,2.724000036716461,1222.7749938964844,38.40999984741211,4168.222412109375,171.52880898262833,40.78846560125494,32.7399971238059,115.5575625085764,94.8347075049102,76.18143093196873,36.85444473617531,137.6317172401975,26.137499809265137,0.4413987621665001,0.1104322504252195,242.03083419799805,0.999967023730278,1.2513024806976318,1.0922386050224304,0.0092593249864876,17.835000038146973,120.5997189711114,62.28499984741211,1.123992994427681,139.17379744175065,6.1,144611.0,566000.0,266.625,107.549,88.3,608961.0,1492.0,1738.0,20160.7,-0.73,0.07,53.798,66.54,28529436.0,21389.005,18684693.75,76.42857142857143,4,2,2021,56150.01,57526.81,46930.0,49066.77,568462.85096,274940.861323,14487266259.924356,54903.469999999994,50024.407927637454,56166.29109771309
2021-04-26,83.46500015258789,120.3765293580883,146.494536631754,0.7740449011325836,511.0699996948242,172.74724960327148,129.87610671317867,55140.8232421875,933.2389831542968,67.0049991607666,1.2865150272846222,37.96189880371094,4.532750129699707,0.3500367514789104,33910.7314453125,2799.329833984375,1.2053488790988922,41.33138561248779,1.3855521380901337,1770.5500183105469,117.24620310221668,52.672146043851946,330.49030420869144,259.5846366882324,36.34249877929688,319.26527412078485,65.78300189971924,245.72699634592863,13907.77490234375,15.137049753757992,2.883249998092652,1212.0,41.80625057220459,4188.992431640625,172.73609743627975,42.34116201846539,33.647424364684056,114.40717709811469,95.74093328772092,76.76516608912762,37.399528706661386,136.14096295566327,25.996500492095947,0.5234097465872765,0.1222797520458698,236.19332885742188,1.0000659972429276,1.233157515525818,1.0952282845973969,0.009187183342874,18.285000324249268,119.56804719541609,63.32250118255615,1.4518035352230072,137.59286814535966,6.1,144611.0,574000.0,266.625,107.549,88.3,608961.0,1492.0,1738.0,20160.7,-0.78,0.07,100.916,65.5,28529436.0,21389.005,18692025.0,51.57142857142857,4,2,2021,49066.76,58458.07,48753.44,56578.21,395983.456013,195298.619851,10703998531.65657,54820.433999999994,50060.42998485067,57508.21785004909
2021-05-03,79.02249908447266,109.80273774746044,135.33668078257168,0.7807189524173737,491.2800064086914,166.46337890625,127.46231042827588,57224.5751953125,1347.6600494384766,68.14999961853027,1.6574620306491852,48.92609214782715,4.6872498989105225,0.5628345161676407,34533.1484375,3697.5310668945312,1.2121258676052094,113.7966365814209,1.3939548432826996,1819.975006103516,116.22047912233892,52.10598503613242,325.3536525140914,357.46582794189453,33.08500003814697,318.4566076204753,62.54750156402588,242.683643306734,13697.592529296877,14.686827235125072,2.9542499780654907,1246.6750183105469,35.71999931335449,4207.95751953125,171.58687992572527,45.2042339024704,34.759624843344355,116.1163194630609,98.24833559844092,80.1613511643263,37.0902455096105,134.09348409321643,27.108500003814697,0.6107717379927635,0.143197501078248,225.0616683959961,1.0000290423631668,1.218304991722107,1.1059905886650083,0.0091918127145618,17.977500438690186,117.46331630050318,64.8675012588501,1.5420175194740295,134.74418949553203,5.8,145032.0,517000.0,268.404,108.103,82.9,605282.0,1607.0,1681.0,20427.0,-0.79,0.06,129.724,67.73,28529436.0,21389.005,18695687.5,58.142857142857146,5,2,2021,56578.21,59500.0,52900.0,58240.84,504478.926303,248052.470617,14129842033.201153,56130.952000000005,50593.70221819724,57280.123641705286
2021-05-10,74.99499893188477,101.86009341224798,124.88181630598056,0.775910273194313,482.66500091552734,160.7021255493164,124.12666042278374,49098.7060546875,1268.6072082519531,68.53750038146973,2.1463282704353333,43.07811737060547,4.712125062942505,0.494163766503334,34352.7587890625,3722.07861328125,1.2131299376487732,98.91553115844728,1.409146010875702,1833.875,112.97711605488092,50.64013824121761,317.3406251097432,321.64622497558594,23.90749979019165,310.2677266578179,53.41374969482422,238.36643445468175,13350.4775390625,14.155415566708209,2.9547500014305115,1227.3000183105469,26.530000686645508,4160.2425537109375,165.7683982557285,45.74467354117387,35.03185171149993,115.9073796568456,98.04174264823608,80.86503341979854,36.8199998048471,131.01269227553811,27.36900043487549,0.6939215064048767,0.1238010004162788,200.34833526611328,0.9999875277280807,1.2109175324440002,1.1079593896865845,0.0091565379407256,20.90499973297119,113.21735799303264,65.11500072479248,1.435102492570877,129.9851736751338,5.8,145032.0,494000.0,268.404,108.103,82.9,605282.0,1607.0,1681.0,20427.0,-0.91,0.06,175.548,68.61,28529436.0,21389.005,18703025.0,65.28571428571429,5,2,2021,58240.83,59500.0,43825.39,46431.5,684880.148197,327220.272931,16851047061.760132,55676.927,50531.46976735751,57559.54665688581
2021-05-17,76.47749900817871,103.24206323757998,125.79886848515834,0.7768150120973587,486.0925064086914,161.27700424194336,122.9091339111328,36711.5546875,687.8025817871094,66.92000007629395,1.5009762346744535,24.94798183441162,4.564749956130981,0.379785992205143,34076.240234375,2386.0985107421875,1.2184684574604034,59.85603427886963,1.4154002368450165,1871.3999633789065,113.61419651821814,50.95128744690022,317.2040794549274,180.93156051635745,21.33999967575073,312.51708436116616,45.42199897766113,236.2319748824309,13347.91748046875,14.653716131844565,2.96399998664856,1186.4750366210938,23.522500038146973,4140.462463378906,163.10468075043605,45.13990225698592,34.85502013274929,116.440299247994,96.61665557688946,80.16594164191567,36.9783693208006,131.08531226325238,27.753999710083008,0.4309152588248253,0.0755042489618063,192.1183280944824,1.0009940266609192,1.2065874934196472,1.1124739944934845,0.0091773432213813,21.267499446868896,114.51303811184832,63.93250179290772,0.9871232509613036,131.766699540646,5.8,145032.0,467000.0,268.404,108.103,82.9,605282.0,1607.0,1681.0,20427.0,-0.9,0.06,208.96,69.62,28529436.0,21389.005,18710325.0,37.142857142857146,5,2,2021,46426.83,46686.0,30000.0,34655.25,1386781.052144,666702.163542,25919373172.35901,53245.621,48576.00461103076,57158.176790114165
2021-05-24,79.51250076293945,109.48552306657425,132.96013022539435,0.7740295827388763,503.134994506836,161.90462493896484,122.9997997643736,36414.7685546875,668.6090393066406,68.88999938964844,1.564337968826294,27.219035625457764,4.62987494468689,0.316562756896019,34485.9697265625,2445.7465209960938,1.2196558713912964,66.25661087036133,1.41706582903862,1898.0750122070312,117.1239141717224,52.28049164370515,324.31028734771417,172.7059326171875,24.4350004196167,325.7821080299836,47.23274993896485,242.23853452245584,13659.73486328125,15.949194773846564,2.96150004863739,1183.000030517578,26.65749979019165,4199.1849365234375,166.5377512224631,44.74528498963204,35.204037280156214,116.28536814339868,98.325813485226,80.37591859776744,37.82506559055017,133.9628243157075,27.890750408172607,0.3917619958519935,0.0726187489926815,204.97332763671875,1.0004439651966095,1.2079474925994873,1.112580418586731,0.0091232731938362,17.482500076293945,120.24082807515816,65.94749927520752,0.9096882343292236,138.3748751487669,5.8,145032.0,441000.0,268.404,108.103,82.9,605282.0,1607.0,1681.0,20427.0,-0.83,0.06,394.941,68.59,28529436.0,21389.005,18717643.75,15.714285714285714,5,2,2021,34681.44,40841.0,33379.0,35641.27,786531.163941,384497.747331,14283624883.965893,51074.592,47222.465134794526,55307.86164514838
2021-05-31,81.5825023651123,108.23387889221216,132.76796563340537,0.7688242048025131,500.7099990844727,160.5931282043457,122.74990517081328,36361.4140625,671.6797027587891,71.17999839782715,1.6930887699127195,28.39582681655884,4.555499911308289,0.3706335052847862,34674.1279296875,2650.236389160156,1.2173365950584412,65.5581464767456,1.41645610332489,1887.4500122070312,118.3801575040831,52.310232449349016,325.5804296597294,178.74313354492188,24.522500038146973,327.61596420034994,48.50749969482422,241.3711709914061,13699.03955078125,17.141034826938167,3.088499963283539,1171.5249938964844,29.104999542236328,4215.4576416015625,165.8288843890938,47.32954820766391,35.73453274040628,114.70532337196892,98.89630485930071,81.00346679265493,38.85383874847221,134.7420957034989,27.881999969482425,0.3940674960613251,0.0769459996372461,200.2599983215332,1.0007609575986862,1.207482486963272,1.1118055880069733,0.0091180419549345,16.947500228881836,121.7688780434038,68.85250282287598,0.9681917577981948,139.9784142175602,5.8,145032.0,427000.0,268.404,108.103,82.9,605282.0,1607.0,1681.0,20427.0,-0.84,0.06,479.498,69.36,28529436.0,21389.005,18721293.75,19.714285714285715,5,2,2021,35641.26,39476.0,34153.84,35796.31,528299.504937,260787.568217,9623174732.818668,49076.46,46126.138754955835,53724.96166135412
2021-06-07,81.24249839782715,112.45848844248424,135.29045907036496,0.7739924341440201,531.5924987792969,165.40550231933594,124.44512992090996,37158.23583984375,611.0287933349609,72.29500198364258,1.5538665056228638,23.854880332946777,4.5322500467300415,0.3312755078077316,34527.1904296875,2531.931579589844,1.2133196294307709,58.25357437133789,1.4120506644248962,1882.3000183105469,120.46307941099602,52.69457615764952,331.07284917175986,167.4423866271973,25.522500038146973,330.7835269328495,49.76700019836426,248.11876232883915,13926.340087890623,17.651116651599978,3.2387499809265137,1154.5500183105469,30.11000061035156,4238.257568359375,166.78450014317306,47.62550303885863,35.12027450058639,116.4215025747096,97.56044810276724,79.79450932954659,39.77071517062438,136.78949248793654,28.05925035476685,0.3454622477293014,0.0718859992921352,202.1458320617676,1.0001672357320786,1.2124775350093842,1.1143206059932709,0.009125942364335,16.18499994277954,121.80172506885006,70.38250160217285,0.8823272436857224,139.88012864696194,5.9,145828.0,420000.0,270.71,108.595,85.5,611950.0,1638.0,1657.0,20474.7,-0.82,0.08,486.097,70.89,28529436.0,21389.005,18728612.5,21.428571428571427,6,2,2021,35796.31,39380.0,31000.0,39020.57,700065.604915,346610.462227,12336051739.569944,47158.316,45502.895119669345,53231.09551229419
2021-06-14,83.50749969482422,115.45848239101473,138.64267823635907,0.7579918056726456,559.2250061035156,172.70375061035156,127.51957239217604,36530.984375,570.2797546386719,73.4950008392334,1.444682002067566,22.263539791107178,4.250749945640564,0.2887985035777092,33581.1513671875,2295.480224609375,1.1932437419891355,52.4709062576294,1.3888842165470123,1792.7250061035156,120.04295733497328,51.44315730693512,333.7593038917407,158.88713836669922,29.545000553131104,330.4326890776168,62.1142520904541,250.9050646006747,14037.04736328125,18.521193444145997,3.241249918937683,1071.0999755859375,33.53000068664551,4188.615112304688,166.67807654301754,45.82617458186896,33.31702587757297,116.57646054874328,94.47550934187996,75.74768018899256,39.200414722805576,137.59300239900534,26.46624994277954,0.3043282553553581,0.0684635005891323,205.7058334350586,1.0028907358646393,1.2384949624538422,1.091484546661377,0.009073146386072,19.37000060081482,121.15935587656362,71.5099983215332,0.7945590168237686,139.14580863954708,5.9,145828.0,428000.0,270.71,108.595,85.5,611950.0,1638.0,1657.0,20474.7,-0.85,0.08,583.892,72.27,28529436.0,21389.005,18732287.5,21.142857142857142,6,2,2021,39020.56,41330.0,33336.0,35600.16,610333.962089,295955.590693,11238614009.019213,44718.089,44290.236793922115,51217.69922861427
2021-06-21,85.14750099182129,121.65276598046594,145.3999025633659,0.7569900006055832,575.41748046875,171.52449798583984,129.85416268982158,33478.6376953125,475.8030624389648,75.38750076293945,1.2774114906787872,18.392547369003296,4.264374852180481,0.2456747554242611,34170.1923828125,1981.2135009765625,1.1924161911010742,42.1318998336792,1.3892225623130798,1778.2999877929688,121.42223107929236,51.122863210738615,338.985899966015,131.43882179260254,27.69000005722046,337.23312611247314,55.67800045013428,255.80648880644156,14271.84716796875,18.787587013181597,3.410000026226044,1089.5250244140625,32.24000024795532,4255.230102539063,170.95060303405805,46.86415736820058,34.03367746560645,117.54608299831496,95.65408856286028,75.78229407170257,39.14996168493823,139.7057417931831,26.04675006866455,0.2548472583293915,0.0612132474780082,220.85333251953125,1.0005592107772827,1.2322324812412262,1.0895561873912811,0.0090427862014621,16.81249976158142,122.60833869217498,73.37500190734863,0.6465864926576614,140.9729583132418,5.9,145828.0,422000.0,270.71,108.595,85.5,611950.0,1638.0,1657.0,20474.7,-0.75,0.08,765.141,74.49,28529436.0,21389.005,18739612.5,27.0,6,2,2021,35600.17,35750.0,28805.0,34700.34,907073.707598,445188.23814,14532263176.097523,42573.121999999996,43241.66573246172,44669.04477454274
2021-06-28,92.70499801635742,126.90523444468027,147.93942881922678,0.7528073936700821,590.3050079345703,174.28874588012695,135.53766416657265,34972.087890625,518.2106475830078,75.75,1.4241729974746704,19.09123182296753,4.275500059127808,0.251543503254652,34645.1904296875,2247.837646484375,1.1876339316368103,53.917860984802246,1.3831481337547302,1776.2999877929688,123.72684251053924,51.87326580457379,348.2729091343569,142.30303573608398,30.77250099182129,350.67475692352457,63.25200176239014,266.3216807919852,14648.497314453123,20.15814823788753,3.674749970436096,1078.9750061035156,36.55249977111816,4333.694946289063,174.56720006872916,47.18495018816665,34.41843331090325,120.29568538720582,96.89156617421682,76.54459551312189,39.42602690893078,144.38908290979572,26.29925012588501,0.2706490010023117,0.0669507514685392,227.34333419799805,0.999683514237404,1.2342075407505035,1.0855547487735748,0.0090066108386963,15.387499809265137,126.23745777099305,74.62750244140625,0.6855417340993881,145.02166045376774,5.9,145828.0,369000.0,270.71,108.595,85.5,611950.0,1638.0,1657.0,20474.7,-0.84,0.08,803.019,74.78,28529436.0,21389.005,18743268.75,20.0,6,2,2021,34702.49,36600.0,32699.0,35286.51,464791.763593,227734.572618,7871807130.859945,41195.096,42695.86260593467,38104.99105863721
2021-07-05,91.17250061035156,122.85424140711424,144.13500983451763,0.7524225860834122,602.2874908447266,184.0958709716797,141.0912590033791,33974.4755859375,501.4245147705078,75.25750160217285,1.361526995897293,18.8983154296875,4.335874915122986,0.2186844982206821,34694.9072265625,2183.5424194335938,1.1858674883842468,50.72885799407959,1.3864901661872864,1806.2999877929688,124.98818633038732,51.19607400725953,351.25781503527094,134.92566299438477,28.232500553131104,348.90314186994544,62.63825035095215,269.14663737093485,14773.782470703123,20.12770753114636,3.6725000143051143,1091.3999938964844,33.83000087738037,4350.017456054688,175.71810278992322,45.7702027735009,34.05868528024689,121.05696251542612,96.95279665571076,76.42873172604995,40.21793093884878,145.99656200896877,26.281750202178955,0.2484785057604313,0.0625417502596974,218.19667053222656,1.000319987535477,1.2446050345897677,1.0906892716884613,0.0090726392809301,17.34500026702881,124.70090277629744,74.21500015258789,0.6402957588434219,142.87918885357604,5.4,146759.0,371000.0,271.965,109.062,81.2,601817.0,1600.0,1652.0,20628.7,-0.89,0.1,731.504,78.34,28428919.0,21571.421,18746918.75,26.0,7,3,2021,35288.13,35293.78,32077.0,34258.99,359766.235404,178798.754323,6033413173.636886,38963.174,41043.205608532204,35824.63508237751
2021-07-12,87.34000015258789,116.78365955333776,138.71298090579637,0.7430062741041183,605.0749816894531,181.13500213623047,143.65613724174108,32321.61279296875,454.9756164550781,74.05749702453613,1.2232855260372162,16.16342043876648,4.320374965667725,0.1881652511656284,34778.3837890625,1953.1011962890625,1.1816584169864657,43.72722053527832,1.3808037638664246,1815.375,126.6140497146343,50.85747672741636,350.94790662759635,124.0199489593506,24.49499988555908,343.6180341806949,54.97799873352051,271.88692666301114,14758.034912109377,18.69352911830533,3.6752500534057617,1114.1750183105469,28.707500457763672,4342.632568359375,173.8888100095771,43.13353139127271,33.96992285851362,121.21958798583424,96.4087510888004,75.68490214580909,40.746688023525074,146.58571167368126,25.91225004196167,0.2346954979002475,0.0574520016089081,218.3000030517578,1.0004282295703888,1.2563350200653076,1.09010711312294,0.009081303840503,17.885000467300415,122.1204831579348,72.38749885559082,0.6015732437372208,139.84651396464784,5.4,146759.0,332000.0,271.965,109.062,81.2,601817.0,1600.0,1652.0,20628.7,-0.95,0.1,776.472,76.77,28428919.0,21571.421,18754231.25,21.857142857142858,7,3,2021,34259.0,34678.43,31020.0,31778.56,306160.987079,147741.055848,4771519260.898867,36316.945999999996,38702.06311116086,36547.58888899188
2021-07-19,90.22750091552734,118.41423301615409,141.35953051887313,0.7355199158191681,620.3800048828125,180.98187255859372,143.92559525181264,33856.56396484375,440.77833557128906,72.45749855041504,1.1816019713878632,16.01904845237732,4.362249851226807,0.1926664970815181,34740.0478515625,2075.6119384765625,1.1781672239303589,46.57502937316895,1.3715313971042633,1805.100006103516,130.11145117108956,49.15537511717906,355.58518311268296,121.88403511047365,23.897500038146973,360.6527398961979,53.040249824523926,277.1202699278739,14951.12255859375,19.177719996128573,3.9692500233650208,1066.2000122070312,27.51000022888184,4367.972534179688,175.3910228212964,41.811947238050784,33.68493105863003,122.74685776093408,96.53593467154056,75.06620987818116,40.659473293013214,148.14228834795483,25.225250244140625,0.2499809972941875,0.0557587491348385,214.4091682434082,1.0001642256975174,1.2612874805927277,1.0878739655017853,0.0090763780754059,18.955000400543213,123.37358889213088,70.38999938964844,0.5878299921751022,141.44792636773553,5.4,146759.0,387000.0,271.965,109.062,81.2,601817.0,1600.0,1652.0,20628.7,-1.05,0.1,860.468,69.33,28428919.0,21571.421,18757893.75,20.142857142857142,7,3,2021,31778.57,35398.0,29278.0,35381.02,383262.217154,190582.264312,6114235359.363288,35211.898,38401.524651938635,36686.09674375273
2021-07-26,102.11250114440918,117.74120356236064,143.23499179639782,0.738242506980896,619.9750061035156,170.9280014038086,143.08779098736443,39444.6953125,518.3550872802734,75.45000076293945,1.3124577403068542,21.215599536895752,4.501625180244446,0.2092477530241012,34978.396484375,2493.466186523437,1.185269445180893,50.69584941864014,1.3885507583618164,1813.7499694824216,133.82370013276824,49.02497083763313,355.8926774069688,139.5901393890381,27.84749937057495,359.0801553297229,63.84825134277344,276.91191118945653,14962.487548828123,19.358225494971222,3.9674999713897705,1053.8500061035156,32.77250051498413,4398.249877929688,175.81743679686457,42.87570992294704,34.11475556924861,124.21754200071388,97.23070725788683,77.32781221808649,40.96855411936948,148.5204782834671,25.38574981689453,0.2760237455368042,0.062598998658359,224.9308319091797,1.000417277216911,1.2473399937152865,1.1006745100021362,0.0091058197431266,18.52750015258789,126.24356749961738,73.17249870300293,0.708356499671936,145.09663032412266,5.4,146759.0,380000.0,271.965,109.062,81.2,601817.0,1600.0,1652.0,20628.7,-1.11,0.1,891.203,74.79,28428919.0,21571.421,18765212.5,21.142857142857142,7,3,2021,35381.02,42599.0,35205.78,39845.44,568598.509606,284420.137741,11205247089.666573,35730.917,38467.91883896482,36121.634253961165
2021-08-02,111.63500022888184,120.6863642111883,145.12990205798172,0.7365753203630447,627.0399932861328,167.25812149047852,143.4332005445164,42584.1474609375,555.8140869140625,71.61999893188477,1.4032804667949677,23.153103828430176,4.380375027656555,0.2388047501444816,35094.53515625,2915.355712890625,1.179650455713272,56.4808988571167,1.389436036348343,1777.4250183105469,134.6733796550265,49.317810699030325,358.2892962648302,148.2821159362793,32.36000061035156,358.2788936302798,71.3390007019043,279.1821178542152,15066.880126953123,20.12989300196064,4.099999904632568,992.9499969482422,34.1225004196167,4421.7149658203125,175.59450963203463,42.906044832814906,34.986072320481064,125.45490145618452,97.42853903399192,77.7565003854592,41.21582041694128,149.50972165409792,24.710999965667725,0.2882227450609207,0.0706382505595684,235.2308387756348,1.0002254992723465,1.2530824840068815,1.097812980413437,0.0091021212283521,17.21999979019165,130.39340403591902,69.52999877929688,0.7734237313270569,149.84762983085028,5.1,147246.0,380000.0,272.752,109.436,70.3,605533.0,1595.0,1770.0,20811.0,-1.17,0.09,921.317,73.91,28428919.0,21571.421,18772525.0,50.42857142857143,8,3,2021,39850.27,45310.0,37332.7,43794.37,463107.670711,230451.591454,9445373822.532848,36546.227,38858.26546643085,34945.82233530287
2021-08-09,109.44750213623048,119.2945576750897,146.06154645008735,0.7346248924732208,633.4124908447266,165.19512557983398,145.4734699921223,46260.3447265625,664.4891815185547,70.16999816894531,1.9957754909992216,26.469171047210693,4.355125069618225,0.3157535046339035,35420.6416015625,3212.8038330078125,1.1776065826416016,70.46363353729248,1.3856651186943054,1755.0749816894531,136.51009913328818,49.38038854268426,359.14114913300193,175.4051513671875,33.99000072479248,360.6129483802613,74.16000175476074,281.9707696913218,15099.764892578123,20.037329134577558,3.9382500052452087,1010.3999938964844,36.78000068664551,4457.277587890625,175.84168681197656,42.81288767179716,35.906453966088606,125.59395948425367,98.5307678272313,79.45502450011622,41.11426868388258,149.78370256751282,23.60899972915649,0.3666052520275116,0.0877624992281198,238.63666915893555,1.0006439983844757,1.2525449991226196,1.0901732444763184,0.0091011959593743,15.869999647140505,128.1548465580455,67.91250228881836,1.1716007441282272,147.30442929531236,5.1,147246.0,361000.0,272.752,109.436,70.3,605533.0,1595.0,1770.0,20811.0,-1.04,0.09,981.765,69.65,28428919.0,21571.421,18779837.5,57.142857142857146,8,3,2021,43794.36,48144.0,42779.0,46973.82,372867.979811,188383.893158,8634469008.93575,37663.978,39665.264648440694,34487.99739670047
2021-08-16,105.71500205993652,114.20685004495527,141.26952895534671,0.7187575101852417,642.5775146484375,160.94574737548828,145.3802192536104,48089.66015625,669.7426910400391,66.39000129699707,2.508434295654297,27.76510429382324,4.152500033378601,0.3157237619161606,35140.3994140625,3194.313537597656,1.171613097190857,67.77578544616699,1.3681457340717316,1782.0249938964844,136.21665007546898,48.10932526958605,357.4179933661836,181.30028533935547,34.182499408721924,357.4876665347738,70.38874816894531,291.5167963555138,15025.09033203125,20.27309673160828,3.856000006198883,994.5249938964844,34.122501373291016,4432.8323974609375,172.2629967142589,40.23471087469419,35.30143512729909,127.80472330161275,97.12943145461554,77.98126755044737,41.36307900485476,149.97525079536086,23.273749828338623,0.37083400785923,0.088571997359395,226.57166290283203,1.0007657706737518,1.2772849798202517,1.091816633939743,0.0091141632292419,19.46999979019165,124.6522450149458,63.72249984741211,1.2097787857055664,143.43152487493498,5.1,147246.0,368000.0,272.752,109.436,70.3,605533.0,1595.0,1770.0,20811.0,-1.1,0.09,1036.418,70.07,28428919.0,21571.421,18787143.75,71.42857142857143,8,3,2021,46973.82,49757.04,43927.7,49239.22,357634.462155,180333.299573,8448610167.566947,38685.843,40540.29643378049,34201.262714734476
2021-08-23,109.86000061035156,118.84701879296358,146.03478187127834,0.723437026143074,656.2925109863281,165.76987838745117,145.95184998891963,48634.005859375,653.0860595703125,70.74249839782715,2.7882840633392334,26.24020767211914,4.292750120162964,0.288914255797863,35393.427734375,3221.904602050781,1.177300065755844,63.78111267089844,1.3737346529960632,1806.6499938964844,141.85380578893293,49.38959873748048,365.4697772371727,176.54750442504883,39.05250072479248,367.7916113408064,71.33500099182129,291.76413383629176,15363.267578125,22.19040680865725,4.243749916553497,1000.0,37.834999084472656,4495.590087890625,175.47581749514575,42.282087484587024,36.18210391091998,127.42525576941968,98.4718907507275,79.28122897568791,41.30192163087131,152.86773263955416,23.829999446868896,0.3510795012116432,0.0875565018504858,235.1300048828125,1.0009872615337372,1.2655274868011477,1.0947466790676117,0.0091069745831191,17.039999961853027,130.8995035882299,67.06750011444092,1.159631460905075,150.30161649993468,5.1,147246.0,358000.0,272.752,109.436,70.3,605533.0,1595.0,1770.0,20811.0,-1.02,0.09,1135.697,69.07,28428919.0,21571.421,18794456.25,74.0,8,3,2021,49239.22,50500.0,46250.0,48767.83,298905.697042,148185.197294,7184000949.909696,40002.61,41925.80601166171,34702.04712739967
2021-08-30,110.70749855041504,122.08309438124702,149.29676392512582,0.7403449416160583,666.7100219726562,172.9790000915527,150.19632222196046,50484.484375,729.7245635986328,72.33250045776367,2.9068267941474915,31.23123836517334,4.322249889373779,0.3035275042057037,35379.572265625,3769.545227050781,1.1865283250808716,70.49888801574707,1.3836587071418762,1824.2000122070312,143.34803177155402,49.555394901297646,371.632405576369,215.19105911254883,42.36000061035156,375.0747517074952,71.10674858093262,293.1551441577509,15615.47021484375,22.66568146734683,4.5915000438690186,1014.3750152587892,35.43875026702881,4532.6175537109375,177.84061758081668,42.126087846170535,35.777973857076404,128.3822122371228,98.48835518612258,79.2140470358067,42.61661445983771,154.42912663081077,24.52724933624268,0.3799830004572868,0.1003409978002309,243.48833084106445,1.0004297196865082,1.2549825012683868,1.0943733155727386,0.0091035892255604,16.392499923706055,132.67210698563045,69.07750129699707,1.25619176030159,151.82157187399477,5.1,147246.0,353000.0,272.752,109.436,70.3,605533.0,1595.0,1770.0,20811.0,-1.08,0.09,1140.711,72.26,28428919.0,21571.421,18801781.25,74.42857142857143,8,3,2021,48767.84,51900.0,46512.0,51756.88,327484.443638,165440.611872,8117693526.79704,41708.264,44144.7860860245,37040.535118723405
2021-09-06,106.48999977111816,119.904399367089,147.0126551965104,0.7388260066509247,660.8249969482422,174.38999938964844,148.16239285768685,47066.3779296875,673.2255401611328,72.47999954223633,2.532659232616425,29.797831535339355,4.391499996185303,0.2593779973685741,34797.0712890625,3462.7294921875,1.1830584108829498,60.69846725463867,1.382435828447342,1796.6499633789062,141.12739098858358,49.6567086309221,369.0769800455488,191.10332107543945,37.67750072479248,376.8041201280641,63.62924861907959,288.61328144446884,15504.08251953125,22.415908152472117,4.872750163078308,966.2000122070312,30.850000381469727,4477.550048828125,177.87211498033486,41.53679551412984,35.257061295973095,126.3434600036629,96.59480489326874,78.05772376619038,41.76112911918306,152.6179658534786,24.091249465942383,0.3442747443914413,0.1053057499229908,247.6258354187012,1.0000017434358597,1.2663249969482422,1.08927920460701,0.0090928894933313,19.980000019073486,132.32171761860218,69.23999977111816,1.1228235214948654,150.91604455595544,4.7,147712.0,337000.0,273.942,109.657,72.8,609671.0,1563.0,1625.0,20978.6,-1.01,0.08,1074.707,72.43,28428919.0,21571.421,18805431.25,73.71428571428571,9,3,2021,51756.88,52920.0,42843.05,46025.24,399602.39982,193434.481761,9200501092.964355,42782.137,44291.0703373219,40920.00309381884
2021-09-13,104.30249786376952,118.05767542675474,144.9839427214235,0.7305627316236496,653.91748046875,172.81262588500977,144.58037631074643,46725.884765625,618.0969085693359,74.87749671936035,2.3550735116004944,28.03493881225586,4.297749996185303,0.2386825047433376,34667.6044921875,3363.4302368164062,1.1756926476955414,56.14017677307129,1.3784310519695282,1762.2250061035156,140.95622467786362,50.12415046986938,366.0603012358108,188.98047637939453,35.8149995803833,366.4678222509148,61.99749946594238,291.0893414247768,15380.06494140625,22.106986141547644,5.184750080108643,936.9750061035156,29.4524998664856,4446.6826171875,178.03682862357778,42.71972902769832,35.23136529016977,125.30881122326986,95.11105647662674,76.17385208873597,41.49951463728237,151.398416717525,22.68375015258789,0.3203187435865402,0.107456998899579,249.0724983215332,1.0002270191907885,1.272200047969818,1.0775872766971588,0.0091136784758418,20.19499969482422,132.44583283312406,71.64750099182129,1.0639560222625732,151.81430828690068,4.7,147712.0,344000.0,273.942,109.657,72.8,609671.0,1563.0,1625.0,20978.6,-1.04,0.08,1087.108,72.97,28428919.0,21571.421,18812750.0,46.285714285714285,9,3,2021,46025.23,48843.2,43370.0,47241.75,289430.44387,141201.01935,6614734237.643137,44080.413,44597.197900214145,44462.0577338757
2021-09-20,104.4925022125244,115.13635922886594,142.40307559842216,0.7284348607063293,628.6025085449219,169.81637573242188,142.9316623533294,43383.2216796875,524.7092742919922,76.91999816894531,2.1995944380760197,24.402485847473145,4.221124887466431,0.2095047496259212,34522.203125,3036.06591796875,1.1719351708889008,48.47041702270508,1.3685586154460907,1755.4749755859375,140.1008170924897,49.5484855415659,361.6135048341513,154.9070816040039,35.59500026702881,350.2592207746103,59.62074947357178,288.656937043805,15209.327392578123,21.798818214632973,5.049499988555908,965.9750061035156,28.05775022506714,4420.5675048828125,177.41661727308326,43.20719620957551,35.23135189600516,124.26939402188157,94.36447905245518,74.672275178249,40.7257059008321,150.50135606903316,22.477750301361084,0.2821610048413276,0.0906982477754354,253.51666641235352,1.0007355064153671,1.2712699472904203,1.0808206796646118,0.0090793701820075,20.480000019073486,131.28639310757774,72.97500038146973,0.9501454830169678,150.96845806628824,4.7,147712.0,367000.0,273.942,109.657,72.8,609671.0,1563.0,1625.0,20978.6,-0.98,0.08,1224.289,73.59,28428919.0,21571.421,18820075.0,47.57142857142857,9,3,2021,47241.75,47347.25,39600.0,43160.9,437174.23273,212146.867313,9120024387.116852,45218.647000000004,44485.367414936016,47124.08317113816
2021-09-27,103.2874984741211,110.34863860226262,137.4699745840803,0.7239265292882919,585.0524749755859,165.47537231445312,139.9360686651528,46590.06640625,547.9301605224609,79.20749855041504,2.212297201156616,26.32329797744751,4.189999938011169,0.2161914967000484,34374.8955078125,3277.0778198242188,1.1621422469615936,51.78458404541016,1.3561537861824036,1749.5,136.4925572998286,49.6544050145821,353.30629767755346,164.01507949829102,33.47999858856201,343.2124250511985,60.14474964141846,280.60745402423686,14844.860107421877,20.832375964053803,5.673500061035156,967.5249938964844,26.36750030517578,4364.9749755859375,176.2867226975458,46.82185630344076,35.827300951782824,121.02704060407616,93.96512831555194,74.89167383489576,40.05028818580982,147.48476102441418,22.553500175476078,0.3029862493276596,0.0923124998807907,259.41917419433594,1.0003235042095184,1.2638899981975555,1.07477468252182,0.0089953772258013,21.207499980926517,126.24842450307074,75.39249801635742,1.0216815322637558,145.87324371183274,4.7,147712.0,374000.0,273.942,109.657,72.8,609671.0,1563.0,1625.0,20978.6,-0.87,0.08,1297.05,78.85,28428919.0,21571.421,18827381.25,27.0,9,3,2021,43160.9,49228.08,40753.88,48200.01,290620.78115,144469.51207,6452909326.517625,46500.545999999995,44810.20197607861,48740.474115958845
2021-10-04,104.47249794006348,108.4256861435763,137.6402630818587,0.7296774685382843,573.0025024414062,163.4905014038086,139.42574382690012,53247.3662109375,585.3898468017578,81.7450008392334,2.2202399373054504,26.18067693710327,4.250375032424927,0.2361007444560527,34572.3173828125,3450.7779541015625,1.1580941081047058,53.556700706481934,1.3604342937469482,1759.3250122070312,137.08262967979653,49.6636142232994,351.4347161520682,174.92061614990234,37.71250057220459,328.8600589607189,67.83050155639648,283.1878787613752,14759.1875,20.596070513421783,5.747250080108643,1008.2499847412108,26.02500009536743,4372.8974609375,176.5705929674072,48.97523863006441,36.37394431549759,119.86336969513636,94.89135200818038,75.39204340545531,39.71949170408137,146.8241092726953,22.684500217437744,0.3325780034065246,0.097793748602271,262.5974884033203,1.0006442815065384,1.2510974705219269,1.0785838961601255,0.0089395972900092,20.080000400543213,123.91618987294991,78.4424991607666,1.1288185119628906,143.44018829660828,4.5,148569.0,314000.0,276.528,110.184,71.7,618573.0,1587.0,1719.0,21142.9,-0.89,0.08,1399.173,81.44,29617215.0,21960.388,18834687.5,36.142857142857146,10,4,2021,48200.01,56561.31,46891.0,54659.0,424292.258599,211856.684445,11270697948.40903,47981.902,45797.56621962012,49283.29028162357
2021-10-11,110.27499961853027,112.60848532788656,143.53759852160593,0.7401100397109985,600.9825134277344,168.3092498779297,140.77269599303375,60058.833984375,609.7728424072266,84.25749969482422,2.159716308116913,26.31218147277832,4.631375193595886,0.2341725006699562,35006.3984375,3760.60595703125,1.1588615775108335,53.38788032531738,1.371097207069397,1771.0249938964844,139.38709872767717,49.57151683791153,357.565073765191,181.81766510009768,46.56999969482422,322.8309750248547,74.09049987792969,292.5651675335794,15020.077392578123,21.501120992722896,5.48800003528595,1043.8249816894531,27.30749988555908,4437.119995117188,181.7464813413323,49.9839525356558,36.70944097972531,120.44993640660192,96.41061405742973,77.68913312355193,40.70298604632241,150.04471336534536,23.15174913406372,0.3763992413878441,0.0979340020567178,276.23084259033203,1.0001680105924606,1.2376925349235537,1.0821157097816467,0.0087889803107827,17.28249955177307,126.23382696076762,81.65999984741211,1.0999552309513092,145.27024782520908,4.5,148569.0,290000.0,276.528,110.184,71.7,618573.0,1587.0,1719.0,21142.9,-0.89,0.08,1371.958,83.75,29617215.0,21960.388,18838337.5,70.14285714285714,10,4,2021,54659.01,62933.0,53879.0,61528.33,362346.263174,183431.750683,10697891224.262558,49755.297999999995,47651.68617565562,48716.99763125275
2021-10-18,118.14249992370604,115.86914312426616,148.69229198104904,0.7465337663888931,634.7900085449219,168.3157501220703,144.9287966028183,62108.8515625,622.9054718017578,85.13500022888184,2.1595985293388367,29.093889713287357,4.587875008583069,0.2681257463991642,35538.75,4057.161254882813,1.1634862422943115,55.477736473083496,1.3767204582691193,1789.3500061035156,138.05284911742416,47.00405986124526,364.7094720678264,193.76583099365237,50.6924991607666,327.036144712324,72.87799835205078,299.0903030100146,15320.607666015623,22.51421847657471,5.1910001039505005,1050.1499938964844,29.24000072479248,4524.2349853515625,186.33022713841416,50.72952274901128,37.83086793053236,123.37093923305676,98.45441342702529,78.82023398484512,41.98286504445528,153.25565440090364,24.13825035095215,0.3774437457323074,0.1003879997879266,298.4024963378906,1.0001647621393204,1.2356800138950348,1.0888796746730804,0.0087993235792964,15.907500267028809,129.6318025854293,83.14000129699707,1.0975699722766876,148.9117324919342,4.5,148569.0,290000.0,276.528,110.184,71.7,618573.0,1587.0,1719.0,21142.9,-0.95,0.08,1477.114,84.13,29617215.0,21960.388,18845656.25,74.85714285714286,10,4,2021,61528.32,67000.0,59510.63,60852.22,336367.00881,167403.56447,10528144211.853245,51143.138,48823.625904945104,47541.70208152838
2021-10-25,121.78500175476074,119.21612329314462,152.8190152511902,0.7521081119775772,648.2949981689453,168.71475219726562,147.00436944391964,61143.5390625,591.5558471679688,84.4474983215332,1.9907652735710144,30.488383769989014,4.411500096321106,0.2799147441983223,35755.6171875,4234.3974609375,1.1590642929077148,52.71711254119873,1.372282713651657,1787.3999938964844,144.3513589686068,45.11817610784419,374.3362201350823,190.5996360778809,52.16750144958496,319.85748868371496,71.92549896240234,315.98555015383687,15724.08251953125,24.856569863939857,5.636000037193298,1029.1999816894531,27.79599952697754,4589.0499267578125,193.53223194560516,50.75802985196356,37.842600066451126,125.90880380779122,98.66234748018998,79.39508774522002,42.49126007572053,156.17260129623665,24.06624984741211,0.3622155040502548,0.0994399990886449,357.28417205810547,1.000392735004425,1.2376374900341034,1.0921310782432556,0.0087869951967149,16.369999885559082,132.40445819415032,83.28250122070312,1.0887605100870132,152.32042505410243,4.5,148569.0,268000.0,276.528,110.184,71.7,618573.0,1587.0,1719.0,21142.9,-1.02,0.08,1413.188,84.85,29617215.0,21960.388,18852962.5,76.42857142857143,10,4,2021,60852.22,63710.63,57820.0,61299.8,314971.8498,154915.87466,9451414390.238705,52349.196,49789.46492280907,46260.71032552656
2021-11-01,133.0074977874756,120.85112706297843,154.18850348344162,0.7455038279294968,659.4949951171875,173.59724807739258,147.89005178025053,62647.98828125,602.4890289306641,82.72249984741211,2.026582509279251,31.90092706680298,4.35212504863739,0.2671755105257034,36234.654296875,4516.74658203125,1.1556473076343536,53.89410591125488,1.3529639542102814,1802.9250183105469,147.1109367251259,46.610299586117925,386.6874006476261,200.3788909912109,61.42499923706055,336.47670758563527,78.68025016784668,324.62263721939314,16239.637451171877,28.978329370407884,5.50599992275238,1039.249984741211,31.047500133514404,4677.1549072265625,203.01519360021345,50.89837156101959,37.6337982623717,126.05543754199236,100.13906408250404,81.15922585809136,42.72214749869427,160.94525154657416,23.94100046157837,0.3690172433853149,0.1044449992477893,400.5275039672852,1.001208022236824,1.2430875301361084,1.095879852771759,0.0087978390511125,16.34749984741211,141.8294901451806,81.4174976348877,1.1903632283210754,163.83247211309663,4.2,149206.0,262000.0,278.824,110.792,67.4,624874.0,1704.0,1766.0,21316.7,-0.92,0.08,1358.606,84.51,29617215.0,21960.388,18860287.5,72.28571428571429,11,4,2021,61299.81,64270.0,59405.0,63273.59,253033.72432,126345.60637,7823642239.826968,53799.772,51090.98718995216,47455.52386670635
2021-11-08,147.28249740600586,117.16750339686766,152.5173836296899,0.7323407530784607,656.7399749755859,176.28500366210938,147.18207991707152,65514.3046875,672.0556640625,82.77499961853027,2.100555539131165,34.45675086975098,4.418499946594238,0.2650965042412281,36170.404296875,4649.3284912109375,1.1482900381088257,57.51336860656738,1.3449861705303192,1855.1500244140625,147.4223179095102,47.02022831465671,385.2067080072857,263.2200584411621,74.85249900817871,336.4344145630919,82.51749801635742,325.78778303312714,16176.747314453123,30.409892710873567,4.992499947547913,1082.1000061035156,41.609999656677246,4677.869995117188,198.84883015093536,50.79311723499919,37.67602774750674,126.3770985359829,100.96841540025255,83.52612784849705,42.78320449915349,162.01635808223955,25.093249797821045,0.3896302580833435,0.1136777512729168,354.2624969482422,1.000190019607544,1.2513225078582764,1.0881025195121763,0.0087936318013817,17.15750026702881,145.95622408732862,81.58250045776367,1.212670981884003,168.29357251085506,4.2,149206.0,251000.0,278.824,110.792,67.4,624874.0,1704.0,1766.0,21316.7,-1.11,0.08,1354.382,83.22,29617215.0,21960.388,18867593.75,73.42857142857143,11,4,2021,63273.58,69000.0,62278.0,65519.1,294213.112708,145809.022639,9564135489.152817,55175.99399999999,52416.15566066394,50626.74174751238
2021-11-15,153.1425018310547,112.75601749111604,147.744825866823,0.7289775162935257,682.8574981689453,183.0055046081543,155.15017444790035,59861.92578125,595.7198333740234,79.74250030517578,1.8712680041790009,29.63463830947876,4.3755000829696655,0.2334812507033348,35768.9853515625,4347.599548339844,1.1319943964481354,51.23352241516113,1.3454146087169647,1855.824951171875,148.30583863307655,46.17855126186228,392.2508741209703,231.09484481811523,57.56750011444092,343.2697037925058,74.3387508392334,331.43657567102645,16467.227294921875,31.904595776816976,5.059249997138977,1049.8999938964844,37.5149998664856,4696.6124267578125,203.1705126530109,48.78664725381273,36.86193367522507,126.13346584157622,100.34463224419714,82.57656728967308,42.72992231872108,165.34627002011194,24.90625047683716,0.3491882458329201,0.1102539971470832,365.95333099365234,1.0081952214241028,1.2608074843883514,1.0788941979408264,0.0087711254600435,17.71500015258789,150.38954014659703,77.34499931335449,1.090203493833542,172.5477314912415,4.2,149206.0,250000.0,278.824,110.792,67.4,624874.0,1704.0,1766.0,21316.7,-1.13,0.08,1391.657,81.94,29617215.0,21960.388,18871243.75,75.42857142857143,11,4,2021,65519.11,66401.82,55600.0,58622.02,340150.61676,163526.9365,9788051753.519651,56435.672,52888.11718582922,55814.47964222618
2021-11-22,154.20000076293945,106.0650178012958,139.05839335997922,0.7167751491069794,667.7199859619141,177.83412551879883,156.18697997863205,56858.662109375,577.1161041259766,75.13750076293945,1.6147847175598145,25.417696952819824,4.325999855995178,0.2103722505271434,35119.53515625,4268.314025878906,1.1274044215679169,48.30173587799072,1.3353107273578644,1798.4000244140625,143.32426343853243,45.56874171548323,386.26471555647794,203.11491775512692,50.61250019073486,336.40701436046936,67.67025184631348,325.1848634262313,16201.242431640623,32.07301880603247,5.275999903678894,972.5500183105468,34.88349914550781,4629.6251220703125,200.6589966632262,49.0191033291495,36.62966402050123,125.12119582957982,98.27011195313231,80.91484315190642,42.74214008961612,163.1092920024435,23.465250492095947,0.3265754953026771,0.0967872515320777,368.98250579833984,1.0002020299434662,1.271925002336502,1.078937292098999,0.0087730481754988,25.895000457763672,147.8796748412437,70.73250198364258,0.9771559983491898,169.78897955159698,4.2,149206.0,223000.0,278.824,110.792,67.4,624874.0,1704.0,1766.0,21316.7,-0.98,0.08,1573.769,80.97,29617215.0,21960.388,18878575.0,50.42857142857143,11,4,2021,58617.7,59444.0,53256.64,57274.88,315216.31943,155061.63995,8740286935.664598,57438.985,53124.574496921356,59684.14465953434
2021-11-29,148.29999923706055,95.31171138587855,125.10074623989225,0.7044921815395355,633.0625152587891,171.4272499084473,160.1427935491511,50181.4287109375,462.1446075439453,70.63249778747559,1.429549276828766,20.356037139892575,4.2795000076293945,0.1755565032362938,34613.76171875,4175.718017578125,1.131434053182602,39.127079010009766,1.326088935136795,1783.1749877929688,141.95010232337145,45.73105684960844,377.8277919334069,165.8033790588379,45.297499656677246,311.99207431812414,65.55525016784668,316.96014656982953,15855.487548828123,31.173462092157425,4.376499891281128,936.625,31.50749969482422,4561.232666015625,195.52931904460425,48.4708889269962,35.8859581358946,123.65240220095032,96.4035219200102,79.50679813933118,42.43021798845815,161.5402641774491,22.58625030517578,0.2891097478568554,0.0861187502741813,350.2491607666016,1.0003410130739212,1.2788675129413605,1.087738037109375,0.008848643163219,29.59249973297119,147.867507381152,66.97000122070312,0.8139539808034897,170.6352750383649,4.2,149206.0,222000.0,278.824,110.792,67.4,624874.0,1704.0,1766.0,21316.7,-1.02,0.08,1459.339,73.34,29617215.0,21960.388,18885893.75,33.57142857142857,11,4,2021,57274.89,59176.99,42000.3,49396.33,390528.912488,185849.53619,9921717578.511951,58062.528000000006,53030.586244657075,61545.351127704926
2021-12-06,139.58499908447266,94.74368186692644,122.57094432059588,0.7136073857545853,642.5874938964844,172.2145004272461,172.680901685647,49768.4501953125,459.8538131713867,74.32250022888184,1.3418137729167938,20.320751190185547,4.30412495136261,0.1707197502255439,35639.5244140625,4149.318664550781,1.130275875329971,38.2348518371582,1.3253117203712463,1781.2000122070312,145.61705710124647,47.61612051523831,384.955032451993,157.38420867919922,41.01499938964844,323.96568783608967,60.36500072479248,327.65572634412587,16158.755126953123,30.167796802345297,3.8612499833107,939.1499938964844,26.917500019073486,4669.5299072265625,197.8005369044479,49.920368689797705,36.57805522246124,126.4267853623153,99.14434112166552,81.71312205401034,43.562451108166336,167.28440684077282,22.169999599456787,0.2769742459058761,0.0888100005686283,338.0783386230469,1.0005277395248413,1.2724950313568115,1.084997057914734,0.0088194909039884,21.722500324249268,148.55123301782606,70.8499984741211,0.8413802236318588,172.7247550599658,3.9,149781.0,207000.0,280.806,111.458,70.6,619938.0,1757.0,1913.0,21471.0,-1.01,0.08,1487.996,73.38,29617215.0,21960.388,18893200.0,28.0,12,4,2021,49396.32,51936.33,46751.0,50053.9,272083.99753,132585.60064,6527679465.437665,58247.916999999994,53003.15043310091,62098.269915101715
2021-12-13,138.50749969482422,93.81416294301532,117.50649618852208,0.7188149988651276,583.4075164794922,169.84900283813477,170.5408247074768,47304.3681640625,435.6876373291016,73.97749900817871,1.2587439715862274,18.895594596862797,4.258875012397766,0.1776950024068355,35551.2431640625,3913.9650268554688,1.1270621716976166,35.335968017578125,1.326503574848175,1793.6000366210938,142.47756814364988,46.82777914327407,378.7368002646535,152.08649444580078,35.00999927520752,332.4382309821824,56.874250411987305,318.25145616469405,15901.887451171877,28.45305846755208,3.770500063896179,923.8250122070312,23.702999591827396,4643.372680664063,191.30222028848,48.13757113377105,36.427903992545005,130.08807565243154,97.48803577901462,81.69449293857598,44.32948730993474,164.58115186920418,22.255249977111816,0.2575394995510578,0.0823470000177621,314.9316635131836,1.0000160187482834,1.2853800058364868,1.0834242403507233,0.008795253932476,21.199999809265137,145.53651127144,71.02750015258789,0.820722758769989,168.59509946329703,3.9,149781.0,227000.0,280.806,111.458,70.6,619938.0,1757.0,1913.0,21471.0,-0.98,0.08,1599.768,74.12,29617215.0,21960.388,18896850.0,25.285714285714285,12,4,2021,50053.9,50189.97,45456.0,46681.23,271834.80183,131770.01926,6263559378.81846,57450.14,52716.49021744186,62593.51934642689
2021-12-20,143.7050018310547,96.22155759731424,120.66873804178428,0.7199925780296326,562.4649963378906,169.94675064086914,171.2214169611496,49753.216796875,446.26438903808594,74.98500061035156,1.4012882709503174,21.8965744972229,4.351999998092651,0.1842067465186119,35656.9013671875,4010.771606445313,1.131659597158432,37.0717830657959,1.3347313702106476,1804.7749633789065,144.65779749908828,47.14080289453419,383.5428259941801,156.05315780639648,36.61000061035156,330.86065561452403,58.435500144958496,321.8263915644242,16121.4775390625,29.06997588197305,3.775499939918518,958.8749847412108,24.80749988555908,4680.855102539063,194.1267213819907,47.61128049085492,36.1346428801991,130.96797316095888,97.26593275494346,81.40824029112147,44.13523031241859,166.0991703911589,22.754499912261963,0.2822074964642524,0.0803169980645179,341.09165954589844,1.0002289563417437,1.2841449975967407,1.0862520039081571,0.0087598680984228,20.232499599456787,147.82248431293573,71.89249992370605,0.921323761343956,172.6139010289105,3.9,149781.0,215000.0,280.806,111.458,70.6,619938.0,1757.0,1913.0,21471.0,-0.96,0.08,1758.041,70.51,29617215.0,21960.388,18904150.0,25.571428571428573,12,4,2021,46681.24,51810.0,45558.85,50775.49,209149.42595,104145.18087,5115572930.19298,56374.85600000001,52560.672132860236,61645.47015935551
2021-12-27,147.0199966430664,93.7133471994199,116.96405242311116,0.7246100306510925,569.9450073242188,168.23387145996094,175.31726397182814,48116.6796875,448.1387481689453,77.8700008392334,1.4083152413368225,21.814961433410645,4.437999963760376,0.176777496933937,36327.630859375,3845.084045410156,1.1351262331008911,35.76931381225586,1.3501690328121183,1818.5500183105469,145.03160886291255,47.87117333637194,390.85339450285744,151.70740509033203,34.82499980926514,338.8231168752602,56.34575080871582,328.8862443576708,16391.15234375,29.818411172830213,3.81425005197525,964.375,23.44000005722046,4768.820190429688,199.0542450287008,49.28286439333242,36.86173434555022,133.7695898497277,100.06623449369272,84.38683237279697,46.069392473398544,169.94184090500556,23.150999546051025,0.2872414961457252,0.0780367497354745,357.1425018310547,1.0002315193414688,1.2687900066375732,1.095009982585907,0.0087009377311915,17.617499828338623,152.1819966616873,75.10750007629395,0.8696552366018295,176.9186903519583,3.9,149781.0,216000.0,280.806,111.458,70.6,619938.0,1757.0,1913.0,21471.0,-1.02,0.08,1580.347,75.24,29617215.0,21960.388,18911475.0,37.57142857142857,12,4,2021,50775.48,52088.0,45678.0,47286.18,217379.6422,106579.78483,5128555640.891941,55018.252,52031.93834001514,58604.694219978315
2022-01-03,136.88750076293945,86.4440685311752,109.97000122070312,0.7194243967533112,525.1000061035156,164.61124801635742,171.57525110569136,43001.5517578125,391.8249816894531,80.88249969482422,1.2158587276935575,26.24762201309204,4.398124933242798,0.156051255762577,36381.875,3303.292236328125,1.1344159543514252,30.871520042419437,1.3553186357021332,1802.125,138.40965094753267,49.77016576512401,376.7666417904256,135.16907501220703,29.864999771118164,330.7885225881522,50.334248542785645,310.3550165275616,15806.262451171877,28.016322743614296,3.862499952316284,961.1500091552734,21.198750495910645,4708.85498046875,196.74799176979772,53.25001235594264,38.408145053684095,128.99963888232338,100.85835093493318,84.16694600926141,44.64757151688684,163.6952728049596,22.53699922561645,0.2666865028440952,0.0687277484685182,355.9933319091797,1.0002715289592743,1.268479973077774,1.0896185338497162,0.0086519082542508,18.730000019073486,147.83382009959513,78.13500022888184,0.7739799916744232,171.7797757268586,4.0,150006.0,227000.0,282.542,111.988,67.2,631509.0,1712.0,1915.0,21585.9,-0.97,0.08,1579.526,78.25,30400960.0,21903.85,18918781.25,28.142857142857142,1,1,2022,47286.18,47570.0,40501.0,41864.62,264331.61587,128417.56962,5617721267.315783,53074.734,50582.13467489932,54357.70526250572
2022-01-10,135.01000213623047,81.16063456612103,104.52250099182127,0.7256978303194046,519.9499969482422,161.86462783813477,169.89959480329532,42575.6875,380.2360534667969,84.77749824523926,1.328823983669281,25.93162775039673,4.432249903678894,0.1743560023605823,35994.3515625,3262.686828613281,1.140122652053833,31.32401180267334,1.3659420907497406,1812.6499938964844,138.08371657891468,51.24019892413804,371.7489152332497,141.4041347503662,28.8100004196167,327.35718160564926,49.43375110626221,303.39721094760955,15601.52490234375,26.983386937713117,4.345000088214874,958.1750183105468,20.55250024795532,4664.192626953125,191.68105570622944,56.41530248223004,38.5896698553935,127.6557890668823,100.4172305081841,83.21259285054708,43.36233542156837,161.3762704933895,22.8442497253418,0.262249756604433,0.0679072486236691,349.5683288574219,1.000448226928711,1.2558574974536896,1.0915760397911072,0.008738175034523,19.767500400543213,148.77684723671928,82.47999954223633,0.7673587650060654,171.86560963474116,4.0,150006.0,247000.0,282.542,111.988,67.2,631509.0,1712.0,1915.0,21585.9,-0.7,0.08,1560.421,81.56,30400960.0,21903.85,18922431.25,19.428571428571427,1,1,2022,41864.62,44500.0,39650.0,43071.66,232059.06969,114555.79525,4878281491.665617,51054.541000000005,49399.696348142345,51239.85373219823
2022-01-17,123.0999984741211,73.2317580175402,94.225248336792,0.7220549583435059,507.7800064086914,146.7727508544922,162.078922679066,37578.970703125,317.40301513671875,87.71000099182129,1.202359214425087,18.330523252487183,4.494374871253967,0.1461035013198852,34605.513671875,2689.036193847656,1.1356742978096008,26.613216876983643,1.3589140474796295,1829.750030517578,131.55827790798492,49.07920168551088,350.0902201875049,119.27072715759276,23.53249979019165,307.8491056279147,40.24400043487549,292.2152553937082,14688.93505859375,24.119912830671936,4.042249977588654,1021.5499877929688,16.269999980926514,4455.864990234375,178.82536580500698,56.02435455805282,36.54820827180235,123.8616750012158,96.82887510129312,79.6102907927924,42.33122061649296,152.6403249638884,24.184749603271484,0.2081822492182254,0.0601615002378821,324.9241638183594,1.0005090236663818,1.2538974583148956,1.0956909656524658,0.0087728647049516,27.167500495910645,136.59943302730036,85.24250030517578,0.6492782384157181,157.3999299183714,4.0,150006.0,245000.0,282.542,111.988,67.2,631509.0,1712.0,1915.0,21585.9,-0.66,0.08,1598.887,87.82,30400960.0,21903.85,18929731.25,21.571428571428573,1,1,2022,43071.66,43505.0,34008.0,36244.55,354513.98432,170960.347142,6607067308.59798,48127.085999999996,46209.446669637095,48969.73958947684
2022-01-24,106.74749946594238,68.69707857040564,87.58249855041504,0.7036068737506866,509.35748291015625,142.12324905395508,163.56541453789004,36961.16796875,289.06529998779297,89.1924991607666,1.0459294766187668,16.789313793182373,4.352124929428101,0.1396912485361099,34354.234375,2521.254638671875,1.1190211176872251,24.5395245552063,1.3436818718910215,1800.3250122070312,130.515641401264,45.09341257097898,341.1924587814282,108.0119857788086,21.89749956130981,299.0804071012642,34.46875047683716,292.0912169452609,14320.152587890623,22.616551975917968,5.125,1014.0,14.599999904632568,4384.887573242188,173.1775845471623,57.34376900828685,36.20875022527339,122.6104334592235,94.58998706402484,77.67115396736122,41.671809840754335,150.93935255356547,22.71274995803833,0.1928342469036579,0.0573272500187158,289.3666687011719,1.0004767775535583,1.2714150249958038,1.0796740055084229,0.0087044555693864,30.28999948501587,128.6271403751956,86.09499931335449,0.6043947637081146,148.2128875072504,4.0,150006.0,238000.0,282.542,111.988,67.2,631509.0,1712.0,1915.0,21585.9,-0.63,0.08,1614.002,87.74,30400960.0,21903.85,18937056.25,18.285714285714285,1,1,2022,36244.55,38919.98,32917.17,37881.76,353702.626391,179036.244728,6536472796.368902,46053.06,44795.332794779126,48505.606684412
2022-01-31,121.03999900817873,72.21275357153272,91.95750045776369,0.7112801373004913,517.8274917602539,153.70299530029297,169.66369923482935,40925.2978515625,312.40389251708984,91.98999786376952,1.1185062229633331,17.426454544067383,4.437999963760376,0.1494699977338314,35088.6943359375,2916.3214111328125,1.1382592916488647,28.49107980728149,1.3524592220783234,1802.9999694824216,141.90704154249383,44.71314669655733,351.71477609686065,121.8391456604004,23.3125,256.8619205861036,37.84550094604492,298.38749506559174,14756.994873046877,24.3340367266877,4.800750017166138,1026.7750091552734,16.19249987602234,4502.597412109375,178.52886332815496,60.47129615871338,37.44871489308608,125.42159580518252,95.35842606458606,78.42436238549315,42.01774849443332,155.84756987968166,22.57250022888184,0.215293250977993,0.0638755010440945,304.3658447265625,1.000654250383377,1.2725175321102142,1.0805695950984957,0.0086922373156994,24.07749938964844,133.4474439771196,91.03249740600586,0.6588337421417236,154.30626574724664,4.0,150006.0,231000.0,282.542,111.988,67.2,631509.0,1712.0,1915.0,21585.9,-0.65,0.08,1654.85,92.35,30400960.0,21903.85,18944375.0,21.714285714285715,1,1,2022,37881.75,42656.0,36250.0,42380.87,258946.95322,131038.94536,5096829006.548845,44563.659,44586.66538258298,47513.508049310985
2022-02-07,117.78250122070312,72.52267493372274,93.68000030517578,0.7173400372266769,485.82999420166016,155.78887557983398,167.77397815346262,42951.08984375,336.35965728759766,93.61250114440918,1.0960427522659302,16.641031980514526,4.5315001010894775,0.1527900025248527,34980.2294921875,2970.91015625,1.138661652803421,33.04219722747803,1.3565778732299805,1838.875030517578,135.90401095675367,45.02806628051026,344.1527691512024,129.4612693786621,27.480000495910645,222.3396229177283,42.2135009765625,290.91420181863714,14440.030029296877,24.6058115322288,4.05649995803833,1023.2499847412108,18.69250059127808,4457.1800537109375,177.5980862606881,61.999516955670494,38.06634120943541,124.66181180342736,94.95049199666585,78.98107417581247,41.06613805669933,152.86419153889025,23.32649946212769,0.2227087505161762,0.0657425010576844,293.2058334350586,1.0009979903697968,1.270440012216568,1.0800112783908844,0.008647630456835,26.410000324249268,132.63896618682352,92.31750106811523,0.8015212416648865,153.59846917416212,3.8,150875.0,210000.0,284.525,112.492,62.8,638101.0,1742.0,1860.0,21684.2,-0.48,0.08,1679.932,97.28,30400960.0,21903.85,18948025.0,29.857142857142858,2,1,2022,42380.87,45821.0,41645.85,42053.66,301990.47877,149112.12215,6494915345.303778,43829.39200000001,44480.49533719428,45873.17498087813
2022-02-14,114.85750007629396,66.6888299207947,85.82499885559082,0.7173895686864853,452.3549957275391,154.1112518310547,165.84521572653858,39910.697265625,312.1639099121094,93.53000068664552,0.9756162464618684,15.30056643486023,4.512624979019165,0.1404467485845089,34295.58203125,2757.1909790039062,1.1333361864089966,28.84633779525757,1.3580318093299866,1886.324981689453,131.64834808122765,42.77350855342144,337.4297558877086,115.73104095458984,25.13499975204468,208.67899716323208,40.38599967956543,282.8426015421336,14146.407470703123,24.199028135039065,4.423750162124634,1065.2000122070312,17.63249969482422,4378.6275634765625,176.1472918217303,60.60456427751855,37.215336511267154,121.81029254353348,93.93304310743169,78.6044822978146,40.21214524310796,149.76401880086,23.786749839782715,0.202403999865055,0.0631019994616508,289.83333587646484,1.0004997849464417,1.2739050090312958,1.0845001935958862,0.0086843653116375,27.855000019073486,131.16510624729946,91.74749946594238,0.7926679998636246,152.54563594131457,3.8,150875.0,234000.0,284.525,112.492,62.8,638101.0,1742.0,1860.0,21684.2,-0.5,0.08,1666.232,101.66,30400960.0,21903.85,18955350.0,48.0,2,1,2022,42053.65,44751.4,38000.0,38386.89,243150.46162,115990.68901,4840833817.67218,42662.691000000006,44043.15858091872,42760.9494232503
2022-02-21,116.90250015258788,64.70041019214081,82.36250114440918,0.7213018536567688,454.10250091552734,150.26675033569336,159.51280737416852,37471.0341796875,297.9233169555664,98.54249954223631,0.8639317601919174,13.517558813095093,4.47825014591217,0.1242804992944002,33621.4697265625,2600.485595703125,1.1260564923286438,26.99631977081299,1.343306452035904,1907.2749938964844,131.65655740493835,43.65196762551401,331.68792966079144,103.28402519226074,22.4375,204.66043896966343,38.9709997177124,283.60533499300027,13909.190185546877,23.31433003835078,4.54324996471405,1059.2000122070312,15.766499757766724,4317.3223876953125,168.4338840856681,60.69120257555417,36.40440945266164,122.8051177000266,92.7614275205774,77.76238937435674,40.44141859629839,147.17734065501065,24.32099962234497,0.1816707514226436,0.058950500562787,264.7058296203613,1.000588744878769,1.2731899917125702,1.082687795162201,0.0086749775800853,29.975000381469727,129.44174649560523,93.4449977874756,0.7177069932222366,151.0555241929207,3.8,150875.0,225000.0,284.525,112.492,62.8,638101.0,1742.0,1860.0,21684.2,-0.49,0.08,1674.929,98.95,30400960.0,21903.85,18962656.25,36.57142857142857,2,1,2022,38386.89,40348.45,34322.28,37699.07,412335.93267,205845.16118,7754667841.098922,41764.475,43694.91466792678,40347.6526174194
2022-02-28,112.06000137329102,62.36488646673903,80.77750205993652,0.7330272495746613,457.6175003051758,147.3847541809082,161.68512636089469,39858.9404296875,297.8862991333008,113.42000007629396,0.8689777553081512,13.955739498138428,4.806749939918518,0.1249115001410245,33629.0859375,2673.69091796875,1.1009258925914764,27.8338623046875,1.327514499425888,1948.824981689453,132.0163449993372,44.70565770027164,332.6127131266519,104.74374771118164,23.89749956130981,202.062672673096,42.38350009918213,285.1284489503292,13939.20751953125,23.214006321871828,4.854249954223633,1096.5249938964844,15.694999933242798,4338.5150146484375,168.32694212973118,65.24699120206344,35.36717562434639,124.86837586227496,94.8793566633097,77.51444223535896,41.34266358555097,146.88773112234432,25.41974973678589,0.18045324832201,0.0595737490803003,281.76416778564453,1.0003650039434433,1.2689824998378754,1.0885056257247925,0.0086948259267956,31.894999504089355,126.45364830761578,110.59000015258788,0.7395584881305695,147.50673440313312,3.8,150875.0,209000.0,284.525,112.492,62.8,638101.0,1742.0,1860.0,21684.2,-0.79,0.08,1596.052,103.08,30400960.0,21903.85,18969993.75,23.857142857142858,2,1,2022,37699.08,45400.0,37450.17,38420.81,376417.0783,185768.2371,7740802242.404056,40529.007,43135.48499391729,39264.433084166056
2022-03-07,105.09250068664552,56.78889210221374,73.67249870300293,0.7354018688201904,426.4674987792969,143.57412719726562,154.73770321507556,38856.30078125,287.2603988647461,117.36749839782716,0.8066679984331131,13.0882089138031,4.69700014591217,0.1144089978188276,33011.7158203125,2563.81982421875,1.0937383770942688,26.17446279525757,1.3084388971328735,1999.324981689453,129.18512155806934,43.490762815846914,319.8078591132596,102.6281032562256,23.112500190734863,189.6611195913464,40.61299991607666,272.89741417725355,13403.0400390625,21.982664936666847,4.770999908447266,1104.3500366210938,15.470000267028809,4223.375,162.22960099287496,68.28564767138938,34.31581097203966,122.81938866091257,93.37095131738008,76.31913571479689,41.19712589028438,141.1083856254021,26.27800035476685,0.1782824993133545,0.0598064996302127,269.91749572753906,1.0002702474594116,1.2764624953269958,1.07378551363945,0.0085686407983303,31.96500015258789,121.08047422037852,113.19750022888184,0.7696554958820343,141.56397544171426,3.7,151346.0,222000.0,287.467,112.916,59.4,651027.0,1678.0,1879.0,21720.8,-0.99,0.2,1461.227,129.02,30400960.0,21903.85,18973643.75,34.57142857142857,3,1,2022,38420.8,42594.06,37155.0,37777.34,374777.65361,184176.48268,7257778809.911877,39578.12300000001,42691.559487484614,39156.80864941047
2022-03-14,110.84499931335448,61.82439152449454,81.55000114440918,0.7344051003456116,442.0849914550781,156.2447509765625,158.07366468422262,40623.234375,315.9748992919922,106.46249961853027,0.862673744559288,14.283480405807495,4.662875175476074,0.1184244994074106,34270.8046875,2801.5512084960938,1.1037301123142242,35.54589939117432,1.314411461353302,1935.324951171875,132.80753409080145,43.58888988497699,335.70990472076903,112.22997665405272,26.047500133514404,207.9200758418723,43.2165002822876,286.99520545897064,14072.007568359377,25.11869668945973,4.796499967575073,1030.9249725341797,18.107500076293945,4388.340087890625,172.24685217467402,65.29140835972225,36.253544050885885,128.35618743051143,96.33555422182164,79.45358509919853,41.94049655230205,147.57883863825242,25.165000438690186,0.1925399973988533,0.0610860008746385,289.5558319091797,1.000463753938675,1.2669449746608734,1.0701040029525757,0.008416601922363,26.355000972747803,127.90549019099764,103.1624984741211,0.7957774847745895,149.25436999140865,3.7,151346.0,217000.0,287.467,112.916,59.4,651027.0,1678.0,1879.0,21720.8,-0.79,0.2,1608.021,110.39,30400960.0,21903.85,18980956.25,22.714285714285715,3,1,2022,37777.35,42400.0,37555.0,41262.11,323399.671,160980.02075,6493866977.457049,39517.871999999996,42682.45150154165,40557.141771481634
2022-03-21,118.23749923706056,64.42768473590611,85.59749794006348,0.7540199160575867,437.9225006103516,163.86749649047852,169.19102660634422,45284.1435546875,364.63988494873047,118.02249908447266,1.1039914786815643,16.22935199737549,4.705374956130981,0.1381570007652044,34751.74609375,3178.245849609375,1.0999761521816254,45.7401294708252,1.3200972080230713,1948.0750122070312,139.20284653889374,47.35971903007523,348.6101442402967,125.48368263244627,28.957499504089355,218.16428771593428,46.72650051116944,294.3254889029416,14626.25732421875,27.2860138529727,5.366750121116638,1016.9499969482422,20.702500343322757,4514.1124267578125,177.52278043759102,69.07418199654461,37.09039557914511,129.21094575946051,98.01944625924996,82.76815756614623,41.99871535124059,152.74006148849344,25.479999542236328,0.2208505049347877,0.0671282494440674,330.7558364868164,1.0004299879074097,1.249197483062744,1.0747954547405243,0.0082384056877344,21.94499969482422,133.4021798835389,112.13000106811523,0.8424430042505264,155.62475363274842,3.7,151346.0,207000.0,287.467,112.916,59.4,651027.0,1678.0,1879.0,21720.8,-0.58,0.2,1728.893,122.29,30400960.0,21903.85,18988275.0,26.571428571428573,3,1,2022,41262.11,46999.0,40467.94,46827.76,315436.15044,158386.2017,6861332204.338121,39893.482,42769.747657566884,40540.21463651823
2022-03-28,112.03750038146973,67.33964444724407,89.13750076293945,0.7501488924026489,454.3324966430664,165.0677490234375,172.2514159822562,46349.27734375,377.8514862060547,107.86499977111816,1.180591493844986,17.689116954803467,4.694874882698059,0.1447129994630813,34886.7626953125,3460.879638671875,1.1056963205337524,47.420658111572266,1.3116218149662018,1920.3999938964844,139.931486869315,45.80606266367106,356.0589978551263,127.98101043701172,29.29750108718872,224.0415903442472,49.58899974822998,301.9678273490976,14923.43994140625,27.116281063706012,5.631749868392944,986.7749938964844,21.357499599456787,4559.147338867188,181.7798754961159,68.73700321378124,36.53975545395932,131.25496573747247,97.8053983552027,83.58696746609087,43.9192265313138,155.35783718025877,24.69099998474121,0.2343649975955486,0.0733530018478632,361.4625015258789,1.000368744134903,1.2507799863815308,1.078861117362976,0.0081451795995235,20.3149995803833,131.71185770681663,102.31249809265135,0.8494667410850525,153.06759648301687,3.7,151346.0,214000.0,287.467,112.916,59.4,651027.0,1678.0,1879.0,21720.8,-0.49,0.2,1688.632,114.5,30400960.0,21903.85,18995587.5,43.42857142857143,3,1,2022,46827.76,48189.84,44200.0,46407.35,312053.15964,154410.52633,7206859226.584209,40909.762,43208.04908248849,39118.379607909446
2022-04-04,103.34000015258788,62.61777604074942,83.29475021362305,0.7511215507984161,450.93499755859375,157.88662338256836,169.22546470049372,43385.6728515625,335.8714141845703,103.46499824523926,1.080874502658844,15.969951152801514,4.733374834060669,0.1546067520976066,34686.3505859375,3281.5054321289062,1.091159075498581,41.95993614196777,1.3047584891319275,1936.6249694824216,135.16689554971754,44.39959351784616,346.87583547702616,115.45646476745604,24.36500024795532,223.9644590280353,46.52624988555908,293.73328341111767,14531.022216796877,24.176191501045786,6.185999989509583,968.375,17.75575017929077,4505.012451171875,176.65885329826054,70.44803869923263,35.763512963654875,134.70366323289142,95.23781596265998,82.93660849286631,44.586912922644665,150.77210517645096,24.725749969482425,0.2104039974510669,0.0651152515783906,352.11582946777344,1.000312715768814,1.2535675168037417,1.0719743967056274,0.0080729813780635,21.38750028610229,123.57075180584692,98.97999954223631,0.7767682671546936,142.64369095325878,3.7,151651.0,215000.0,288.582,113.301,65.2,660194.0,1828.0,1835.0,21749.6,-0.38,0.33,1692.936,108.15,30568582.0,21919.222,19002893.75,52.142857142857146,4,2,2022,46407.36,47200.0,41868.0,42158.85,268118.29111,130948.44754,5808536417.139713,41337.471000000005,43177.49394015417,38214.68137946293
2022-04-11,94.65749740600586,59.35250874039925,78.87250137329102,0.7426402121782303,426.3375015258789,152.2594985961914,164.064080215487,40307.888671875,325.41416931152344,108.35249900817873,0.9452372491359712,14.07180881500244,4.69350004196167,0.1410069987177848,34473.6103515625,3039.785217285156,1.0831172168254852,37.45562553405762,1.306097388267517,1966.1500244140625,127.4291459241,43.1917064389356,333.7661251692067,108.82658004760742,21.664999961853027,212.09789441713573,44.986998558044434,275.7632180504171,13983.4775390625,21.57980239763564,7.048250198364258,982.2499847412108,15.460000276565552,4409.3798828125,173.83793904523492,71.12079085113446,35.219211947704366,132.94122676697066,95.05934869411332,83.57287317049042,44.12190385167549,144.17761351244127,25.595750331878666,0.1981322504580021,0.0603284984827041,330.77833557128906,1.000322252511978,1.2605225145816803,1.0642612278461456,0.0079402306582778,22.90750026702881,117.74990961175982,103.61749839782716,0.7472937405109406,136.245899121345,3.7,151651.0,213000.0,288.582,113.301,65.2,660194.0,1828.0,1835.0,21749.6,-0.12,0.33,1758.958,97.92,30568582.0,21919.222,19006568.75,38.285714285714285,4,2,2022,42158.85,42414.71,39200.0,39678.12,259281.0487,126175.26392,5107109884.346128,41067.196,43111.17007145262,38684.010358560656
2022-04-18,90.53250122070312,53.91535541598347,72.57724952697754,0.7358393371105194,416.9500045776367,147.76162719726562,161.53505281744816,40132.08984375,317.21629333496094,108.19750022888184,0.906292736530304,13.561455249786375,4.637624979019165,0.1354092471301555,34222.1015625,2978.207397460937,1.0825478732585907,34.720322608947754,1.2902325689792633,1947.324981689453,121.81635012897884,43.806159633378655,324.2228419923209,106.89299774169922,19.11999988555908,191.5771208919109,42.58600044250488,271.6569916537379,13583.43505859375,20.26788551386319,6.892749905586243,947.8749847412108,12.68250012397766,4331.0299072265625,174.06431696861756,69.53532738346553,34.73879076221025,129.01620165137695,94.7833259325788,81.83775765969003,44.60831165468539,141.80307795905537,24.717249870300293,0.1939015015959739,0.0661527505144476,339.6441650390625,1.0003405213356018,1.2644875049591064,1.048420399427414,0.0078088546870276,26.10999965667725,117.08575259192776,103.6624984741211,0.71892349421978,135.82396118560695,3.7,151651.0,209000.0,288.582,113.301,65.2,660194.0,1828.0,1835.0,21749.6,-0.07,0.33,1738.379,110.83,30568582.0,21919.222,19013868.75,25.0,4,2,2022,39678.11,42976.0,38536.51,39450.13,283885.03637,140430.82007,5705214688.751349,40806.843,43044.15045467776,40177.4905125993
2022-04-25,86.71249771118164,48.289772090031214,65.87750053405762,0.7126687318086624,400.20250701904297,129.10237503051758,156.681199930974,38809.466796875,290.8751602172852,106.9799976348877,0.8061884939670563,11.756410837173462,4.409500002861023,0.1392874978482723,33243.3955078125,2852.333374023437,1.0594414472579956,28.70321655273437,1.2598435878753662,1904.125030517578,115.5060147594328,41.57497101449781,310.8412234708964,99.88236618041992,16.377500295639038,194.68742195914655,37.23349952697754,271.9688288810846,13021.909912109377,18.84813441997621,7.06374990940094,928.0499877929688,10.62750005722046,4174.1475830078125,161.99206821138642,67.06410204714528,33.075102932886,125.1650080213129,91.33056792562292,80.05801188206465,42.59284253903045,139.2042999153764,23.120750427246094,0.1783670000731945,0.0687682498246431,297.65332794189453,1.0001472681760788,1.27633997797966,1.0317253470420835,0.0077285900479182,31.98500061035156,113.5264726241223,103.16250038146973,0.6252084970474243,131.31424139645776,3.7,151651.0,210000.0,288.582,113.301,65.2,660194.0,1828.0,1835.0,21749.6,-0.1,0.33,1783.609,99.27,30568582.0,21919.222,19021181.25,25.428571428571427,4,2,2022,39450.12,40797.31,37386.38,38468.35,368444.26814,182205.04628,7107113319.039257,40814.989,43023.587377153824,42476.33373526305
2022-05-02,93.92249870300292,46.601352910651926,62.85000133514404,0.7135339677333832,397.2675094604492,117.21174812316896,156.0489522293194,35475.111328125,271.5848617553711,110.4749984741211,0.7781272530555725,10.53445529937744,4.2832499742507935,0.1274252478033304,33091.58740234375,2622.5092163085938,1.0556159019470217,27.87213373184204,1.2397846281528473,1879.9249877929688,116.18141813501067,41.761872881632215,307.1425492480049,96.6899871826172,15.544999837875366,207.23081667209368,31.01399946212769,270.8942455749323,12866.625,18.905039433785923,8.075250148773193,954.8249816894532,9.980000019073486,4154.212463378906,156.14334218804396,72.48421851098195,32.99463734959052,123.8931770339046,91.26153048111148,80.006349580414,40.73275364136924,138.6533290157817,22.49625062942505,0.1680154986679554,0.0826987493783235,294.15916442871094,0.9999322593212128,1.279719978570938,1.016193151473999,0.0076851170742884,30.49000024795532,115.00523155853554,107.79749870300292,0.5877120047807693,133.93749644002904,3.6,151892.0,219000.0,291.299,113.709,58.4,659847.0,1540.0,1712.0,21689.9,0.18,0.77,1796.302,108.36,30568582.0,21919.222,19028506.25,23.571428571428573,5,2,2022,38468.35,40023.77,33713.95,34038.4,419979.5829,204305.32052,7582347504.983533,40448.922000000006,42794.98039289239,44547.87646519894
2022-05-09,92.52000045776369,41.47287004198661,54.27750015258789,0.691010132431984,397.79000091552734,110.62887573242188,145.3022373253901,30795.69775390625,213.7800331115723,109.31250190734865,0.5886905193328857,7.915721297264099,4.16700005531311,0.0952147524803876,32093.427734375,2141.993682861328,1.0440610647201538,21.954851627349854,1.2275528013706207,1822.4250183105469,114.40317542170268,40.96168471661348,293.4914781851936,73.29071235656738,11.40250015258789,195.3244380830421,20.362000465393063,254.90779997480564,12252.310302734377,17.281117106999144,7.510749936103821,951.2250213623048,7.797499895095825,3996.97998046875,146.8944521431937,71.2889654527722,31.7001233841496,121.84016805155036,88.32275343300827,77.12542023442302,38.72629177534807,131.47124396982923,21.19949960708618,0.1403222493827343,0.074041998013854,255.40083694458008,0.9866894781589508,1.280765026807785,1.001426801085472,0.007731624180451,30.50000047683716,111.7260351265785,107.45499801635742,0.4539225101470947,130.03956254368978,3.6,151892.0,204000.0,291.299,113.709,58.4,659847.0,1540.0,1712.0,21689.9,0.3,0.77,1858.995,106.67,30568582.0,21919.222,19032156.25,21.285714285714285,5,2,2022,34038.39,34243.15,26700.0,31328.89,964223.849274,460216.815397,13971509225.08758,39739.73,42167.00746661456,44370.912338155
2022-05-16,94.8700008392334,41.962537368922064,54.4325008392334,0.7020150274038315,400.129997253418,108.99787712097168,137.36893592774513,30165.435546875,198.7973861694336,111.6150016784668,0.547327995300293,7.341340780258179,4.258000135421753,0.0868394989520311,31462.17529296875,2034.7994384765625,1.0529605448246002,21.094194889068604,1.2430411279201508,1828.1000366210935,109.60411491864404,39.56764632905741,285.15336688369496,70.69075202941895,10.002500295639038,194.18730019531125,20.511499881744385,248.54248542303415,11934.130126953123,16.851795346557005,8.094250202178955,944.4500122070312,7.020250082015991,3925.9400634765625,138.73595194875867,73.54716373883156,31.312007053213872,123.23106725795256,86.31678673986617,77.54335640635904,38.19033573364317,128.7042151408991,21.58025026321411,0.1350657492876052,0.0755439978092908,227.54666900634768,0.9990109950304032,1.2857349812984469,1.0192802548408508,0.0078035297337919,29.37000036239624,111.922962357277,111.78750038146973,0.422432504594326,129.41157735991962,3.6,151892.0,225000.0,291.299,113.709,58.4,659847.0,1540.0,1712.0,21689.9,0.2,0.77,1833.152,114.86,30568582.0,21919.222,19039462.5,11.0,5,2,2022,31328.89,31328.9,28654.47,30293.94,375096.22376,189713.27257,5654555850.589586,38991.39,41479.43569964015,42101.21537139407
2022-05-23,99.11000061035156,43.358397240263045,56.05999946594238,0.7099923938512802,419.0074996948242,111.68499946594238,144.4004704313498,29436.1015625,187.4579620361328,117.57750129699708,0.4918560087680816,6.827185392379761,4.30287492275238,0.0823867488652467,32751.283203125,1856.415069580078,1.0702860057353971,23.395101070404053,1.2599793076515198,1852.500030517578,109.18685005281824,41.15006607298807,296.3157044096257,65.63082599639893,9.887500047683716,189.9447988132517,21.21874952316284,262.15521415916623,12405.382568359377,18.042161243681186,8.676500082015991,944.9750061035156,6.9374998807907104,4087.525146484375,145.38301678650743,78.05234056022461,33.131898119162265,126.65595631399025,89.39357312684841,80.7999603968224,39.766681399429146,135.10370864544174,22.059499740600582,0.1296307500451803,0.080807002261281,241.63583755493164,0.9991072416305542,1.2737124860286713,1.0403731167316437,0.0078648648923262,27.019999504089355,117.3010331410936,113.51250076293944,0.3960082456469536,135.52214076040667,3.6,151892.0,211000.0,291.299,113.709,58.4,659847.0,1540.0,1712.0,21689.9,0.26,0.77,2044.658,115.13,30568582.0,21919.222,19046843.75,11.857142857142858,5,2,2022,30293.93,30670.51,28019.56,29468.1,430508.71991,208897.25934,6121946892.636766,37811.989,39796.68945913238,39890.09118891824
2022-05-30,105.41250228881836,43.1848440398723,56.4325008392334,0.7210395038127899,428.55250549316406,121.49625015258788,144.61237626274442,30341.68994140625,186.99214553833008,119.01250076293944,0.5736439973115921,7.425206899642944,4.450625061988831,0.0827080011367797,32895.2919921875,1840.6026611328125,1.071500450372696,22.51101541519165,1.2525105774402618,1846.9750366210935,114.21892012107818,41.22071910288652,301.3763778667916,64.55436992645264,9.292500019073486,190.9749201448969,23.77174997329712,263.6403575835269,12610.364990234377,18.765511182678747,8.5552499294281,1008.2249908447266,6.590000033378601,4117.1099853515625,149.751871670933,79.87997457064967,33.14373365251838,124.05990903773494,90.52388243945911,81.05119205092765,39.43902775230393,136.96140221667628,21.918749809265137,0.142765000462532,0.0827515013515949,241.66499710083008,0.9992407560348512,1.2615274786949158,1.0405887365341189,0.0077010940294712,25.565000534057617,118.66359088723964,117.35000038146973,0.4014839977025985,137.12623152590143,3.6,151892.0,200000.0,291.299,113.709,58.4,659847.0,1540.0,1712.0,21689.9,0.11,0.77,2006.688,123.01,30568582.0,21919.222,19050493.75,12.0,5,2,2022,29468.1,32399.0,29282.36,29919.21,422401.40352,202549.7786,6188339634.436444,36121.134,35799.22511443663,38339.3706607219
2022-06-06,98.36499977111816,41.39973184910313,54.16249942779541,0.7168249934911728,404.4674987792969,114.33500289916992,138.2632618479177,27995.30908203125,157.4887580871582,121.74750137329102,0.5391705110669136,7.133779287338257,4.338375091552734,0.0692730005830526,31852.197265625,1560.4118957519531,1.0580114424228668,18.33957815170288,1.2386508882045746,1860.625,112.47127739945066,38.04880447783189,288.6512229240385,52.72062873840332,7.897500038146973,181.19352555918417,21.332250595092773,252.2479387803376,12073.862548828123,17.51074974499998,8.84500002861023,986.5500030517578,5.517500042915344,3967.664978027344,143.47234177606816,80.37332517807228,31.494229514595958,120.90414804934714,88.00390412597072,78.2172251301302,37.77372962960375,130.63749311100273,21.921250343322757,0.126646751537919,0.0779892485588789,236.97999572753903,0.9991432577371596,1.2696750164031982,1.019190400838852,0.0074943335494026,27.21749973297119,112.34494061231912,120.41499900817873,0.3622665032744407,129.68987624010305,3.6,152353.0,214000.0,295.072,114.376,50.0,666113.0,1542.0,1745.0,21642.5,0.28,1.21,2040.093,124.99,30568582.0,21919.222,19057793.75,13.285714285714286,6,2,2022,29919.2,31765.64,26560.0,26574.53,528925.487959,255697.09976,7589290330.079022,34137.852,32015.28586659363,36437.23124920018
2022-06-13,83.64999961853027,38.01545946063041,48.290000915527344,0.6975499987602234,361.307502746582,105.73250007629396,130.45566286680128,21402.68896484375,124.14925575256348,115.78500175476074,0.4840410053730011,6.499968647956848,4.078125,0.0590535001829266,30143.939453125,1150.040008544922,1.0481829643249512,15.018569946289062,1.2199097573757172,1837.5750122070312,107.17671746652312,35.2536651264077,270.78946754900414,51.25276565551758,6.627500057220459,164.1438828441435,16.399500131607056,242.33571261014023,11330.1201171875,15.967078252208516,7.429749846458435,931.3500061035156,4.668750047683716,3706.175048828125,133.47378334314038,68.72130478460923,29.473186745629945,114.86656437932407,82.21200108090186,71.19448745829469,35.388950680175185,122.46563560773096,21.49399995803833,0.113138498738408,0.0617334991693496,219.4691619873047,0.9986547529697418,1.295737475156784,1.024351492524147,0.0074518920155242,31.267499446868896,101.86155327259348,112.76249885559082,0.3228904977440834,116.67687516553715,3.6,152353.0,213000.0,295.072,114.376,50.0,666113.0,1542.0,1745.0,21642.5,0.69,1.21,2212.62,128.44,30568582.0,21919.222,19065112.5,13.285714285714286,6,2,2022,26574.53,26895.84,17622.0,20574.0,1153717.637537,566051.074843,12119463385.11774,31979.367,27292.143500642815,33837.480692867306
2022-06-20,85.48000144958496,43.88401394805226,54.84749984741211,0.6918845623731613,379.2525024414063,113.29749870300292,137.612859053786,20881.87109375,115.54292488098145,112.38000106811523,0.4903214946389198,6.836176991462708,3.821250021457672,0.070256751962006,31148.33447265625,1180.3894653320312,1.0547958612442017,16.45387625694275,1.225494146347046,1827.875,115.1069297893742,35.97423348456678,284.6732470656883,56.20703125,7.285000085830688,165.4253518101712,19.678750038146973,257.1820389154296,11936.929931640623,16.788197805271928,6.359249830245972,913.375,5.117500066757202,3863.1099853515625,140.85343216950298,64.94494626629512,30.228120453941173,121.05658684716968,83.57551058633595,70.94797266388903,37.05086610323417,128.2580994934479,21.24549961090088,0.1201172489672899,0.0640319986268878,240.6449966430664,0.9992589950561525,1.2918350398540497,1.0416515171527865,0.0073911071522161,28.21499967575073,104.33227372365413,107.31000137329102,0.3541570007801056,119.46737893323063,3.6,152353.0,215000.0,295.072,114.376,50.0,666113.0,1542.0,1745.0,21642.5,0.67,1.21,2229.279,118.25,30568582.0,21919.222,19072425.0,7.428571428571429,6,2,2022,20574.0,21888.0,19637.03,21038.07,570801.23178,283739.01692,5901368295.141803,30115.362,24943.39490492033,31448.53123088349
2022-06-27,77.0625,41.60799851643151,51.417500495910645,0.6881347298622131,370.9775085449219,109.90499877929688,136.76778454922064,19700.474609375,106.52005958557127,112.9124984741211,0.4637434929609298,6.359456539154053,3.6554999947547913,0.0688732508569955,31127.86962890625,1097.702392578125,1.0460887253284454,15.319948196411133,1.213284820318222,1805.0249938964844,110.16953577772236,34.76151276220706,278.94996756421824,52.450560569763184,5.962499976158142,160.94396719091702,17.52650022506714,254.1213758668773,11667.550048828123,15.171170913222854,5.912500023841858,886.1500091552734,4.454999804496765,3833.797546386719,137.407639363434,66.27873079450072,30.32977413861459,123.6077927336146,84.13126122506905,70.31605993745862,37.59874836802338,125.68519903835862,19.94724988937378,0.1113210003823041,0.0662200013175606,231.3650016784668,0.999068483710289,1.2830075025558472,1.044036716222763,0.0073846201412379,27.522500038146973,98.38912944389315,108.86750030517578,0.3292664960026741,112.61216686434636,3.6,152353.0,212000.0,295.072,114.376,50.0,666113.0,1542.0,1745.0,21642.5,0.65,1.21,2155.942,119.69,30568582.0,21919.222,19076093.75,11.714285714285714,6,2,2022,21038.08,21539.85,18626.0,19315.83,508544.1397,251218.84067,4992634202.080661,28101.932,22804.59530476254,30137.178759894497
2022-07-04,77.6924991607666,45.04433689958803,54.52250099182129,0.6883107870817184,382.6925048828125,113.59749984741212,142.5428355443742,20774.7265625,107.27659606933594,106.79999923706056,0.4656644985079765,6.311563014984131,3.513000011444092,0.0683079995214939,31135.72021484375,1162.0213317871094,1.0229541063308716,15.24308156967163,1.2026192843914032,1754.6749877929688,115.47876735356772,35.28663078335013,285.7187035287861,51.86384963989258,7.77999997138977,167.08751016579322,20.97150039672852,258.70378984042685,11949.19287109375,15.420830032096344,5.94349992275238,882.4499969482422,5.1875,3864.829956054688,140.8156828215998,63.60516876836052,30.339293694607345,124.29661469185903,83.56003600498276,68.9519070876981,37.41828493480413,128.07809977961074,19.310999870300293,0.1095685008913278,0.0680260006338357,243.1683349609375,0.9993737488985062,1.2952499985694883,1.028437614440918,0.0073603878263384,25.88249969482422,99.9437112699697,104.03249931335448,0.3305452466011047,114.15613113807947,3.5,153049.0,215000.0,294.94,114.638,51.5,659550.0,1392.0,1719.0,21641.8,0.54,1.68,2167.085,121.8,30928912.0,22066.784,19083400.0,12.0,7,3,2022,19315.83,22527.37,19055.31,20862.47,1111996.98071,557807.34407,11808175072.936642,26341.344,22248.56157742411,29155.657195746924
2022-07-11,79.46249961853027,43.86170288838926,51.89999961853027,0.6792199313640594,378.1749877929688,112.17500114440918,146.17932374014964,20539.8203125,108.0973072052002,101.12000274658205,0.4415510073304176,6.295523762702942,3.274374961853028,0.0629699993878603,31022.0,1268.7273254394531,1.0074685961008072,18.04577660560608,1.1873782575130465,1710.6499938964844,111.94628857836264,35.840006339847264,283.86571146808444,53.7350378036499,7.922500133514404,162.77534618132145,20.61500072479248,250.59184572873536,11870.392333984377,15.42157742029832,6.797499895095825,847.8000030517578,5.338750123977661,3832.204956054688,139.94718044043506,62.024615929244455,30.008590474804983,123.59823194743808,82.74025161466777,68.01804753364999,37.09593945677448,127.93876508173716,18.567749977111816,0.1058567482978105,0.066974751651287,239.55750274658203,0.999616488814354,1.3042649924755096,1.0210688412189484,0.0072398056508973,25.41249942779541,103.21067240314407,97.6974983215332,0.3377682566642761,117.99493995811414,3.5,153049.0,212000.0,294.94,114.638,51.5,659550.0,1392.0,1719.0,21641.8,0.67,1.68,2164.266,114.85,30928912.0,22066.784,19090718.75,20.714285714285715,7,3,2022,20861.11,21684.54,18910.94,20798.16,1043685.76303,518342.14454,10546004665.118544,25017.32,21880.950046255086,27533.269590599393
2022-07-18,87.18000030517578,45.936894340771,55.6225004196167,0.6936951130628586,398.1074981689453,120.87249946594238,150.57465424145596,22549.2646484375,127.46243476867676,103.36999893188477,0.5050027370452881,7.026097178459168,3.3330000042915344,0.0687839984893798,31750.19970703125,1548.0470275878906,1.0197212398052216,24.57284641265869,1.1987919211387634,1717.25,108.90433237764304,37.12572956139914,294.68389618194,58.300758361816406,11.93499994277954,171.200625176467,27.1897497177124,253.87470315436127,12323.079833984377,17.172424150911404,8.023249864578247,861.1750030517578,7.022499918937683,3938.5823974609375,149.300448071013,64.69818062683065,30.97215704425433,123.79675514148748,85.62979858576213,70.57373669766397,38.01870684064852,133.13521113149602,18.554999828338623,0.1135387495160102,0.0676332525908947,265.5625114440918,1.0000030249357224,1.291959971189499,1.0356546938419342,0.0073183052008971,23.59500026702881,109.81185612647371,97.02249908447266,0.3607509955763817,125.81470560317186,3.5,153049.0,216000.0,294.94,114.638,51.5,659550.0,1392.0,1719.0,21641.8,0.59,1.68,2190.375,117.27,30928912.0,22066.784,19094375.0,18.428571428571427,7,3,2022,20799.58,24276.74,20762.45,22579.68,1336219.23609,672735.92695,15314324288.040232,24142.398999999998,21976.69784920316,24945.83329078597
2022-07-25,92.11499977111816,44.76938097644472,53.88249969482422,0.6987640261650085,402.4449996948242,130.5199966430664,157.54460853916777,23005.79736328125,139.5283908843994,108.03000068664552,0.5093407332897186,7.405979990959167,3.5223750472068787,0.0677197501063346,32576.44921875,1625.1406860351562,1.0204482972621918,35.26187038421631,1.2141188383102417,1752.2999877929688,112.81563319508172,34.91692639884731,304.53018010620474,59.07991218566895,12.557499885559082,160.22486184109897,27.394250869750977,266.9916175124367,12733.447265625,17.73764939566425,8.555000066757202,879.125,7.100750088691711,4077.867492675781,155.484694890454,69.5645506890715,31.800109281175487,126.38460776160552,90.13262604581116,72.95212038362249,39.790478310029314,138.52720502434403,19.696750164031982,0.1157672517001628,0.0681705009192228,287.22083282470703,1.0002489686012268,1.2819400429725647,1.047016441822052,0.0074592210585251,22.294999599456787,114.17473710875916,98.03250122070312,0.3738202452659607,130.30604448083616,3.5,153049.0,220000.0,294.94,114.638,51.5,659550.0,1392.0,1719.0,21641.8,0.45,1.68,2192.367,108.23,30928912.0,22066.784,19101693.75,31.285714285714285,7,3,2022,22577.13,24668.0,20706.5,23293.32,1282264.24492,639746.88279,14583255496.025145,23442.337,22106.29224159132,22050.733351461928
2022-08-01,100.70749855041504,48.42241345929256,60.06500053405762,0.6935700923204422,425.9124984741211,139.66749954223633,161.99662346263847,23104.033203125,138.9915657043457,96.73999977111816,0.5204562470316887,8.00052261352539,3.5366249680519104,0.0685987491160631,32741.52197265625,1677.7197875976562,1.019418179988861,36.7760648727417,1.211191087961197,1772.7250061035156,116.30395840761506,33.8266596156376,314.15313397248786,60.3818883895874,13.795000076293944,164.62411422379054,31.049750328063965,274.06299596727,13137.777587890623,18.78470957292179,8.039499998092651,912.5000152587892,8.086250185966492,4134.462524414063,160.63458519586575,66.72319109668103,31.94047183040682,125.82256613285996,91.53077599489376,72.85521227353671,39.67583876908061,142.5308826350131,19.955749988555908,0.1212837509810924,0.0695082508027553,293.8725051879883,1.0001719892024994,1.289540022611618,1.0431534051895142,0.007466607610695,21.93499994277954,118.23060079526292,90.92000198364258,0.37525824457407,135.21423561787722,3.6,153286.0,228000.0,295.162,115.298,58.2,663566.0,1520.0,1542.0,21606.6,0.09,2.33,2161.885,106.09,30928912.0,22066.784,19109006.25,34.142857142857146,8,3,2022,23296.36,23647.68,22400.0,23174.39,951140.43388,472484.29234,10902339486.38157,22812.965999999997,22201.360972534465,20449.942727322687
2022-08-08,99.42500114440918,50.890579675666274,63.09475135803223,0.7060277462005615,440.49000549316406,141.9775047302246,167.67407360958777,24096.275390625,139.89361953735352,97.40999984741212,0.559661254286766,8.810188293457031,3.662500083446503,0.078694000840187,33497.962890625,1890.371490478516,1.0264232456684113,41.10623073577881,1.2151871025562286,1793.4750061035156,119.61562214379715,33.99213539380368,320.7132065497637,62.58082962036133,17.174999713897705,176.84154466798378,34.547499656677246,281.7181869968905,13410.802490234377,18.1900255441044,8.515499949455261,951.6999969482422,9.542250156402588,4238.2149658203125,163.75235425863403,69.92736886750266,33.38701806525911,127.2360593575276,94.42748303512192,75.71824731359649,40.96499682130395,145.52260844873962,20.59999990463257,0.1271445024758577,0.070245249196887,296.15333557128906,1.0003032386302948,1.2806299924850464,1.0573155283927915,0.0074889871757477,20.13000059127808,117.80984745688978,91.61249923706056,0.375975988805294,134.48045621307054,3.6,153286.0,221000.0,295.162,115.298,58.2,663566.0,1520.0,1542.0,21606.6,0.29,2.33,2195.692,103.46,30928912.0,22066.784,19112662.5,31.0,8,3,2022,23174.39,25047.56,22664.69,24305.24,1251083.26468,625522.69768,15039436995.29062,22251.569,22348.762840671352,20436.415158228465
2022-08-15,97.08499717712402,46.24928733950927,58.08249950408936,0.6932442337274551,431.4724960327149,140.23500061035156,170.35837002651516,22265.140625,123.81859397888184,95.75,0.4867430031299591,7.48136830329895,3.658375024795532,0.0737677495926618,33819.44921875,1695.0367736816406,1.009693443775177,35.58039951324463,1.1900751292705536,1760.4249877929688,117.83911725252396,33.901749386091176,319.59159452774134,57.32768058776856,14.47000002861023,170.29987593861463,30.151999950408936,281.4006603000479,13354.3828125,18.1331036022732,9.188000202178957,898.3000183105469,7.987499833106995,4250.2349853515625,165.10630540542547,71.17457547418806,33.48218684694169,127.27915121892502,94.93894145243172,75.43926470160953,40.80632104552015,145.64240193521795,19.35625028610229,0.1145177502185106,0.0667589977383613,300.12499237060547,1.0000692456960678,1.294072508811951,1.0478902459144592,0.007360135554336,20.47000026702881,116.34821547541873,89.84249877929688,0.3537797480821609,133.38665670192142,3.6,153286.0,220000.0,295.162,115.298,58.2,663566.0,1520.0,1542.0,21606.6,0.35,2.33,2175.857,98.25,30928912.0,22066.784,19119975.0,42.0,8,3,2022,24305.25,25211.32,20761.9,21515.61,1402957.39876,698823.59671,15948153490.601809,21745.677,22296.260325668354,20743.109540062756
2022-08-22,92.71500015258788,43.18732367499503,53.28249931335449,0.7011774480342865,390.5824966430664,132.45750045776367,163.2899132394628,20163.837890625,119.63043975830078,99.20249938964844,0.4424535036087036,6.537580728530884,3.715749979019165,0.0642342502251267,32607.90283203125,1502.4563293457031,0.9981409162282944,32.690836906433105,1.178053230047226,1740.125,111.36507143238344,32.14160956743143,305.2394238658135,54.32519721984863,12.082500219345093,162.79525799501886,25.74174976348877,265.9844213607166,12747.25,16.653136675455936,9.417499780654907,859.7749786376953,6.985000014305115,4094.004943847656,157.55831251212769,74.3152499815306,32.3687328011101,123.00507321754502,92.17847219161996,74.43920860109314,39.330801222413655,138.3316838824746,18.87249994277954,0.1055727507919073,0.0627197511494159,291.5308303833008,1.0000204890966415,1.2979474663734436,1.037127107381821,0.0072905066190287,24.67249965667725,110.54205412118668,92.11999893188477,0.3347129970788955,127.27417821288871,3.6,153286.0,215000.0,295.162,115.298,58.2,663566.0,1520.0,1542.0,21606.6,0.46,2.33,2235.665,95.06,30928912.0,22066.784,19127281.25,33.285714285714285,8,3,2022,21516.7,21900.0,19520.0,19555.61,1343190.86,669270.17315,14089524497.01568,21643.838,22260.389386048704,21657.133824081007
2022-08-29,82.54749870300293,40.75263216420132,50.49875068664551,0.6830074191093445,370.2150039672852,127.68750381469728,155.23209722168136,20029.2138671875,117.28185272216795,95.83249855041504,0.484919510781765,6.941209673881531,3.4742499589920044,0.0627634990960359,31536.0322265625,1556.5487060546875,0.9977665096521378,32.43556833267212,1.1570325791835785,1713.6750183105469,107.96133724691776,30.18642490401305,292.1756953715123,59.04632663726807,11.46500015258789,160.36420537253957,22.59025001525879,253.10153889669007,12201.05029296875,14.205995848883568,8.968250274658203,822.9249877929688,6.760000109672546,3953.789978027344,152.33522811483638,73.13608740216543,31.428955779081125,120.07279079013782,88.88500444524448,71.03711327151954,37.86093850255202,131.22140837819268,17.864249229431152,0.1055712513625621,0.0636624991893768,273.7624969482422,1.000076025724411,1.3088925182819366,1.0223589539527893,0.0071528130210936,25.45499992370605,103.07490103244815,89.34500312805176,0.3296179994940758,118.26798476463152,3.6,153286.0,210000.0,295.162,115.298,58.2,663566.0,1520.0,1542.0,21606.6,0.54,2.33,2205.188,101.13,30928912.0,22066.784,19134593.75,26.428571428571427,8,3,2022,19555.61,20576.25,19540.0,20000.3,1527594.84529,762324.89492,15270693969.604977,21540.060999999998,22230.27338962204,22438.76589354789
2022-09-05,83.57999801635742,43.0162505895247,53.24850082397461,0.6819891929626465,387.754997253418,131.2425022125244,154.25760094356963,20988.3828125,127.47005844116212,92.4749984741211,0.4996184855699539,7.679799914360046,3.544250011444092,0.0626532491296529,31894.90576171875,1702.0278930664062,1.0082819014787674,37.64639902114868,1.1565543115139008,1711.7749633789062,108.99639172660366,29.57275360160309,297.60928823223907,60.558959007263184,13.399999856948853,165.38305153512644,24.72625064849853,256.0634009112592,12428.954833984377,14.12910210789917,8.217249989509583,865.1750030517578,7.7500001192092896,4024.570068359375,157.73152844402242,72.33106917656748,32.273562936335814,123.54083022579113,90.24254583708728,72.85991723160303,38.71220212428194,132.7392873885972,18.444000720977783,0.1110122501850128,0.0633274996653199,291.2374954223633,1.0002344846725464,1.3087925016880035,1.036700576543808,0.0070171944098547,24.00500011444092,104.62337116126604,86.29249954223633,0.3468557447195053,120.32389639538115,3.5,153513.0,204000.0,296.421,115.805,58.6,661854.0,1470.0,1613.0,21520.5,0.73,2.56,2173.413,94.22,30928912.0,22066.784,19141912.5,22.714285714285715,9,3,2022,20000.3,21860.0,18510.77,21826.87,2146685.76233,1074020.48582,21751877355.13041,21791.165,22216.214664864678,23133.416868501427
2022-09-12,78.26250076293945,42.81790714216911,52.855000495910645,0.678157314658165,321.88250732421875,126.0625,151.4918723716954,20225.0810546875,117.19254684448242,92.13999938964844,0.4644722491502762,7.562489867210388,3.572375059127808,0.0593680003657937,31174.73974609375,1445.0791015625,1.0043460130691528,32.20225429534912,1.1541579961776731,1680.7999572753906,104.04258017766232,28.247892632487023,288.4526741042332,56.398138999938965,11.974999904632568,151.3516554049928,22.09725046157837,244.53419715600825,12046.46240234375,13.37561339469943,8.120749950408936,897.1999969482422,7.147500038146973,3925.755004882813,155.82865621983126,71.9183591583942,31.797730243968303,122.74676309831872,86.80807546202746,70.23801635690968,37.23781180246404,128.01943839623345,19.30424976348877,0.1081502493470907,0.0617655012756586,301.5550003051758,1.0000692456960678,1.31955748796463,1.0408904552459717,0.0069898071233183,26.052499771118164,101.03718783838885,86.17000007629395,0.3592820018529892,116.46151689263398,3.5,153513.0,197000.0,296.421,115.805,58.6,661854.0,1470.0,1613.0,21520.5,0.95,2.56,2218.546,93.45,30928912.0,22066.784,19145562.5,23.857142857142858,9,3,2022,21826.87,22799.0,19320.01,19416.18,2218565.59694,1107144.73306,22859382949.065567,21646.536,22168.683621496748,23188.369231573954
2022-09-19,70.28750038146973,38.560910331668886,47.37199878692627,0.6623601615428925,287.1149978637696,116.08249855041504,150.04365264709423,18892.28515625,113.98879432678224,87.81750106811523,0.4510075002908706,7.584392428398132,3.416249990463257,0.0616142507642507,29864.54541015625,1301.5331420898438,0.9780708700418472,28.65200662612915,1.1007601916790009,1654.000030517578,99.09622462634728,26.597165347543715,274.13228935203995,52.830711364746094,9.96749997138977,141.65986282579215,19.368000507354736,234.6719647696748,11463.6650390625,12.816215763696915,7.1290000677108765,873.1999969482422,6.347999930381775,3735.25,145.7045305990041,65.66191987895206,29.972900128562312,117.90110300010792,82.11407651511058,65.73895448878223,34.46949512185752,122.41723967110102,19.014249801635746,0.1177312508225441,0.0598674984648823,284.3199920654297,1.0000622123479843,1.3480574786663055,1.02346009016037,0.0069817738840356,29.425000190734863,95.84136248880102,80.54999923706055,0.4698247462511062,110.4002300441934,3.5,153513.0,201000.0,296.421,115.805,58.6,661854.0,1470.0,1613.0,21520.5,1.15,2.56,2217.542,89.43,30928912.0,22066.784,19152868.75,25.571428571428573,9,3,2022,19417.45,19956.0,18125.98,18807.38,2285541.48793,1141577.20385,21724013825.414856,21447.458000000002,22091.560088926977,22600.43053765595
2022-09-26,64.5875015258789,37.9460342393706,46.2524995803833,0.6482225507497787,278.50750732421875,114.3849983215332,140.4118057594941,19244.99169921875,115.95149040222168,87.4124984741211,0.4301814958453178,7.472118496894836,3.416624963283539,0.0600652499124407,28994.662109375,1304.2369384765625,0.974997878074646,27.67846298217773,1.097924530506134,1654.4750061035156,96.42897530368695,24.970221468076357,266.23623159571247,52.62321472167969,10.692500114440918,136.28767351475196,21.05149984359741,230.30503889260325,11114.06494140625,12.248575647116835,6.781749844551086,867.4000091552734,7.015000104904175,3623.0275268554688,141.3574023811575,65.49754638489945,29.19063757550937,117.0335428804929,80.28579421507956,64.76506480430325,33.14885073832928,118.05417162665474,18.78674936294556,0.1166247483342886,0.0606282502412796,270.4925003051758,1.0000489801168442,1.372689962387085,1.0136442482471466,0.0069247628562152,31.877500534057617,91.76347770568591,79.54249954223633,0.4550594985485077,104.96627220483312,3.5,153513.0,189000.0,296.421,115.805,58.6,661854.0,1470.0,1613.0,21520.5,1.56,2.56,2299.011,82.55,30928912.0,22066.784,19160200.0,22.428571428571427,9,3,2022,18809.13,20385.86,18471.28,19056.8,2777070.91238,1387219.15628,26857951663.908794,21095.170000000002,21920.18122913271,21516.69206375347
2022-10-03,61.34749984741211,37.89620121570188,46.58749961853027,0.6481850892305374,290.00999450683594,116.14249801635742,139.49648825151556,19581.61767578125,118.0167064666748,95.23499870300292,0.4253652542829513,7.556769371032715,3.450374960899353,0.0625020004808902,29475.822265625,1324.1910705566406,0.9801636934280396,27.40162467956543,1.1189715266227722,1697.7250061035156,98.73047742460486,24.95832532421028,267.9670629742701,53.79966449737549,11.650000095367432,134.79719203684664,22.54775047302246,233.08824341129804,11181.124755859377,12.444116571480563,6.747250080108643,925.8500061035156,6.836250066757202,3672.789916992188,139.37969654325002,73.72945091641414,29.76464139432484,118.72164159360374,82.22617679025186,66.69328308464301,32.29785544432404,119.78161616532796,20.407249450683597,0.1251995004713535,0.0622244989499449,231.4150047302246,1.0001512467861176,1.3668624758720398,1.0098427832126615,0.0069010843290016,31.07000064849853,93.93817628428523,89.86499977111816,0.5122715011239052,108.32375315974842,3.6,153913.0,204000.0,297.979,116.2,59.9,668671.0,1440.0,1560.0,21424.7,1.43,3.08,2252.523,90.68,31419689.0,22249.459,19167537.5,21.571428571428573,10,4,2022,19057.74,20475.0,18959.68,19439.02,1690215.44019,847579.42346,16800184632.096544,20709.739999999998,21753.497534807742,20416.153396199545
2022-10-10,56.647499084472656,34.54192539770557,42.57250022888184,0.6535799354314804,287.6625061035156,108.85000038146973,137.0885242960153,19186.2890625,110.41878509521484,93.27749824523926,0.37949900329113,7.130577921867371,3.4485000371932983,0.0590094998478889,29589.85498046875,1290.404052734375,0.9722338765859604,23.56678676605225,1.1158601343631744,1654.1999816894531,96.5857216492378,24.55872901125137,257.5523664750138,51.5501880645752,10.452500104904177,127.4393845120192,21.21525001525879,223.6053886108392,10744.412109375,11.335559108514856,6.53600001335144,904.3499908447266,5.917500138282776,3592.430053710937,133.66166368329198,73.94264284501881,29.60918293535857,118.65919870978684,81.56335645578322,65.23820249268779,31.11126313133418,114.67035371866484,18.46874952316284,0.1158609967678785,0.0620389999821782,210.2825050354004,1.0000412315130234,1.3800974786281586,0.9969007223844528,0.0067626753589138,32.427499771118164,85.82155156791917,87.51499938964844,0.4840907603502273,98.87239782740689,3.6,153913.0,206000.0,297.979,116.2,59.9,668671.0,1440.0,1560.0,21424.7,1.62,3.08,2226.95,97.13,31419689.0,22249.459,19174856.25,23.142857142857142,10,4,2022,19439.96,19951.87,18190.0,19262.98,1666942.47921,830990.14609,15940838410.74414,20318.599000000002,21583.667840103208,20262.85482487987
2022-10-17,58.46000003814697,35.80390391672846,44.94499969482422,0.6397700309753418,302.1849975585937,117.07999801635742,143.7523783075348,19392.9951171875,109.16522789001463,92.6349983215332,0.3576299995183944,6.992875576019287,3.481750011444092,0.0597212491557002,30820.50244140625,1338.8303833007812,0.9826688021421432,22.957804679870605,1.1278605163097382,1645.4500122070312,100.38257849514956,25.338899069210957,269.16687252211017,52.95438766479492,11.62000012397766,130.21131057581349,22.925999641418457,235.59234785699377,11238.695068359377,12.29128185955708,5.283750057220459,940.1749877929688,5.861250042915344,3726.7349853515625,138.81252046090154,78.25458947761615,30.65196078441421,120.99806226975782,84.62283182412298,68.12457947645004,31.901562396425405,120.70536173630984,18.922749996185303,0.1116150021553039,0.0619075009599328,215.1750030517578,1.00007301568985,1.368182510137558,0.9995899647474288,0.0067397014936432,30.30250024795532,89.76244931286652,85.09000015258789,0.4639615043997764,103.41997130744952,3.6,153913.0,199000.0,297.979,116.2,59.9,668671.0,1440.0,1560.0,21424.7,1.57,3.08,2172.301,91.04,31419689.0,22249.459,19182181.25,22.285714285714285,10,4,2022,19262.98,19706.66,18650.0,19570.4,1439566.24878,716529.4381,13802093103.379763,19845.114999999998,21377.38892954107,20296.179699112436
2022-10-24,60.84999942779541,37.52033503987532,47.27500057220459,0.6425080448389053,322.03499603271484,106.45000267028809,151.26490059896847,20366.4814453125,115.12147521972656,95.0074977874756,0.4005517438054085,7.574818968772888,3.503000020980835,0.110963499173522,32443.705078125,1540.450714111328,0.9959011226892472,24.55733156204224,1.153696209192276,1645.875,96.83702732159723,26.994385540332654,275.12167354875095,55.124372482299805,13.692500114440918,107.77456265101164,26.90850019454956,232.1898707376405,11485.18994140625,13.381109893974216,5.5019999742507935,959.5750122070312,6.838750123977661,3862.2974853515625,141.1691926795045,81.50287694082624,32.261566096962525,126.37449705079322,89.57704443778252,70.43082217237134,33.20153811077575,125.5422084017952,19.20974969863892,0.1117824986577034,0.0630529969930648,222.3600006103516,1.0001797676086426,1.357690006494522,1.0052354633808136,0.00678650313057,27.050000190734863,93.062422676349,87.05500030517578,0.4609899967908859,107.6448058524708,3.6,153913.0,201000.0,297.979,116.2,59.9,668671.0,1440.0,1560.0,21424.7,1.66,3.08,2242.044,91.57,31419689.0,22249.459,19185843.75,22.285714285714285,10,4,2022,19570.4,21085.0,19157.0,20627.48,2026392.42105,1011279.69462,20544581597.540604,19756.302000000003,21366.36045525532,19813.443434421133
2022-10-31,61.584999084472656,35.828696867726244,44.82249927520752,0.6421973556280136,293.82749938964844,93.71750259399414,139.78761322929395,20846.52490234375,117.81600761413574,97.07999992370604,0.4061300009489059,8.14201295375824,3.642499923706055,0.1250122506171465,32401.35546875,1578.262237548828,0.99215729534626,24.76393699645996,1.1383475065231323,1658.6499938964844,87.71314819281505,26.818368112294763,263.1973560422143,65.42155647277832,11.525000095367432,91.81477440446244,26.985999584198,218.33281482402955,10980.2099609375,13.859344622254708,6.231000065803528,960.6999969482422,6.054999947547913,3787.760009765625,136.12095719956878,83.38491193153752,32.40746871548872,125.91105809816096,90.64571618726984,70.87303043137244,33.14884783861465,120.03644147577246,20.36875009536743,0.1103154998272657,0.0630625002086162,213.85499954223636,1.000051498413086,1.3558000028133392,0.9996317923069,0.0067953746765851,25.042499542236328,92.78722820078818,90.84750175476074,0.4740667641162872,106.5777766403884,3.6,153913.0,202000.0,297.979,116.2,59.9,668671.0,1440.0,1560.0,21424.7,1.58,3.08,2275.459,93.3,31419689.0,22249.459,19193143.75,30.571428571428573,10,4,2022,20627.48,21480.65,20031.24,20905.58,2205754.83045,1100693.97044,22750577655.361526,19891.299,21353.11804384454,19114.867346616502
2022-11-07,69.4650011062622,38.24107430248587,45.65999984741211,0.6626006811857224,328.0449981689453,97.16000175476074,144.32197095500538,17360.667236328125,101.71156120300292,95.80749893188477,0.3470937460660934,6.856049060821533,3.8644999861717215,0.0901180021464824,33434.66748046875,1282.849853515625,1.0260753482580185,20.867947101593018,1.17030867934227,1742.7250061035156,93.70202233473346,28.68967526138067,277.23110057905643,59.22928810119629,9.850000381469728,108.00098769152468,19.48649954795837,235.84444104415763,11566.10986328125,15.683632839314525,6.173500180244446,1039.4500274658203,5.34375,3932.889953613281,138.849212727131,84.40502314996331,33.85921878673813,127.70963591357608,94.66575803353768,76.0299948100545,34.958516577052976,127.46322216659586,21.380500316619877,0.0923012513667345,0.0542412493377924,194.48999786376956,0.9948874861001968,1.194875031709671,1.0482073426246643,0.007097894558683,23.50000047683716,104.43379265151503,89.08999824523926,0.3713942468166351,119.64856479327106,3.6,154210.0,204000.0,298.708,116.554,56.7,659458.0,1420.0,1402.0,21358.0,1.69,3.78,2241.317,99.87,31419689.0,22249.459,19200456.25,33.0,11,4,2022,20905.58,21069.77,15588.0,16329.85,3234391.873932,1600577.598841,28942358620.932453,19524.254,21037.450813624415,19141.51891118676
2022-11-14,74.1150016784668,37.34356065471422,45.125,0.6695751696825027,335.4574966430664,96.13750076293944,148.84932391131304,16391.482421875,104.0180835723877,89.48750114440918,0.3199554979801178,5.975190043449402,3.691999971866608,0.0805412493646144,33679.5478515625,1176.7710571289062,1.0360572636127472,18.831892490386963,1.1874003112316132,1757.5750122070312,96.9141578097654,28.94761981688016,281.1723243730793,60.62411022186279,8.132499933242798,112.62918301889584,16.98349952697754,236.7207948649429,11724.59228515625,15.717096941970064,6.2200000286102295,1011.7750091552734,4.699999928474426,3966.5150756835938,138.9298922183072,84.23995110269996,33.81377568104162,128.670126202056,95.15566714800936,76.25348984795593,34.80159571902939,129.70522490577798,21.251749992370605,0.0878167487680912,0.0495994994416832,184.4375038146973,0.9990462511777878,1.3367425203323364,1.052376925945282,0.0071528403786942,23.830000400543213,107.76679115721464,81.80999946594238,0.3609464988112449,122.28102654940751,3.6,154210.0,210000.0,298.708,116.554,56.7,659458.0,1420.0,1402.0,21358.0,1.51,3.78,2165.018,93.59,31419689.0,22249.459,19204106.25,24.857142857142858,11,4,2022,16331.78,17190.0,15815.21,16280.23,1626234.48043,808233.04529,13458274078.678343,18969.590000000004,20293.8504950371,19352.937529103594
2022-11-21,75.01749992370605,35.40472870030802,43.247501373291016,0.6718503832817078,331.8249969482422,93.10750007629396,147.03541488292478,16314.94384765625,110.59013748168944,84.86499786376953,0.3110232427716255,6.657881855964661,3.6177499294281006,0.0940652471035718,34159.9384765625,1174.6075439453125,1.0376608073711395,19.45775365829468,1.202968031167984,1750.1500244140625,96.47127331156108,28.36664157060597,281.2067132705659,72.86538410186768,6.459999918937683,110.44696479821124,17.533499479293823,241.6394676099313,11720.455078125,16.019521955542082,6.949250102043152,1007.75,4.309999883174896,4004.9000854492183,138.4873797248467,83.54767102069974,34.35909381815626,131.0377919257084,96.83908623255412,77.61822249553117,35.338776035830854,130.42315121011566,21.269999504089355,0.0887267515063285,0.0524187488481402,179.2775001525879,0.9993769973516464,1.340212494134903,1.055552214384079,0.0071619728114455,21.360000133514404,108.0432229631654,77.5,0.3895872458815574,122.9509903146808,3.6,154210.0,220000.0,298.708,116.554,56.7,659458.0,1420.0,1402.0,21358.0,1.52,3.78,2125.426,88.44,31419689.0,22249.459,19211425.0,22.285714285714285,11,4,2022,16279.5,16812.63,15476.0,16428.78,1561058.479583,775318.46032,12669512752.453428,18670.85,19959.385602553757,19580.89394699827
2022-11-28,75.44000244140625,37.01926482758127,45.265000343322754,0.6769523024559021,339.3500061035156,94.23250007629396,144.59382164705295,16878.250244140625,110.81094932556152,85.29750061035156,0.3181247487664222,7.311149835586548,3.7832500338554382,0.1022407505661249,34259.759765625,1254.6535949707031,1.047863095998764,19.51357936859131,1.220185160636902,1783.3500061035156,98.83746523347708,28.33048079659286,285.2044434838362,76.31659507751465,6.627499938011169,119.2878036485703,19.86325025558472,246.54397440877312,11888.5498046875,16.616381922537524,6.551000118255615,1041.0249938964844,4.771250009536743,4045.389892578125,141.71680898894886,82.96540742635776,34.31843091497083,133.21576073854175,97.56913972469012,78.83553293077713,35.59877134158001,131.44492989412964,22.535249710083008,0.0880980007350444,0.0533610014244914,191.8474998474121,1.000000536441803,1.3504950106143951,1.064295381307602,0.007380174472928,19.924999713897705,109.04495570918716,79.22500038146973,0.3919509947299957,123.88893486224552,3.6,154210.0,209000.0,298.708,116.554,56.7,659458.0,1420.0,1402.0,21358.0,1.43,3.78,2054.914,83.5,31419689.0,22249.459,19218743.75,22.857142857142858,11,4,2022,16428.77,17324.0,15995.27,17105.7,1572173.55626,782395.46704,13118194969.46495,18500.681999999997,19851.759603629223,19817.165806614383
2022-12-05,70.21749687194824,35.0402688146156,43.097500801086426,0.6780001074075699,331.5350112915039,89.92999839782715,142.157141484193,17084.2744140625,108.896146774292,78.93499946594238,0.3127300068736076,6.927502155303955,3.858499944210053,0.0973574966192245,33676.810546875,1263.6056518554688,1.0533729493618011,19.136098861694336,1.224265694618225,1792.125,94.49572094975554,27.55423808796129,278.9398985100111,77.97383308410645,5.534999966621399,116.78708586226368,20.112000465393063,242.24822810640853,11628.9951171875,16.799233822692138,6.054499864578247,1038.999969482422,4.4075000286102295,3959.89990234375,137.26507020844136,77.84197875948774,33.299571167082775,132.71150219886235,95.65996921674972,77.55639703715583,35.10740301477598,128.77658919208832,23.19374990463257,0.0850427486002445,0.0539257489144802,179.60750198364258,1.000085487961769,1.3639425039291382,1.0677964389324188,0.007338389288634,22.18000030517578,107.4720148188655,73.70999908447266,0.3837737515568733,122.10208676995892,3.5,154336.0,209000.0,298.808,116.977,59.8,651763.0,1340.0,1400.0,21219.3,1.21,4.1,2093.647,83.36,31419689.0,22249.459,19222418.75,26.857142857142858,12,4,2022,17106.65,17424.25,16678.83,17085.05,1443791.97519,715127.17858,12204776366.352076,18303.507,19718.743182289385,19791.89899931347
2022-12-12,67.7075023651123,34.10804293565566,41.78200054168701,0.6750924736261368,339.3350067138672,89.67500114440918,136.59185669990552,17104.79638671875,103.6136989593506,79.13250160217285,0.2777475044131279,6.190822124481201,3.794374942779541,0.0817624982446432,33301.9482421875,1219.4451293945312,1.0608704686164856,16.839571237564087,1.2213479280471802,1793.6500244140625,91.95287922567266,26.60924451629617,274.8708382328207,68.02834892272949,4.2825000286102295,118.47661868484292,18.34025001525879,244.68820316046717,11457.347412109377,17.071511561884886,6.63099992275238,1022.7250061035156,3.9774999618530273,3908.397521972656,133.56384709499216,77.69068490998244,32.69207376938457,131.49644995755298,95.25412037985522,76.27726671494045,34.84718055124744,127.68864900657044,23.374249935150143,0.0777169987559318,0.0542664993554353,156.9674949645996,1.0002117455005646,1.3685999810695648,1.0743990242481232,0.007326238672249,23.037500381469727,106.8311122954313,74.14999961853027,0.3611877486109733,121.01217108302735,3.5,154336.0,210000.0,298.808,116.977,59.8,651763.0,1340.0,1400.0,21219.3,1.33,4.1,2158.517,78.0,31419689.0,22249.459,19229737.5,26.428571428571427,12,4,2022,17085.05,18387.95,16527.32,16738.21,1511897.62621,750915.1707,12986868567.494251,18033.426,19489.278292161303,18947.429883483437
2022-12-19,64.78749752044678,31.18740063610953,38.21750068664551,0.6710392832756042,336.92750549316406,85.09499931335449,131.01913712852013,16773.7734375,101.02812767028809,82.62750053405762,0.2590012513101101,5.954451084136963,3.791999936103821,0.0755397509783506,33104.7822265625,1206.3250122070312,1.0646006762981417,15.987391233444214,1.208596169948578,1799.5500183105469,88.4122970978893,25.191754332327825,263.55387187810334,67.40912246704102,3.697499990463257,116.67013490120496,16.618000507354736,234.9037324146254,11010.175048828123,15.467575592659708,5.3144999742507935,1031.3499755859375,3.747500061988831,3835.987548828125,126.94861896984494,78.82997374714839,32.347673579677,130.2790088898982,94.21428090648276,74.36331464906726,33.80285077621862,122.47690140853663,23.660749912261963,0.0744457524269819,0.0546654993668198,130.64249992370603,0.9999964982271194,1.3639425039291382,1.0743663609027865,0.0074931607814505,21.49500036239624,100.21401633552033,78.31499862670898,0.3454092517495155,114.9867571802187,3.5,154336.0,213000.0,298.808,116.977,59.8,651763.0,1340.0,1400.0,21219.3,1.42,4.1,2134.765,81.66,31419689.0,22249.459,19237056.25,28.571428571428573,12,4,2022,16739.0,17061.27,16256.3,16832.11,1148035.81471,569762.83271,9559861835.221373,17790.339,19312.040512602955,17491.277477830205
2022-12-26,64.16999816894531,30.57005131566688,37.92500019073486,0.6776052564382553,334.9375,83.76000022888184,127.79907918623202,16654.6201171875,98.3076114654541,84.85000228881836,0.2514652498066425,5.6774067878723145,3.8352500200271606,0.0709410011768341,33132.509765625,1204.5124816894531,1.0698585510253906,15.691848754882812,1.2081375122070312,1817.199981689453,87.4170673226699,25.268897966416056,261.1608614436829,69.72210121154785,3.384999990463257,118.74535453400244,14.39424967765808,234.60426522482024,10882.9423828125,14.541085355849717,4.673749923706055,1058.7999725341797,3.4225000739097595,3829.492492675781,126.02919138639004,80.80913748906481,32.85856032086027,130.97719374679815,94.80148645261674,74.54115152539273,34.206340113287695,121.68595289856006,23.864749908447266,0.0728090014308691,0.0545037500560283,119.77000045776369,0.9997427612543106,1.356289952993393,1.080297976732254,0.0075805755332112,21.774999618530277,99.80588296317896,79.62250137329102,0.3462822437286377,113.23097201982006,3.5,154336.0,204000.0,298.808,116.977,59.8,651763.0,1340.0,1400.0,21219.3,1.55,4.1,2216.348,82.45,31419689.0,22249.459,19240712.5,28.0,12,4,2022,16832.11,16972.83,16333.0,16616.75,1028681.78419,512673.90334,8536394019.895053,17494.974,19064.85193755661,16453.29087713465
2023-01-02,63.71249866485596,30.96922287678639,38.29999923706055,0.6836621463298798,333.44000244140625,85.14250183105469,127.0997159812963,16961.41552734375,101.53595161437988,80.4424991607666,0.2832554914057255,5.839593529701233,3.8644999861717215,0.0728967487812042,33446.0517578125,1264.3233642578125,1.0632172226905825,19.21446847915649,1.2038994133472445,1857.8499755859373,87.23046283313037,27.158884461669327,263.2310491504662,75.81855010986328,3.9475000500679016,127.5613065618206,15.649499893188477,224.5963950290688,10967.5546875,14.678474083654638,3.833500027656555,1086.1999816894531,4.052500069141388,3872.670043945313,128.34084077287557,80.2671978907093,33.77070224538662,130.5697027768992,96.64256702119344,76.13965433837693,34.89672425391139,122.09631615578876,23.829750537872314,0.0757297500967979,0.053329499438405,111.68249893188477,0.9998884946107864,1.3504849672317505,1.0758881568908691,0.0075709911761805,21.75499963760376,103.45882335988324,75.37499809265137,0.3416122570633888,117.6052673048828,3.5,154780.0,204000.0,300.456,117.526,64.9,680253.0,1361.0,1443.0,21205.1,1.58,4.33,2553.716,82.82,31458438.0,22403.435,19248025.0,27.0,1,1,2023,16617.17,17176.99,16548.7,17127.83,1112349.61417,553373.3718,9308405394.44382,17145.009,18800.841037948718,16656.939266030913
2023-01-09,69.82999992370605,34.71547941848004,42.77250003814697,0.6955624967813492,342.9225006103516,95.4225025177002,131.60977140108844,19982.68310546875,120.93967819213869,83.59749794006348,0.3412969931960106,6.601733446121216,4.140249967575073,0.0843474995344877,34092.3349609375,1488.8447265625,1.0804908275604248,22.046783447265625,1.220155090093613,1906.1750183105469,90.13407744523762,28.793334848089174,274.0847391217082,85.7633056640625,6.919999837875366,134.06564058072777,20.537750244140625,231.91388788751743,11420.400146484377,16.451769475602365,3.5874999165534973,1067.5249633789062,5.747249960899353,3969.855041503906,135.18009668151456,82.63180251090122,34.531215718694185,130.18152639195193,98.44018700957116,79.44674588890003,36.24737165924496,127.01586116301137,23.96950054168701,0.0859427507966756,0.0610224995762109,121.41749954223631,1.0002877116203308,1.3392049968242643,1.0794243514537811,0.0077532626455649,19.292500019073486,110.40349732934052,78.32500076293945,0.3804854899644851,125.0708169090656,3.5,154780.0,208000.0,300.456,117.526,64.9,680253.0,1361.0,1443.0,21205.1,1.31,4.33,2199.121,77.5,31458438.0,22403.435,19255362.5,26.428571428571427,1,1,2023,17127.83,21258.0,17104.66,20871.5,2145455.73458,1067943.16719,20072164599.67841,17141.601000000002,18809.99599654676,16879.346334388145
2023-01-16,70.04749870300293,36.060509998220965,44.77750110626221,0.6965048015117645,352.14500427246094,96.67000007629396,135.45505846496687,22316.18115234375,127.06229972839355,86.70999717712402,0.3663655072450638,6.881017684936523,4.238124847412109,0.087407998740673,33492.46875,1610.0915832519531,1.0852391719818115,22.22290277481079,1.234594702720642,1921.9250183105469,95.6402473526092,28.190659641937053,276.99530431626226,87.1834831237793,7.879999756813049,137.05903036308536,23.292749881744385,234.05685952182856,11545.067626953123,17.556115623245216,3.307000041007996,1036.5499877929688,6.137499928474426,3961.5375366210938,136.04543918159064,83.44935011919056,34.0089612301132,129.1639846710851,95.99348491134552,79.00644258224301,36.26707004509635,128.42142699579736,23.87625026702881,0.0894740000367164,0.0613612486049532,131.9574966430664,1.000216767191887,1.341302514076233,1.087900936603546,0.0077243766281753,20.02999973297119,112.00916262581606,80.78249740600586,0.3972840011119842,125.96139740166277,3.5,154780.0,203000.0,300.456,117.526,64.9,680253.0,1361.0,1443.0,21205.1,1.31,4.33,2179.781,82.65,31458438.0,22403.435,19262675.0,36.57142857142857,1,1,2023,20872.99,23371.8,20407.15,22707.88,2108890.06922,1049279.10042,22702857708.43609,17779.404000000002,20063.16044345852,16957.458053987277
2023-01-23,74.85500144958496,38.962557399115866,48.880249977111816,0.7106299847364426,366.35250091552734,99.87249755859376,142.58961561415154,23468.77490234375,134.35999870300293,86.9575023651123,0.3849272578954696,7.202270269393921,4.235499978065491,0.0889702495187521,33848.423828125,1619.208526611328,1.0879987180233002,22.51506996154785,1.236956000328064,1928.3499755859373,97.73772106224348,27.383078428915116,288.82989273107944,93.38779830932616,8.355000138282776,148.13433601170578,25.274250030517575,239.8377117641616,12032.85498046875,19.777797326262423,3.143499970436096,1019.9750061035156,6.247499942779541,4046.097534179688,142.81851780762543,84.29931397630483,34.71171450443548,128.5274350200189,97.16857548760213,79.61187405108225,37.0118896835738,133.1443673003216,23.522250175476078,0.0935032479465007,0.0628472501412034,167.6874961853027,1.0001451969146729,1.335055023431778,1.0845863819122314,0.0076948549831286,18.97249984741211,117.3246677327202,80.26000022888184,0.414547249674797,132.18159212477588,3.5,154780.0,203000.0,300.456,117.526,64.9,680253.0,1361.0,1443.0,21205.1,1.24,4.33,2135.499,87.54,31458438.0,22403.435,19269987.5,50.71428571428572,1,1,2023,22706.02,23960.54,22300.0,23742.3,1946352.796,968996.15562,22295929039.032776,18525.610999999997,21323.58861902396,16865.92835130014
2023-01-30,83.2874984741211,42.05501917448829,53.008249282836914,0.6983024626970291,380.99498748779297,104.94750022888184,150.17887213696275,23184.03125,135.03858184814453,81.71750259399414,0.3916155025362968,7.035449981689453,4.104125022888184,0.0922797508537769,33942.0361328125,1628.6026611328125,1.0872453153133392,22.900075912475582,1.214464247226715,1886.600006103516,102.96025024221292,28.769227840832137,299.66628801416505,96.10016632080078,7.382500171661377,178.4514501768467,27.808499813079838,251.261967378931,12483.452880859377,20.757739784891054,2.4852500557899475,984.7249908447266,6.845000147819519,4120.987487792969,148.54737259470534,80.5543649900716,35.14973548581389,128.18988241941707,98.87210995614048,80.26993718550239,37.96869858912419,138.00493843029727,22.86549949645996,0.0911104995757341,0.063838250003755,185.43499755859372,1.00017948448658,1.3387075066566467,1.0851928293704989,0.0076688968110829,18.605000019073486,121.9325953318727,75.09249877929688,0.4019827470183372,138.08965161392425,3.5,154780.0,200000.0,300.456,117.526,64.9,680253.0,1361.0,1443.0,21205.1,1.26,4.33,2048.714,84.9,31458438.0,22403.435,19277300.0,54.285714285714285,1,1,2023,23743.37,24255.0,22500.0,22932.91,1949971.72168,971938.93282,22694080189.364677,19176.023999999998,21703.950828717214,16932.144061967698
2023-02-06,82.85750198364258,39.812968044252415,50.1274995803833,0.6921801418066025,374.0849914550781,98.85000038146973,149.87490329466902,22120.939453125,126.1935329437256,84.69499969482422,0.3716997429728508,7.028482437133789,4.043625116348267,0.0843995008617639,33895.7744140625,1555.01416015625,1.071899652481079,21.498852252960205,1.2071398198604584,1865.6500244140625,97.27244599426116,27.142007839677063,297.63302129860733,94.43400764465332,6.1875001192092896,178.01849055742744,25.453999996185303,259.6447694556251,12396.409912109377,21.56632818061833,2.508749961853028,953.8749847412108,5.869500160217285,4104.5625,146.20876492728178,82.29368113758753,35.1762153867192,127.61360191511464,98.580146076371,78.74800536778339,37.230822372664704,138.69052103984794,22.09500026702881,0.0868609976023435,0.0647857496514916,199.33250045776367,1.000203788280487,1.3397774994373322,1.0827185809612274,0.00761164794676,20.357500553131104,121.744567197038,78.00500106811523,0.3830267414450645,137.93970337468792,3.6,155086.0,215000.0,301.476,117.963,66.9,672152.0,1404.0,1620.0,21184.6,1.38,4.57,2072.261,80.48,31458438.0,22403.435,19280956.25,57.0,2,1,2023,22932.91,23452.0,21451.0,21783.54,1976378.51282,981453.16349,22028536552.652473,19643.808,21713.873281080047,17510.050067763535
2023-02-13,80.14000129699707,41.169155829817015,52.56500053405762,0.6900332123041153,361.8725051879883,97.80499839782716,151.54175580558632,23812.37255859375,133.1634407043457,83.68499946594238,0.3915729969739914,7.678197264671326,4.102124929428101,0.0862929988652467,33875.6455078125,1641.424346923828,1.0713838338851929,22.06317949295044,1.2065956890583038,1840.3000183105469,94.2095883354908,27.201882711471352,298.1284209243694,97.11453247070312,7.409999847412109,173.4251501442454,28.491000175476078,257.0304881786297,12409.872314453123,21.67898794315108,2.3482500314712524,921.9250030517578,6.402500033378601,4091.4750366210938,147.62318530529518,79.61639003370347,35.12567252664109,127.32668261260766,99.23163534070656,78.12823406784639,36.85666458695335,138.21628209199156,21.73075008392334,0.0892437510192394,0.0688822492957115,205.46999740600583,1.000766009092331,1.343992531299591,1.0821492373943329,0.0074806699994951,19.96000051498413,121.21760101751518,77.08999824523926,0.3850995078682899,137.42518146755654,3.6,155086.0,219000.0,301.476,117.963,66.9,672152.0,1404.0,1620.0,21184.6,1.41,4.57,2107.775,85.98,31458438.0,22403.435,19288262.5,51.71428571428572,2,1,2023,21782.37,25250.0,21351.07,24271.76,2497565.47508,1250658.3481,29415420384.676327,20362.479,22161.64736020165,18853.624060130714
2023-02-20,78.47249794006348,38.72330304111164,50.01499938964844,0.6774424463510513,328.37000274658203,94.08250045776369,146.1362513013673,23777.708984375,138.89635848999023,82.73750114440918,0.3752639889717102,7.632940411567688,4.025499939918518,0.0830422509461641,32994.25390625,1641.4388427734375,1.060405433177948,21.84175539016724,1.1992838084697723,1817.3500366210935,89.55682760940391,25.00338224087981,288.9579881145661,94.95635223388672,6.900000095367432,170.8473073454433,26.28024959564209,246.9178578970609,12024.300048828123,22.701650736279305,2.3614999651908875,913.3500061035156,6.067499995231628,3983.8775634765625,141.9630415409154,78.13418389414038,34.34589874072808,124.59000882909078,97.1444595625488,77.18539389038446,35.585715424257586,134.30669379843917,21.096999645233154,0.0906025003641843,0.0697122495621442,198.8125038146973,1.0001417696475985,1.3591175377368927,1.068819522857666,0.0073623738717287,21.96499967575073,117.91596329131823,75.98750114440918,0.3839137479662895,133.24588334650184,3.6,155086.0,217000.0,301.476,117.963,66.9,672152.0,1404.0,1620.0,21184.6,1.46,4.57,2059.662,82.79,31458438.0,22403.435,19295618.75,57.71428571428572,2,1,2023,24272.51,25250.0,22722.0,23554.85,2237983.72753,1113473.63323,26747071749.795383,21044.143,22373.89603388225,20823.263450600793
2023-02-27,80.32999801635742,39.48197496939331,50.72249889373779,0.6754970997571945,338.385009765625,93.78250122070312,147.77719101099683,22737.66015625,127.24041938781738,84.85000038146973,0.3429297506809234,7.047591090202332,4.0678750872612,0.0763562507927417,33172.1171875,1588.1813659667969,1.0632096230983734,20.10734224319458,1.2034440338611605,1839.7249755859373,92.14695466212046,25.379153229400124,292.6966366651743,91.52006912231444,6.622500061988831,180.6933899011674,25.010499954223636,248.9923560369737,12178.042236328123,23.50873592719038,2.899749994277954,968.3000030517578,6.242500066757202,4016.9324340820312,142.27188170211883,80.05413487952862,34.42531910792309,124.0065195018855,99.3836447723707,80.19814029135044,35.59289769092641,136.46664292217295,20.970250129699707,0.084281500428915,0.067738501355052,198.20499420166016,1.00014927983284,1.3606325089931488,1.0667790472507477,0.0073530453955754,19.289999961853027,119.965723360501,78.5625,0.3696319982409477,135.9774618676047,3.6,155086.0,209000.0,301.476,117.963,66.9,672152.0,1404.0,1620.0,21184.6,1.56,4.57,2162.435,81.24,31458438.0,22403.435,19302950.0,54.42857142857143,2,1,2023,23554.85,24000.0,21971.13,22430.24,1698503.29143,844309.81084,19500097493.715893,21603.956000000002,22379.375256371997,22529.438401060528
2023-03-06,83.45499801635742,36.76587873735482,48.02749919891357,0.6623949259519577,334.8050003051758,92.06500244140624,148.72764878717223,21635.111328125,118.36394119262695,83.26250076293945,0.3249927535653114,6.523919343948364,4.041749954223633,0.0702137500047683,32293.7275390625,1541.5659790039062,1.0635670721530914,18.417324542999268,1.1996917128562927,1851.0,91.47017669036909,26.20877539638978,287.9722287222017,77.44272804260254,5.659999966621399,181.19105054694805,20.60900020599365,247.29190001789783,11979.3251953125,23.258441649724563,2.528750002384186,957.2250061035156,5.6600000858306885,3911.99755859375,137.59958962618347,77.55055824263296,32.401292182386335,120.96120065133309,96.72702197332464,76.18991547779869,34.081246324500235,135.02668570538432,20.449999809265137,0.0813219994306564,0.0631105005741119,178.4800033569336,1.0109355002641678,1.3786599934101105,1.0808938145637512,0.0073799440870061,24.26499938964844,118.9427005273214,77.26749992370605,0.3745422437787056,134.36747904284826,3.5,155171.0,229000.0,301.643,118.304,62.0,665071.0,1342.0,1493.0,20876.3,1.49,4.65,2190.793,85.86,31458438.0,22403.435,19306612.5,49.85714285714285,3,1,2023,22430.24,22602.19,19549.09,21997.11,2718623.72856,1355463.8836,28476826765.340233,22141.992,22345.31835424801,23059.04499874455
2023-03-13,93.23749732971191,37.60017239894104,50.02250003814697,0.6721746474504471,350.05001068115234,96.75249862670898,152.0763624580727,26609.02783203125,132.57240867614746,75.19000053405762,0.3445570021867752,6.983461737632752,3.9367499947547913,0.0741327498108148,31865.0927734375,1746.7679748535156,1.070242404937744,20.73287677764893,1.214480459690094,1949.9500122070312,98.40453313054353,28.604923597714983,296.98732126523174,82.97836303710938,7.550000071525574,192.04489128041607,25.14175033569336,267.7219623743948,12352.37744140625,25.02025225436569,2.419250011444092,980.875,7.49750018119812,3901.649963378906,137.8079706241639,72.46001690518884,30.25452234600695,121.25294316986628,93.94250384586486,73.00247395030415,33.751115709933075,139.12792008348714,21.935750007629395,0.0865275003015995,0.0667537488043308,177.59750366210938,1.0046035051345823,1.3750174641609192,1.0856007039546969,0.007541439612396,26.02500009536743,122.16886524622608,69.02999877929688,0.3837694898247719,137.61033079120378,3.5,155171.0,222000.0,301.643,118.304,62.0,665071.0,1342.0,1493.0,20876.3,1.31,4.65,2126.677,79.67,31458438.0,22403.435,19313931.25,41.71428571428572,3,1,2023,21998.05,28390.1,21813.88,27972.87,3775888.94983,1901884.34275,48013500988.60254,23226.496,23257.779313153416,23003.452026810413
2023-03-20,97.80749893188477,37.93140575856948,50.74499988555908,0.6672374308109283,370.6499938964844,98.5149974822998,157.6080463309202,27887.998046875,127.71381568908691,74.3849983215332,0.3578142523765564,7.279726982116699,4.073125064373016,0.0746575016528368,32260.5322265625,1780.473388671875,1.0781770646572113,20.358853816986084,1.224168837070465,1976.5249938964844,103.83855742052516,28.45119791904164,305.36171758251953,90.133939743042,8.077499985694885,202.43092718905064,26.026999950408936,273.57881434712,12721.385009765623,26.552004105867088,2.246500074863434,983.4250030517578,8.752500057220459,3972.657470703125,139.59746302120203,72.35117283146764,29.94406065140944,122.41754394908108,93.6577640677269,73.41406827396636,32.897395786659104,142.84583044565923,22.986499786376957,0.0922769997268915,0.0635087508708238,189.4575042724609,1.0013069808483124,1.375932514667511,1.0859674513339996,0.0076319479849189,23.082499980926517,126.15952000988015,68.57750129699707,0.4407585114240646,141.293140843177,3.5,155171.0,230000.0,301.643,118.304,62.0,665071.0,1342.0,1493.0,20876.3,1.33,4.65,2098.393,72.42,31458438.0,22403.435,19321237.5,57.42857142857143,3,1,2023,27972.87,28868.05,26601.8,27968.05,1437828.84706,717790.29856,20023774476.44785,23936.151,23798.811793864,22951.15475277243
2023-03-27,97.10500144958496,39.19437664093861,52.44750022888184,0.6701730191707611,381.07250213623047,101.59000015258788,161.0706332311198,28041.30224609375,122.7337818145752,78.52749824523926,0.3775454983115196,7.236549973487854,4.0934998989105225,0.0788032505661249,33029.00439453125,1781.6525573730469,1.0854445099830627,20.392439365386963,1.2333631217479706,1969.3000183105469,102.49996191128186,30.95714905829064,312.9333569520903,91.62387657165527,8.262500047683716,207.50950813482,27.76900053024292,280.0262733307347,13017.349853515623,27.291773507144377,2.1542500257492065,986.6749877929688,9.43499994277954,4070.2250366210938,144.93620825106328,76.45503480594053,30.88115649157414,124.70561990592586,97.0778335415544,76.6294443718751,34.33543767145679,146.7838472417813,23.842750549316406,0.1042827498167753,0.0649402486160397,202.0349998474121,1.0001637488603592,1.3574674725532532,1.0919929444789886,0.0075541746336966,19.71250057220459,128.20308746356753,74.04749870300293,0.515550509095192,143.69846967630417,3.5,155171.0,234000.0,301.643,118.304,62.0,665071.0,1342.0,1493.0,20876.3,1.29,4.65,2220.131,76.8,31458438.0,22403.435,19328575.0,62.85714285714285,3,1,2023,27968.05,29184.68,26508.14,28171.87,500795.73087,249671.68717,6970335432.827182,24482.55,24193.77982637579,23201.231578087765
2023-04-03,93.20750045776369,38.26586809855883,51.35249996185303,0.6695503443479538,380.7975006103516,102.02999877929688,162.84773230470392,28170.51513671875,125.33790969848631,84.94250106811523,0.3889314979314804,7.273512363433838,4.026624977588654,0.086463002488017,33462.76953125,1855.448028564453,1.0945440232753754,20.65663766860962,1.2410305738449097,2001.9000244140625,106.47594232286713,32.16010362869337,313.6121457421005,91.53162956237792,8.12749993801117,213.3295496826011,29.1392502784729,284.79789139623085,13043.827392578123,27.099648838198657,2.0527499616146088,1005.5000152587892,9.257499933242798,4103.252502441406,143.04289450563155,79.88100349039604,30.953712811430563,128.3751990205448,95.61687184135565,76.83132925819646,34.62591978614352,146.8183260157144,24.72249984741211,0.1057132519781589,0.0661422498524189,188.13750076293945,1.000277742743492,1.3518999814987185,1.101418912410736,0.0075663013849407,18.80749988555908,125.79459450081488,80.55249786376953,0.5060639902949333,140.25447981585475,3.4,155387.0,217000.0,302.858,118.715,63.7,670494.0,1368.0,1470.0,20729.9,1.14,4.83,2221.01,85.81,32332274.0,22539.418,19335887.5,60.85714285714285,4,2,2023,28171.87,28775.0,27200.24,28323.76,306532.39014,154082.38621,4326447000.709288,24940.696,24507.894645464417,23405.979544192214
2023-04-10,92.51749992370604,38.42206569294371,51.78900051116944,0.6707551181316376,376.92000579833984,101.48250007629396,162.49132780269983,29956.3974609375,132.31003189086914,85.96499824523926,0.4373904913663864,7.891208052635193,4.0956249833107,0.088444497436285,33799.8271484375,2056.405242919922,1.1036824882030487,21.98387098312378,1.2435943484306335,2009.25,107.24227824067415,31.36464014261892,313.4936087671832,98.10668754577635,10.97000002861023,217.9104760412941,32.50325012207031,281.4782000250096,13036.1572265625,26.86405128796596,2.1052500307559967,1034.5999755859375,12.447499752044678,4127.755065917969,143.64286228707778,81.32019376484621,31.61400181802957,130.08414619968852,96.29041316078428,77.62684415595636,34.396099421961466,146.20757201187598,25.41100025177002,0.1066097505390644,0.0658484995365142,184.4225006103516,1.000585749745369,1.3471500277519226,1.1164662837982178,0.0074960106285288,17.8149995803833,125.04618934002306,81.98499870300293,0.5219710022211075,139.39941325516446,3.4,155387.0,219000.0,302.858,118.715,63.7,670494.0,1368.0,1470.0,20729.9,1.14,4.83,2239.655,86.56,32332274.0,22539.418,19339556.25,62.142857142857146,4,2,2023,28323.76,31000.0,28170.0,30304.65,377573.74044,192813.26024,5785142074.341895,25677.870000000003,25329.459011016417,23428.879648537662
2023-04-17,89.27000045776367,37.664632243160135,50.37750053405762,0.6733688712120056,378.20750427246094,105.86499977111816,163.9045685866497,28205.66064453125,123.27334213256836,82.57000160217285,0.4025432467460632,7.452943801879883,4.01199996471405,0.0824179984629154,33828.5703125,1918.361114501953,1.1051763892173767,20.207309246063232,1.2425080835819244,1984.100006103516,104.60738493490994,30.12752309559837,313.1653814530871,90.43483352661131,9.890000104904177,213.0807515135701,30.094500064849854,282.09833597859324,13024.339599609377,27.177599532339485,2.2477500438690186,1109.9500427246094,11.492250204086304,4137.594970703125,144.7517876922048,79.9629101500611,32.09288885161253,129.77430660282494,97.60600786227909,77.78786961340117,34.68775037988659,146.05241543082477,25.06974983215332,0.0972082503139972,0.0662164967507124,170.10250091552734,1.000134751200676,1.3591749668121338,1.1184507310390472,0.007449988508597,16.875000476837158,123.58773903429,78.79250144958496,0.4771832525730133,137.73120966212934,3.4,155387.0,223000.0,302.858,118.715,63.7,670494.0,1368.0,1470.0,20729.9,1.28,4.83,2256.845,85.63,32332274.0,22539.418,19346881.25,66.71428571428571,4,2,2023,30304.66,30485.0,27125.0,27590.6,430421.84646,212327.63234,6111056800.31741,26258.576,25514.29551694343,24580.179960970727
2023-04-24,88.06250190734863,35.8782813930512,47.992499351501465,0.6629162132740021,372.8300018310547,106.05249786376952,166.3251701050892,28901.0751953125,118.31428146362305,79.88000106811523,0.3975920006632805,7.102136254310608,3.877249956130981,0.079765249043703,33884.1826171875,1877.2200317382808,1.108772486448288,19.49331378936768,1.2530455887317655,1989.975006103516,105.9136334911652,30.061645622643297,315.3670885689234,89.07577705383301,9.837499856948853,231.2750023485891,31.647250175476078,295.0129763673001,13115.902587890623,27.35248684938902,2.3625000715255737,1090.4249572753906,11.520000219345093,4139.592529296875,144.47641018957756,79.47849620248205,31.872792615029184,129.0021509247224,96.45759325057269,77.06686586354596,34.93274198201275,146.88730289533234,24.96725034713745,0.0943362507969141,0.0667672492563724,161.65999603271484,1.000325247645378,1.362237513065338,1.1200712621212006,0.0073782848194241,16.78500008583069,121.35243397896886,76.66749954223633,0.4677639976143837,134.48348708836352,3.4,155387.0,210000.0,302.858,118.715,63.7,670494.0,1368.0,1470.0,20729.9,1.24,4.83,2308.538,84.23,32332274.0,22539.418,19354193.75,55.0,4,2,2023,27590.59,30036.0,26942.82,29233.21,444613.47701,222195.37101,6383410202.342695,26754.720999999998,25774.219462513913,26529.96754444197
2023-05-01,88.08499717712402,36.44604725837632,48.030500411987305,0.6691724509000778,352.0899963378906,104.60750198364258,169.72585427362705,28602.71923828125,117.28316688537598,74.74750137329102,0.3820347562432289,6.979081392288208,3.886875033378601,0.0777877513319253,33636.021484375,1893.2263793945312,1.1144902408123016,19.01418972015381,1.2591900825500488,2020.9250183105469,105.20701360852716,30.122643935147494,317.0950109573198,84.81448173522949,10.06749987602234,233.97975017227537,32.201250076293945,304.3273321358673,13186.955078125,28.396058735331565,2.1787500381469727,1064.4000244140625,11.34249997138977,4126.924987792969,144.1641222489643,75.68278682328906,31.2850700194132,129.23934981076548,96.33645701455684,76.55014523202561,34.78808323078712,148.04972173284042,25.571500301361084,0.0926794987171888,0.0692450013011694,167.43499755859375,1.0012192577123642,1.350122481584549,1.1187215447425842,0.0073931115912273,17.81000018119812,122.43483122863712,70.75249862670898,0.455888994038105,135.5619506339897,3.6,155614.0,214000.0,303.316,119.063,59.0,673902.0,1583.0,1532.0,20801.5,1.36,5.06,2239.866,81.32,32332274.0,22539.418,19361518.75,59.85714285714285,5,2,2023,29233.2,29820.0,27666.95,28430.1,360117.97447,175604.66457,5049605220.43348,27242.246000000003,25953.44434707133,28131.50960751925
2023-05-08,94.90750122070312,37.6262046041988,48.98524951934815,0.6685222685337067,338.697509765625,109.625,170.95844868932636,27100.74462890625,115.71154022216795,74.99249839782715,0.3681012541055679,6.564688205718994,3.763000011444092,0.0726614985615015,33370.9853515625,1807.551513671875,1.094771683216095,18.313786029815677,1.2512523233890531,2021.8250122070312,114.00743860364426,28.778413679485688,320.5233990359156,82.14382553100586,9.270000219345093,232.9271911853209,28.353999614715576,304.4159015783832,13325.21484375,28.46800831133424,2.2517500519752502,1083.124969482422,11.079999685287476,4125.3399658203125,145.63451894022498,74.0868000382509,30.98515549337,128.13315818635897,95.66048637961018,75.43977800423696,34.62475432655908,148.71463542026805,24.4347505569458,0.089301748201251,0.0690162517130374,169.9749984741211,1.0006729662418363,1.3568950295448303,1.117177665233612,0.0073946713237091,17.18250036239624,121.91156986453264,70.97500038146973,0.4291047379374504,135.11513201950714,3.6,155614.0,223000.0,303.316,119.063,59.0,673902.0,1583.0,1532.0,20801.5,1.29,5.06,2217.601,75.85,32332274.0,22539.418,19365175.0,61.142857142857146,5,2,2023,28430.09,28631.01,25811.46,26917.62,338765.74243,164889.34252,4500215085.537124,27690.983999999997,26008.850937457137,28396.631859491434
2023-05-15,103.29749870300292,38.21132217536763,49.88750076293945,0.6655615270137787,361.8974990844727,115.08749961853027,172.78111894433897,26892.275390625,115.76452827453612,75.53750038146973,0.3647177517414093,6.509771823883057,3.71150004863739,0.0726934988051652,33378.0869140625,1807.238311767578,1.0828576982021332,18.12324476242065,1.245891660451889,1982.9749755859373,121.2950912478286,29.101820783783992,329.567349347851,90.49896812438963,9.417500019073486,242.68123209935044,28.57574987411499,310.8830085272039,13694.8125,30.60712102564392,2.526250004768372,1076.1500244140625,11.134249925613403,4176.682495117188,148.1990702903172,74.0423343961915,31.432602758459566,126.954335636695,96.44547913928692,75.35325976600411,33.972619285004576,153.52186613817813,23.83874988555908,0.0882495008409023,0.0739795006811618,176.64500045776367,1.000174731016159,1.3489725291728971,1.1119800209999084,0.0072695495327934,16.94249963760376,129.581130370276,71.47750282287598,0.4522767439484596,143.09886923572083,3.6,155614.0,225000.0,303.316,119.063,59.0,673902.0,1583.0,1532.0,20801.5,1.31,5.06,2220.927,75.46,32332274.0,22539.418,19372475.0,50.0,5,2,2023,26917.61,27663.59,26361.2,26747.78,230394.72253,110813.79288,2998025071.4386096,28166.051,26056.231478536683,28748.023929805026
2023-05-22,121.24499893188477,39.0840439602202,51.15875053405762,0.6539112031459808,402.2150039672852,118.875,172.78606447046343,27563.833984375,115.14958381652832,76.77750015258789,0.3760567530989647,6.534419298171997,3.6513749957084656,0.0725917518138885,33071.38525390625,1875.2291870117188,1.0749727189540863,18.305317401885983,1.2369702458381653,1952.949981689453,123.28806751458168,28.251650037484445,339.5442702987076,89.92010879516602,9.25,256.6255108563713,28.60625028610229,323.51897490682484,14111.8076171875,36.7706195492735,2.268499970436096,1043.0499877929688,11.252750158309937,4181.9376220703125,148.757260865861,74.18507789010917,31.118183217120336,124.4974497509396,95.41092627077224,73.76701705004965,33.39282730687077,159.6097701608877,23.24524974822998,0.0880327504128217,0.077139001339674,190.79000091552732,1.000200480222702,1.3474150002002716,1.106928139925003,0.0071501227794215,18.382500171661377,141.26858989260552,72.65500068664551,0.4743037447333336,155.88931439190662,3.6,155614.0,227000.0,303.316,119.063,59.0,673902.0,1583.0,1532.0,20801.5,1.48,5.06,2275.311,75.77,32332274.0,22539.418,19379793.75,50.285714285714285,5,2,2023,26747.78,28261.32,25871.89,28065.0,251061.07389,123084.11518,3302073852.5986557,28175.264000000003,26066.018055513163,28904.079993918058
2023-05-29,120.77749824523926,40.81585020443816,53.68499946594238,0.658710241317749,430.4925003051758,123.51499938964844,178.5113228522864,27311.2041015625,115.11960983276369,75.38749885559082,0.3757562488317489,6.475260376930237,3.7077500224113455,0.0724257491528987,33508.75830078125,1888.4190673828125,1.0721409916877749,18.189682483673096,1.2444416880607605,1954.7000122070312,123.78071433088944,30.358703177061034,348.4376314280011,93.52668952941896,9.865000009536743,268.489611556043,30.17249965667725,328.75478805674686,14476.312255859377,39.57779965986874,2.231999933719635,1015.0749816894532,11.89674997329712,4255.3900146484375,152.71842336110365,74.02595354419468,31.444693635213497,125.2018189654735,96.82828981190175,74.6490483476904,34.10795373875515,163.78902279711664,23.52274990081787,0.0911492500454187,0.0807134993374347,210.07749938964844,1.0001530200242996,1.3409624993801117,1.100899517536163,0.0071515574818477,15.505000114440918,145.42252052766298,71.01499938964844,0.5236092582345009,159.77686341124004,3.6,155614.0,230000.0,303.316,119.063,59.0,673902.0,1583.0,1532.0,20801.5,1.57,5.06,2189.681,76.33,32332274.0,22539.418,19387093.75,50.0,5,2,2023,28065.01,28447.14,26505.0,27115.21,233113.44204,111371.92604,3043127657.698844,28089.98,26078.57136681772,28771.182259752743
2023-06-05,123.37749862670898,42.12121602759454,54.78650093078613,0.6703855842351913,448.0824966430664,123.72249984741212,179.48783647490592,26161.84619140625,104.4876651763916,75.46750068664551,0.2886755019426346,5.452430248260498,3.773750007152557,0.0635854993015527,33782.1435546875,1781.1240844726562,1.0746999084949491,15.452000856399536,1.252623826265335,1958.0,123.09647991022568,30.471402805526967,349.22751789903515,81.29395866394043,9.452500104904177,265.08814163359347,28.39450025558472,324.22187950560163,14503.362548828123,38.62666841563788,2.265250027179718,1027.375030517578,10.492499828338625,4295.352416992188,157.93116218467748,75.68511493455262,31.942936654378173,126.11197583011054,98.75928728017246,76.03341370680968,34.620093295061345,163.28171235006192,24.12424945831299,0.0845567490905523,0.0718514993786811,238.43749618530276,1.0002842396497726,1.339345008134842,1.1062707602977753,0.0071679423563182,14.112499952316284,144.9301795076218,71.10749816894531,0.5165599882602692,159.3727617109236,3.6,155871.0,253000.0,304.099,119.37,64.2,677117.0,1415.0,1493.0,20782.6,1.5,5.08,2131.417,76.61,32332274.0,22539.418,19390768.75,51.71428571428572,6,2,2023,27115.2,27391.77,25351.02,25925.55,347786.76863,166958.56811,4379372085.934589,27865.347999999998,26073.974533478497,28266.218427829015
2023-06-12,123.22250175476074,43.67327241778983,56.766249656677246,0.6856100261211395,492.129997253418,125.72999954223631,182.86101681910588,26059.7470703125,105.94405937194824,75.38249969482422,0.265688493847847,5.213925004005432,3.8535000681877136,0.0617580004036426,34242.6181640625,1708.014129638672,1.0907588005065918,15.115497827529907,1.2746418416500092,1952.5750122070312,123.06662018740688,34.52135119302675,361.33958552544766,76.39616966247559,9.78249979019165,277.487226160568,28.76950025558472,335.7268918356441,15005.962646484377,41.90786989312937,2.530750036239624,995.5750122070312,10.226749658584597,4393.0050048828125,162.85866684672888,75.76000749840532,32.38070860847864,127.65387604864782,101.66666496826662,77.85516468314056,35.04823761516373,169.80303763968956,24.048250198364254,0.080112500116229,0.0705244988203048,257.3175048828125,0.999122515320778,1.3254199922084808,1.115226298570633,0.007085679215379,13.90499997138977,151.1895442457939,70.5625,0.4989519938826561,166.50455399929007,3.6,155871.0,258000.0,304.099,119.37,64.2,677117.0,1415.0,1493.0,20782.6,1.56,5.08,2126.87,71.8,32332274.0,22539.418,19398093.75,48.57142857142857,6,2,2023,25925.54,26839.99,24800.0,26339.97,265685.74051,127368.63821,3291192704.581333,27666.969,26080.666921383883,28019.368471995982
2023-06-19,112.3075008392334,42.27121507588454,56.1274995803833,0.6725649982690811,484.3274993896485,128.33749961853027,184.2762384376399,29665.7236328125,178.19610404968262,74.2599983215332,0.2855452448129654,5.915917634963989,3.839250028133392,0.0660254992544651,33827.001953125,1859.839324951172,1.0930920839309692,17.854978561401367,1.2740490138530731,1927.2249755859373,121.43940598270784,33.11012014925037,358.7996841996902,86.43114852905273,12.082500219345093,284.49664671570326,32.14774942398071,331.5096005173948,14926.332763671877,42.582508139125736,2.661500036716461,942.8749847412108,11.357250213623049,4359.5374755859375,162.9250601370846,72.81376251470009,31.75669793458657,127.56916587037136,100.4503989435718,76.73038477771735,33.77780308402468,167.00782671901695,22.544249534606934,0.0884727500379085,0.0721647515892982,259.6100006103516,1.0003680288791656,1.320752501487732,1.1158674657344818,0.0069870761362835,13.56999969482422,147.4438290976192,69.59750175476074,0.4943734928965568,161.33524256636784,3.6,155871.0,260000.0,304.099,119.37,64.2,677117.0,1415.0,1493.0,20782.6,1.55,5.08,2011.556,76.09,32332274.0,22539.418,19405406.25,46.0,6,2,2023,26339.98,31431.94,26256.61,30462.66,408189.22942,201810.53363,5920715286.60075,27682.769999999997,26102.71261283052,27383.65544263183
2023-06-26,112.39750289916992,43.3212086798469,57.93474960327149,0.666171982884407,487.4599914550781,129.82750129699707,190.2592332169525,30524.66943359375,278.26789474487305,74.12750053405762,0.2868325114250183,6.348260045051575,3.741999924182892,0.0671122511848807,34223.21875,1913.7850646972656,1.091225415468216,20.292695999145508,1.269193023443222,1916.0249938964844,118.80697970538884,32.73281080376141,362.57920607346745,105.54730415344238,13.43999981880188,283.99902254296404,33.466750621795654,333.5096590378285,15064.79736328125,41.84415707892183,2.7570000290870667,907.4250030517578,11.69249987602234,4421.829956054688,165.8693040151344,75.8371072802261,32.518716441648536,128.44915354776273,103.47192198525158,79.34316773409093,35.12262476116482,170.12166339311062,22.71474933624268,0.1054190006107091,0.0755237489938736,257.1724967956543,1.000051498413086,1.312867522239685,1.1167090237140656,0.0069375712191686,13.712500095367432,149.50470486082355,69.84250068664551,0.480006493628025,165.31606049364254,3.6,155871.0,236000.0,304.099,119.37,64.2,677117.0,1415.0,1493.0,20782.6,1.54,5.08,1961.027,73.86,32332274.0,22539.418,19412725.0,59.85714285714285,6,2,2023,30462.67,31282.0,29500.0,30617.03,294881.44198,143492.21956,4369370545.200928,27985.413,26307.452228226604,27154.44769776963
2023-07-03,113.57749938964844,43.54658040959946,58.94250011444092,0.6672294586896896,483.98999786376953,129.69500160217285,189.4636685987547,30394.95166015625,270.5808181762696,77.51250076293945,0.2868057414889335,6.257023453712463,3.759124934673309,0.0667117498815059,33913.02734375,1883.2049865722656,1.0940395891666412,19.13511085510254,1.2795566618442535,1922.4249572753904,119.42154400597543,31.598434646526997,363.0957711724784,99.97949981689452,15.507499933242798,289.6424057706436,37.48675060272217,333.47521696466646,15079.504638671877,42.36837080819423,2.6232500076293945,909.0249786376952,14.592749834060667,4409.8525390625,167.5175761744326,76.02596119828341,32.65962262183067,126.21304914272612,103.45245418298327,78.57273751779827,35.63356314183068,169.42819424524686,23.0462498664856,0.1006287485361099,0.0778269991278648,276.4974975585937,1.0002137273550034,1.329315006732941,1.121903270483017,0.0070035652024671,15.052500009536743,148.2775849904191,72.83250045776367,0.4725879952311516,163.64478815138136,3.5,156019.0,248000.0,304.615,119.536,71.5,678424.0,1473.0,1501.0,20772.2,1.61,5.12,1909.639,74.52,33167334.0,22780.933,19416375.0,59.285714285714285,7,3,2023,30617.02,31500.0,29701.02,30160.71,244056.69119,112449.1872,3440595994.1719875,28078.163,26358.302420357955,27199.769977662625
2023-07-10,115.87500190734865,47.37986060593222,64.10500144958496,0.6800893694162369,509.6399993896485,132.98249435424805,188.28390456764595,30569.7919921875,259.4059944152832,79.70750045776367,0.3210230022668838,6.6474769115448,3.8801249265670776,0.069454001262784,34329.0009765625,1930.5864868164065,1.1172573864459991,19.039952754974365,1.3019750118255615,1948.3999938964844,122.65608809889392,32.431448389599915,371.8456220341134,95.64655876159668,17.8149995803833,303.8255549554543,44.07150077819824,337.60612507255945,15443.974609375,45.14410380804731,2.580000042915344,959.0749969482422,18.50250029563904,4482.1298828125,170.97919845234077,77.41409448841841,33.2378442472539,127.48666974692426,105.40576498452964,79.93247961152537,36.28748970236008,172.749967698136,24.45050001144409,0.1354787480086088,0.0795752499252557,278.29000091552734,1.0005664974451065,1.3210799992084503,1.1515681147575378,0.0071737980470061,14.00249981880188,154.34396141026235,75.20999908447266,0.7114592641592026,169.52391485859346,3.5,156019.0,229000.0,304.615,119.536,71.5,678424.0,1473.0,1501.0,20772.2,1.76,5.12,1811.981,77.83,33167334.0,22780.933,19423706.25,57.85714285714285,7,3,2023,30160.71,31804.2,29900.0,30231.99,269249.39031,129847.29041,3985149496.3481226,28258.352000000003,26469.28768201205,27062.30805559284
2023-07-17,113.2024974822998,48.24266343657895,64.96000003814697,0.6757623702287674,522.9599914550781,131.10250091552734,191.6694782043385,30015.4765625,246.5405807495117,80.39499855041504,0.3170802444219589,7.675327777862549,3.818499982357025,0.071942999958992,35061.7177734375,1892.4134216308596,1.1163650453090668,18.73631858825684,1.2914115488529203,1963.4000244140625,120.76263430164624,33.308572535931674,374.3222486513872,93.20818519592284,17.172499656677246,298.194616205733,44.171250343322754,343.83093033134685,15548.489990234377,45.12886029000392,2.674750030040741,966.5249938964844,18.60999965667725,4539.00244140625,170.00109769043257,78.81639930938125,34.05900816051255,131.18835361560895,106.45174626935189,80.80435073086575,36.23801556672827,175.06979740159667,24.8435001373291,0.1541937477886676,0.0847464986145496,268.78249740600586,1.0001162588596344,1.3203700184822085,1.1578649282455444,0.0071016657166182,13.637500047683716,153.55473084737528,76.3174991607666,0.7606474906206131,169.30017945874317,3.5,156019.0,228000.0,304.615,119.536,71.5,678424.0,1473.0,1501.0,20772.2,1.56,5.12,1728.322,77.8,33167334.0,22780.933,19431037.5,57.85714285714285,7,3,2023,30232.0,30417.46,29512.0,30083.75,180919.27148,85626.98388,2566235058.461792,28574.965000000004,26745.608120795965,27014.460616780147
2023-07-24,112.38750076293944,48.3430744635811,64.69500064849854,0.671710804104805,524.625,130.88500213623047,193.5952632716852,29394.57666015625,248.35980987548828,83.87499809265137,0.3126867488026619,7.625712871551514,3.8827500343322754,0.0775047503411769,35445.126953125,1862.4754943847656,1.1041085422039032,18.682597160339355,1.2863538265228271,1959.25,129.35156298768584,35.29312555231107,377.1844916742888,93.0234203338623,16.625000476837158,314.880968645841,43.365248680114746,334.8365442535064,15668.00732421875,46.20852315149597,2.626500010490417,941.2999877929688,18.179999351501465,4575.0224609375,169.70296136876502,81.03550721856794,34.284945551753765,131.65018629515845,106.89689143498369,82.08197583327461,36.001280785002606,175.14138680001676,24.44500064849853,0.1551192477345466,0.0812122505158186,264.9749984741211,0.9999217540025712,1.32226499915123,1.1532975733280182,0.007116402615793,13.605000019073486,157.08769455144102,79.57750129699707,0.7077319920063019,173.3426856116712,3.5,156019.0,231000.0,304.615,119.536,71.5,678424.0,1473.0,1501.0,20772.2,1.48,5.12,1770.867,82.53,33167334.0,22780.933,19434693.75,53.285714285714285,7,3,2023,30083.75,30099.58,28861.9,29281.09,168154.81375,79263.73273,2323001025.8781266,28828.295999999995,26871.667521739007,27947.596051131277
2023-07-31,114.6299991607666,46.2490406250495,63.017499923706055,0.6594077944755554,532.2050018310547,137.29500579833984,184.05811193462785,29182.18310546875,231.34785842895508,85.375,0.2980875074863434,7.234537363052368,3.8740000128746033,0.075245751067996,35211.033203125,1837.4623413085935,1.1003043949604034,18.09278392791748,1.2749319672584534,1942.699981689453,128.67729960824386,34.69285582921306,370.8766784276674,85.31808090209961,16.315000295639038,312.78832283220754,39.28074932098389,325.5560877755638,15403.02001953125,44.94471311875495,2.575999975204468,924.2250213623048,17.6225004196167,4506.2073974609375,168.78149722346453,81.98451816028582,34.00799100920744,129.2731270861023,105.97740487774524,81.27048207603522,35.19894429502476,170.8373571348708,23.865750312805176,0.1423657499253749,0.0774752497673034,256.8224983215332,0.9988659918308258,1.3325849771499634,1.1455765068531036,0.0070417374372482,16.297500133514404,153.84420026826552,81.89249992370605,0.6440437436103821,170.25178792593448,3.5,156019.0,238000.0,304.615,119.536,71.5,678424.0,1473.0,1501.0,20772.2,1.6,5.12,1821.124,85.22,33167334.0,22780.933,19442000.0,51.142857142857146,7,3,2023,29281.09,30047.5,28585.7,29088.42,190359.38216,91218.25314,2666280620.182593,28930.638,26913.272876287585,29435.00426860936
2023-08-07,110.17500114440918,43.00385284943306,58.87249946594238,0.6530771106481552,513.9625091552734,139.0900001525879,177.27456759854465,29366.69140625,231.06583786010745,86.2599983215332,0.2913899943232536,7.399636626243591,3.732999980449677,0.07477149926126,35287.1962890625,1839.281036376953,1.097980409860611,17.62809658050537,1.2716887593269348,1919.5500183105469,129.21723553081267,34.22508099962069,363.948512039159,82.39465522766113,15.082499980926514,303.9500352457597,38.07050037384033,318.7221093657662,15110.1650390625,41.94935116991077,2.7822499871253967,905.8750152587892,15.612499952316284,4474.8624267578125,167.8452680851982,83.75274180661332,34.00312687759352,131.3949448458848,106.03093417473316,80.19330573741108,35.2309884474344,165.98795299950976,22.86824989318848,0.1396264992654323,0.0769770015031099,244.2424964904785,0.999229982495308,1.343265026807785,1.1425940096378326,0.0069417312042787,15.605000019073486,147.10734583382347,82.79250144958496,0.6298814862966537,162.70877600175828,3.7,156176.0,258000.0,306.138,119.658,69.4,684755.0,1305.0,1578.0,20746.9,1.68,5.33,1810.583,86.47,33167334.0,22780.933,19449337.5,51.42857142857143,8,3,2023,29088.43,30244.0,28701.03,29303.84,178844.98681,88713.03921,2616189761.0961256,29149.501,27044.369575033834,30392.167909516276
2023-08-14,106.43999862670898,40.417921809702605,55.11250019073486,0.6424921005964279,511.4124984741211,134.71749877929688,173.8830866463997,26862.13330078125,196.96142196655276,84.8375015258789,0.2698217518627643,6.482142806053162,3.693874955177307,0.065603501163423,34649.990234375,1693.8134155273438,1.0896544456481934,15.66719126701355,1.2718954980373385,1892.199981689453,127.71191279418858,32.79893659478683,356.2812937790882,68.80854320526123,12.232499837875366,285.6810791411323,34.30550003051758,313.1138965202958,14788.4423828125,43.02076126993744,2.622250020503998,903.2250061035156,12.040250062942505,4391.2650146484375,161.77451013064402,83.65358559783081,33.186815567225054,130.43976513147845,103.82462515774468,78.43506535227354,34.276947185252936,163.50279342658942,22.6875,0.1263477467000484,0.0753512494266033,221.0000038146973,0.999761238694191,1.353575021028519,1.136126488447189,0.006871850346215,17.062499523162842,145.15285246806462,81.1624984741211,0.5456627681851387,159.08079398080787,3.7,156176.0,248000.0,306.138,119.658,69.4,684755.0,1305.0,1578.0,20746.9,1.83,5.33,1799.311,87.4,33167334.0,22780.933,19456650.0,52.285714285714285,8,3,2023,29303.85,29695.32,25166.0,26189.99,307223.55373,146429.27624,4025354116.255313,29175.944999999996,27038.771523727886,30253.22584769746
2023-08-21,103.93000030517578,40.755110678282406,55.21875095367432,0.6424827575683594,525.0199966430664,133.46999740600586,176.83146775306176,26121.75341796875,194.1833953857422,84.20000267028809,0.2627697512507438,6.100018858909607,3.757124960422516,0.062980500049889,34354.423828125,1652.0010375976562,1.082249253988266,15.830708026885986,1.2628443539142609,1908.9500122070312,129.52325659987727,32.621898680538706,360.7105598651213,65.27963542938232,10.81000018119812,285.2779680717338,33.690999031066895,320.296534280652,14969.565185546877,46.60555771696399,2.541249990463257,935.2249908447266,10.52750015258789,4406.50244140625,162.12192005648473,82.76358588263075,33.00704228927704,129.70087519249506,103.54975685839,78.02931350069201,34.274591540782374,166.87393629264727,23.896999835968018,0.1224192511290311,0.0767977498471736,234.64500045776367,0.9997465163469316,1.3586799800395966,1.1325974464416504,0.0068490100093185,16.230000257492065,148.70063032446143,79.93000030517578,0.5234532505273819,160.98405246129596,3.7,156176.0,240000.0,306.138,119.658,69.4,684755.0,1305.0,1578.0,20746.9,2.0,5.33,1824.788,85.44,33167334.0,22780.933,19463968.75,43.71428571428572,8,3,2023,26190.0,26819.27,25300.0,26101.77,188618.43325,90543.65355,2363656884.5774,29152.125,27032.80006423242,30025.875836829717
2023-08-28,107.46249771118164,42.75344279643289,57.64450073242188,0.6474880874156952,555.0950012207031,137.01250076293945,185.48798764393752,26347.77001953125,202.02890396118164,87.46000099182129,0.2606709972023964,6.034533858299255,3.809249997138977,0.0641555022448301,34796.818359375,1654.4767150878906,1.083065241575241,15.795660972595217,1.2620913982391355,1936.2750244140625,134.22327670525283,35.20617293448425,370.81983130115066,65.0708065032959,12.110000133514404,293.6908293048266,35.73749923706055,324.0160625106068,15387.37255859375,47.93208320996118,2.727500081062317,969.7499847412108,11.24500012397766,4496.9425048828125,166.5000333272095,84.95436725018615,33.58768627545794,130.272043416958,105.51280764629324,80.34305663447397,34.85879492466847,172.3008020097514,24.432250022888184,0.1193607505410909,0.0768470000475645,246.6374969482422,1.000014990568161,1.3565499782562256,1.1325623095035553,0.0068470252444967,13.87000036239624,153.1316904385666,84.125,0.511318750679493,166.64356738357304,3.7,156176.0,234000.0,306.138,119.658,69.4,684755.0,1305.0,1578.0,20746.9,1.9,5.33,1708.605,85.42,33167334.0,22780.933,19467625.0,38.42857142857143,8,3,2023,26101.78,28142.85,25333.75,25971.21,258183.08813,126350.71673,3366349769.021606,28702.98,26690.5270717366,29753.201561545804
2023-09-04,107.27249717712402,43.39310889742865,58.69624996185303,0.6398199647665024,560.5099945068359,137.11750030517578,178.66053710108213,25870.70458984375,191.76087188720703,90.13750076293944,0.2507577501237392,6.102286696434021,3.712000072002411,0.0619974983856081,34579.0,1623.75048828125,1.073093593120575,15.171658515930176,1.2506037652492523,1921.875030517578,134.94730874955593,37.099506573327616,369.17861233228217,61.89821529388428,11.210000038146973,297.361042438312,35.234999656677246,329.53487746046574,15314.01025390625,46.26149567293351,2.6044999957084656,901.3750152587892,11.024999856948853,4464.9326171875,165.99989788129926,86.73439244710379,33.39575160659871,128.50020061485006,103.45731464032012,79.33110173578689,34.50898160597288,171.2815892257887,23.250250339508057,0.1298925038427114,0.0782114993780851,249.56750106811523,0.99966599047184,1.3643949925899506,1.1228907406330109,0.006785987294279,14.237499952316284,150.38053709272515,87.03000068664551,0.500376746058464,163.9984329492021,3.8,156334.0,227000.0,307.374,120.04,67.8,689403.0,1363.0,1515.0,20720.1,1.92,5.33,1574.065,90.42,33167334.0,22780.933,19474931.25,42.71428571428572,9,3,2023,25971.21,26445.5,25372.51,25841.61,156769.66561,74545.77784,1927913825.206428,28225.438000000002,26382.758170383648,29327.36120120108
2023-09-11,103.35249900817873,43.50000095367432,58.244998931884766,0.6450449228286743,536.7075042724609,141.31999969482422,174.6946006197625,26209.79248046875,205.9244155883789,93.14750099182127,0.2467340044677257,6.113435864448547,3.758750021457672,0.0613510012626647,34681.0986328125,1607.8333435058594,1.068734347820282,15.300771951675417,1.2427007555961609,1919.6749877929688,136.26103620717842,37.73143994750701,368.222080700296,62.97414016723633,10.007499933242798,301.6383756803118,34.62899875640869,328.9392264428806,15272.832763671877,44.42215854239484,2.662999987602234,919.6000213623048,10.71750020980835,4464.9599609375,169.99859702929672,86.91852567822492,33.79176193118373,128.78943115749982,102.21431424701754,79.0895729672553,34.569051954951945,167.99435253783923,23.004249572753903,0.1206280011683702,0.0820772498846054,272.0925064086914,1.0002307295799255,1.3548699915409088,1.116802215576172,0.0067867579637095,13.735000133514404,146.45915707842653,89.86999893188477,0.4895587638020515,159.6729880738083,3.8,156334.0,227000.0,307.374,120.04,67.8,689403.0,1363.0,1515.0,20720.1,1.94,5.33,1549.111,91.97,33167334.0,22780.933,19482250.0,41.42857142857143,9,3,2023,25841.6,26888.0,24901.0,26527.51,221247.03537,107582.07504,2807580833.535109,27862.118,26412.949170701322,28754.103796302432
2023-09-18,97.98749923706056,39.84124946594238,53.89500045776367,0.642804428935051,520.870002746582,132.12749862670898,174.5059974332915,26555.86669921875,209.60248184204104,93.6724967956543,0.246540255844593,6.834347248077393,3.6718749403953552,0.0613737506791949,34162.7998046875,1601.0069885253906,1.0672305822372437,15.305183410644531,1.2284685373306274,1928.8999938964844,131.685425842735,34.64308716541774,357.2106077540021,64.64048099517822,9.085000038146973,298.46581827418936,33.06299877166748,316.2037831887956,14839.499755859377,42.09098509476356,2.6852500438690186,935.2999877929688,9.8125,4355.7425537109375,161.09447720421716,85.11962053547848,33.026473340246,127.07101768611896,99.89126010307258,76.41357563054214,33.01597196385402,163.5571000200898,23.4805006980896,0.1141137517988681,0.0837877504527568,252.04249954223636,1.000206708908081,1.3473149836063385,1.1067181825637815,0.0067530189407989,16.377500534057617,141.6223765519823,90.54249954223631,0.5046472549438477,154.52176995796708,3.8,156334.0,210000.0,307.374,120.04,67.8,689403.0,1363.0,1515.0,20720.1,1.96,5.33,1452.942,95.95,33167334.0,22780.933,19489556.25,42.285714285714285,9,3,2023,26527.5,27483.57,26122.08,26248.38,191220.58923,93683.44202,2518579865.7763057,27463.757,26375.178658311655,27946.32015633358
2023-09-25,101.26000022888184,39.42999839782715,53.75500011444092,0.6427008509635925,509.27000427246094,127.26500129699708,170.5028583065204,27506.5517578125,233.0784492492676,95.01249885559082,0.2603607513010502,7.823679804801941,3.708625018596649,0.062453000806272,33584.7080078125,1695.810516357422,1.0580624639987946,16.28833794593811,1.2197160720825195,1864.699981689453,130.1253712682064,34.5840768877971,354.1757086149968,67.04274559020996,8.450000047683716,298.05774378891755,32.605249881744385,311.50805695822294,14691.232421875,43.059795031664606,2.8517499566078186,904.8000030517578,9.34749984741211,4288.309814453125,158.40194643370558,86.24240167671869,32.46884124871778,126.05960687658516,99.16488431505888,76.18251307560534,32.32515967198927,161.98726113990438,22.579500198364254,0.1145517472177743,0.0884804986417293,247.44750213623047,0.9999052435159684,1.354532539844513,1.0932387113571167,0.0067051060032099,17.644999980926514,142.6664160819304,91.20000076293944,0.5216120108962059,154.97827081718876,3.8,156334.0,215000.0,307.374,120.04,67.8,689403.0,1363.0,1515.0,20720.1,2.18,5.33,1437.31,94.01,33167334.0,22780.933,19493212.5,45.85714285714285,9,3,2023,26248.39,28065.51,25990.46,27992.57,189937.16919,94191.87619,2517464201.5161486,27254.639000000003,26464.56698113789,26906.303008998893
2023-10-02,105.3799991607666,38.96999931335449,54.17825126647949,0.6369159668684006,522.3049926757812,127.6299991607666,174.66733190744807,27895.0478515625,234.38968658447263,86.48250007629395,0.2592169940471649,7.685755252838135,3.622125029563904,0.0616087494418025,33304.947265625,1655.127685546875,1.0564120411872864,15.798516988754272,1.2196321785449982,1828.9249877929688,135.4748038772921,35.383210694602646,358.56681778430834,65.69651317596436,8.25249981880188,309.9566429712196,33.53025007247925,320.0345810894785,14868.0,45.11883292661599,3.215000033378601,876.0750122070312,9.84874987602234,4289.387573242188,158.03174032551857,82.33980529461502,32.09547244949852,126.25240475067748,98.0926682843471,75.52969185140154,31.781654776605347,165.06389652138913,21.503750324249268,0.1118179988116025,0.0881019979715347,256.8199996948242,1.0004170089960098,1.367647498846054,1.0956822037696838,0.0067015516106039,18.17750024795532,145.42747058223864,84.73999977111816,0.5220720171928406,157.30813532459726,3.9,156520.0,216000.0,307.653,120.2,63.8,686148.0,1365.0,1534.0,20687.3,2.34,5.33,1365.739,91.21,34001494.0,22960.6,19500537.5,47.0,10,4,2023,27992.58,28580.0,27160.5,27917.05,217523.39638,106749.01483,2964956622.080808,27118.234999999997,26515.867837410133,26072.89821301203
2023-10-09,106.55999755859376,38.47875022888184,53.57274913787842,0.6341899931430817,547.6675109863281,129.7049961090088,177.65790252140317,27216.77392578125,217.16344833374023,89.48749923706055,0.2491052486002445,7.416982650756836,3.596624970436096,0.059298999607563,33637.9970703125,1568.7062683105469,1.054198682308197,15.025744915008543,1.2177773416042328,1906.850006103516,137.23141112531027,35.57009169015284,362.648574935407,62.360981941223145,7.955000162124634,316.4436175729572,32.42899990081787,324.3720187410207,15035.13525390625,45.70356643226545,3.286500036716461,874.8999938964844,9.462499856948853,4331.2999267578125,157.88362822296628,84.6038519230913,32.40539716423096,127.1944427587914,99.74864767166142,75.71898490587532,32.49161165472778,167.31198132525986,22.473999500274655,0.1062117498368024,0.0866114981472492,255.3499984741211,1.000327244400978,1.3647500276565552,1.1053761839866638,0.0066989222541451,18.71499991416931,147.5675180818821,86.38000106811523,0.492773987352848,158.64033635641152,3.9,156520.0,210000.0,307.653,120.2,63.8,686148.0,1365.0,1534.0,20687.3,2.47,5.33,1283.461,91.37,34001494.0,22960.6,19507837.5,49.42857142857143,10,4,2023,27917.06,27987.93,26538.66,27154.15,164897.39085,77908.78854,2112270123.8249748,26924.808,26548.387089101176,26051.586105518887
2023-10-16,103.13500022888184,36.8439998626709,52.72500038146973,0.6335999816656113,546.5125122070312,127.09500122070312,173.1013033891657,29351.43701171875,238.8316192626953,91.74500274658205,0.257961492985487,9.423745274543762,3.5571250319480896,0.0607179990038275,33380.078125,1634.5278930664062,1.0581585764884949,15.547848224639893,1.2153411209583282,1965.975006103516,136.09932933784518,34.82996449357528,354.967808840863,64.13670539855957,8.022500038146973,310.96193252118405,34.47825050354004,325.16288217094854,14720.844970703123,42.4995488104322,2.965749979019165,894.8249969482422,9.222500085830688,4266.22998046875,152.46106351146955,86.18772547737854,31.84899639641589,125.88388057613284,97.66769519165514,74.09302229270011,31.62969051040056,163.88913270433306,23.234249591827396,0.1090422496199607,0.0898602493107318,222.89500045776367,1.0003747791051865,1.3701399862766266,1.1173299551010132,0.006677693221718,20.554999351501465,142.708486418931,88.46999931335449,0.5132809951901436,153.219038476355,3.9,156520.0,200000.0,307.653,120.2,63.8,686148.0,1365.0,1534.0,20687.3,2.33,5.33,1108.819,90.99,34001494.0,22960.6,19515168.75,46.42857142857143,10,4,2023,27154.14,30379.99,27112.66,29992.46,294677.81127,148213.84372,4274100184.3030457,26993.670000000002,26587.539182687004,26173.678558730095
2023-10-23,97.10000038146973,35.057498931884766,51.28750038146973,0.6335900127887726,517.7975082397461,125.96249961853027,167.80015206453686,33581.3056640625,248.86130142211917,90.01500129699707,0.2879122421145439,10.913077116012571,3.608250021934509,0.0688437484204769,32608.642578125,1779.9088134765625,1.0594089329242706,16.571061611175537,1.2154196202754974,1984.0249938964844,125.378075788295,34.32835510205085,344.77707533724646,68.80738830566406,9.044999837875366,296.4055372495195,40.22749996185303,328.7563985741964,14298.33251953125,41.12519080116486,3.1475000381469727,895.3000030517578,9.856250047683716,4149.4749755859375,148.45523569694166,81.65489582451599,30.902143002592613,121.35918680635208,94.92729011381316,72.80923614507569,30.8425693141277,160.2585247280588,22.84000015258789,0.1155705004930496,0.0937715005129575,209.79000091552732,1.0003324747085571,1.3824650049209597,1.1124998927116394,0.0066731942351907,21.06750011444092,138.0003450963461,85.36250114440918,0.5543967485427856,147.64912660477617,3.9,156520.0,214000.0,307.653,120.2,63.8,686148.0,1365.0,1534.0,20687.3,2.45,5.33,1157.976,91.88,34001494.0,22960.6,19518862.5,53.71428571428572,10,4,2023,29992.46,35280.0,29883.6,34525.89,373306.40874,182605.0779,6116044966.206547,27827.26,28652.204578125966,26498.74698496298
2023-10-30,107.98999977111816,38.84499931335449,56.23749923706055,0.6424350142478943,551.6474914550781,136.3125038146973,173.4735621822061,35025.4658203125,239.794921875,86.15750122070312,0.3302122503519058,11.894309282302856,3.66949999332428,0.0700439978390932,33705.9521484375,1869.8221435546875,1.0684844255447388,17.648340225219727,1.2305212914943695,1991.225006103516,126.99782860313157,36.7651016493043,359.1361581479957,70.58510208129883,9.299999952316284,309.76011775991776,44.55224990844727,343.983048160181,14893.6552734375,43.61703250010717,3.4945001006126404,933.0749816894532,10.910000324249268,4305.8099365234375,155.78073710567458,82.07822023481498,32.47860840631928,123.467785045116,98.20013557563357,75.7384050949275,32.727863604286505,167.5444812693496,23.15175008773804,0.1236415039747953,0.0978879984468221,215.0900039672852,1.0006932318210602,1.3723849952220917,1.1093129217624664,0.0066773029975593,16.47249984741211,144.89554144851036,81.60500144958496,0.6335097551345825,153.72832046935082,3.9,156520.0,217000.0,307.653,120.2,63.8,686148.0,1365.0,1534.0,20687.3,2.44,5.33,1138.035,90.73,34001494.0,22960.6,19526187.5,69.14285714285714,10,4,2023,34525.88,35984.99,34025.0,35011.88,249862.2126,120432.07432,4182206703.048796,28718.271,30401.336503438513,27015.488685025866
2023-11-06,116.77499771118164,39.8125,58.64275074005127,0.6397024393081665,587.6874847412109,142.28249740600586,182.55700995720443,36645.2783203125,239.8655242919922,82.11750030517578,0.3740725070238113,15.175203800201416,3.615124940872192,0.0770542509853839,34184.0830078125,2019.4640808105469,1.0711580216884613,19.85092830657959,1.2266620993614197,1944.8499755859373,131.03602180308155,37.97978687484453,371.8442746345684,74.18949890136719,9.522499799728394,323.7466692295852,50.064249992370605,361.5230381548603,15414.587646484377,47.48823894884911,3.115500032901764,856.4999847412109,10.62499976158142,4398.112548828125,158.82398922299703,80.05913313485016,32.9984035849433,123.49707010551464,99.6900232660937,75.22876657387843,32.718366232517944,175.62677314484938,22.448500156402588,0.1256242506206035,0.1061022505164146,215.32749938964844,1.000268280506134,1.3769374787807465,1.1095667779445648,0.006622978602536,14.512500047683716,153.52009209150765,77.87249946594238,0.6740137338638306,161.42942318297784,3.7,156661.0,216000.0,308.087,120.309,61.3,685328.0,1510.0,1508.0,20696.8,2.25,5.33,1062.878,87.31,34001494.0,22960.6,19533531.25,68.71428571428571,11,4,2023,35011.89,37972.24,34523.06,37064.13,261060.64807,130118.87003,4721708273.219144,29827.563000000002,32461.977442990872,27530.538157701627
2023-11-13,119.8375015258789,42.46500015258789,61.339500427246094,0.6457562297582626,600.5974884033203,144.29249572753906,187.5117058630444,36921.6220703125,231.8681182861328,80.44750022888184,0.3806319981813431,14.771773338317873,3.7141249775886536,0.0796235017478466,34787.8681640625,2013.216278076172,1.0855049192905426,19.706976413726807,1.2409965097904203,1970.2999877929688,134.13124245152045,41.81497860580557,379.9730762622344,71.30179214477539,9.817500114440918,331.9803635051153,48.54300117492676,366.2583631880793,15746.330078125,49.140977101736745,3.022000014781952,885.875,10.28124976158142,4485.757446289063,163.7381289467948,80.182798083075,33.86716184832153,124.74905212067856,102.35469756925816,77.16293298881831,33.756465177668446,179.75447592993066,23.44575023651123,0.1232672464102506,0.1047920007258653,231.72750091552732,1.0004342198371887,1.37340247631073,1.123220592737198,0.0066650324733927,14.115000009536743,159.15352263512025,75.92749977111816,0.6463884860277176,167.93781280074597,3.7,156661.0,229000.0,308.087,120.309,61.3,685328.0,1510.0,1508.0,20696.8,2.32,5.33,1020.272,84.09,34001494.0,22960.6,19540875.0,69.71428571428571,11,4,2023,37064.13,37980.0,34800.0,37359.86,255993.59565,124083.98755,4534111152.296864,30979.388,34046.65803243003,28203.44453095485
2023-11-20,121.82999992370604,44.6225004196167,63.82999897003174,0.6559827923774719,616.9349975585938,145.68000411987305,189.3928981171296,37261.138671875,225.8031311035156,80.62500190734863,0.3832364976406097,14.589216470718384,3.7890000343322754,0.077734999358654,35271.9296875,2048.054107666016,1.09307262301445,19.03549337387085,1.2566872537136078,1994.8999633789065,135.95501337321502,43.45550442717892,385.6835602512812,69.51635360717773,11.075000047683716,336.8051383068862,51.20874977111816,372.8709548051951,15982.039794921877,48.42505627430752,2.8665000200271606,930.9249877929688,11.722500324249268,4549.367431640625,165.87556483008115,80.35403181193891,34.430891601397384,127.17004682977031,103.62720310444872,78.47099296905466,34.36621038887125,182.56398434858815,24.11175012588501,0.1190577503293752,0.1053972505033016,236.4824981689453,1.0002629905939102,1.3661025166511536,1.131979674100876,0.006711115129292,12.920000076293944,160.8853553916568,75.77250099182129,0.612130269408226,170.58575681965763,3.7,156661.0,213000.0,308.087,120.309,61.3,685328.0,1510.0,1508.0,20696.8,2.12,5.33,953.088,83.25,34001494.0,22960.6,19548200.0,66.57142857142857,11,4,2023,37359.85,38414.0,35632.01,37447.43,229889.97507,111803.31019,4163761382.5317073,32071.379999999997,35129.80545992267,29222.51158203341
2023-11-27,121.79000091552734,47.39750003814697,68.05500030517578,0.661760002374649,614.1799774169922,146.9124984741211,189.5519579741643,39210.62890625,228.17423629760745,80.30499839782715,0.390780508518219,15.39181113243103,3.87075001001358,0.0838534999638795,36009.10546875,2147.169860839844,1.049922376871109,19.459065914154053,1.2681148648262024,2056.724975585937,132.56868526377733,43.33956204012899,386.1043706940001,71.33442687988281,12.964999914169312,326.03836888419505,51.811750411987305,372.61838000193416,15996.8349609375,47.09791433328651,2.791749894618988,931.2999877929688,13.18250012397766,4581.472534179688,168.12405047994935,80.77258136680945,35.070255461317856,128.11695662179935,105.42238221445662,80.28139138874344,35.67333955091519,183.42711747391675,25.30875062942505,0.1204782500863075,0.1036452483385801,240.57749938964844,1.0001889765262604,1.35361248254776,1.1457264721393583,0.0067804633872583,13.009999990463257,159.68792532976596,75.41749954223633,0.619274228811264,170.37771489764606,3.7,156661.0,214000.0,308.087,120.309,61.3,685328.0,1510.0,1508.0,20696.8,2.18,5.33,867.22,79.49,34001494.0,22960.6,19551850.0,68.14285714285714,11,4,2023,37447.42,40250.0,36707.0,39972.26,222103.26117,108608.84236,4152334379.389981,33443.768,36879.511098299816,31303.40166762143
2023-12-04,126.30249977111816,48.888750076293945,71.17250061035156,0.6600691825151443,605.3549957275391,146.55500030517578,192.5588806894588,43060.8857421875,248.5074806213379,76.23749923706055,0.5565487667918205,16.190699577331543,3.812375009059906,0.098616249859333,36200.6982421875,2324.4655151367188,1.0792043507099152,21.64940452575684,1.2578868865966797,2030.4500122070312,133.47190140141143,41.90872411774835,386.04989877042016,76.30208778381348,16.105000495910645,326.5434861682204,58.70424938201904,367.96008451293005,15991.455322265623,46.91900498381349,2.609250068664551,910.8000030517578,15.450000047683716,4591.1175537109375,170.1257290480388,78.64174916578419,35.20447947412188,128.78077982384724,106.31875427918663,79.63100197402693,36.03401029994303,183.3727232285556,23.711750030517575,0.1309719979763031,0.10670025087893,241.90749740600583,1.0000600069761276,1.3572275042533877,1.140194535255432,0.0069007999263703,12.702500343322754,159.44299094895572,71.57250213623047,0.6574984937906265,170.92498337600392,3.8,156930.0,216000.0,308.735,120.528,69.7,686277.0,1568.0,1530.0,20701.4,2.07,5.33,815.847,78.16,34001494.0,22960.6,19559162.5,72.28571428571429,12,4,2023,39972.26,44700.0,39972.26,43789.51,332080.41362,162398.3216,6984417181.051079,35023.462,39441.30846826312,33919.7315020065
2023-12-11,137.09249877929688,50.53125,73.55000114440918,0.6684316396713257,595.3625030517578,148.53750228881836,195.37201160066576,41693.0703125,232.0211181640625,75.68750190734863,0.590761736035347,14.603193044662476,3.856000006198883,0.0956590007990598,37047.2783203125,2224.65771484375,1.0891637206077576,20.372403621673584,1.2669312953948977,2015.1499938964844,131.52371280462768,45.063966710113206,398.2109487515642,72.65209770202637,17.28250026702881,330.5670432755345,56.92500019073486,367.3187135846609,16494.634521484375,48.2353864076938,2.4402499198913574,944.1999816894532,15.15750002861023,4692.5849609375,175.3705932041082,79.47887273019633,36.25138342017664,131.04556260714438,109.58183774620922,81.98500977089567,37.62629831229761,188.42538536090927,23.61750030517578,0.1244602520018816,0.1033517476171255,247.33250045776367,0.9998399913311004,1.3439649641513824,1.1488645672798157,0.0069965177681297,12.37750005722046,170.0443260995117,70.75749969482422,0.6205950230360031,184.9404973994153,3.8,156930.0,204000.0,308.735,120.528,69.7,686277.0,1568.0,1530.0,20701.4,2.04,5.33,838.507,75.75,34001494.0,22960.6,19566493.75,73.14285714285714,12,4,2023,43789.5,43804.5,40222.0,41374.65,292562.41578,142589.42725,5993155021.234359,36369.222,39874.791513345364,35798.92338980706
2023-12-18,139.51000213623047,52.53874969482422,75.75250053405762,0.678087443113327,599.2075042724609,153.13000106811523,193.30194336017752,42732.6123046875,230.08208084106445,78.63249969482422,0.5962197482585907,15.061025381088257,3.891499996185303,0.0920470003038644,37371.5693359375,2248.3648071289062,1.0997068583965302,20.69318962097168,1.2694058120250702,2051.7250366210938,138.68693672056872,46.76370074613153,403.50309999260855,71.18244934082031,24.70249938964844,348.6070222234588,60.50150012969971,369.953666237775,16741.88525390625,49.02933911500412,2.5562499165534973,972.5,17.27750015258789,4746.272338867188,177.51294504818895,80.83204392131394,36.40024848020205,131.3482051837394,110.19244434408148,82.79072068008063,37.66785238081974,189.6372565107064,24.24375057220459,0.1242392491549253,0.1045837495476007,252.97999572753903,1.0004889965057373,1.330442488193512,1.1649577617645264,0.0069979031104594,13.209999799728394,170.70489713581372,73.28249931335449,0.6097080111503601,187.02630387737696,3.8,156930.0,209000.0,308.735,120.528,69.7,686277.0,1568.0,1530.0,20701.4,1.74,5.33,724.704,78.89,34001494.0,22960.6,19573818.75,68.42857142857143,12,4,2023,41374.64,44398.26,40542.93,42991.5,245481.20612,120046.28497,5167026438.81492,37952.957,40736.94327606641,36791.62815230174
2023-12-25,146.44750213623047,52.875,76.47325134277344,0.6881026178598404,596.9574890136719,152.42250061035156,191.55243730108307,42439.8046875,257.01025390625,78.13500022888184,0.6111882627010345,15.50880217552185,3.8949999809265137,0.0907705016434192,37632.439453125,2297.0463256835938,1.1062752306461334,22.05746793746948,1.2746439278125763,2066.574951171875,139.5428519853226,49.46008766253826,406.6429717203753,73.5341911315918,25.332499504089355,353.74279377683604,63.7269983291626,371.97941229522166,16844.72998046875,49.42943871152548,2.5404999256134038,996.5249938964844,16.180000066757202,4771.237548828125,177.3532702759897,81.02018850550078,36.86248865112,133.40713683413654,111.84395124635029,83.76021886136407,38.470473370480725,190.9033129210272,23.920250415802,0.1297054998576641,0.1066587474197149,252.379997253418,1.0000672489404678,1.3246399760246277,1.1862328350543976,0.0070779273519292,12.764999866485596,174.2676099817205,72.6825008392334,0.6235094964504242,190.9314175449147,3.8,156930.0,210000.0,308.735,120.528,69.7,686277.0,1568.0,1530.0,20701.4,1.71,5.33,772.258,80.23,34001494.0,22960.6,19577487.5,72.14285714285714,12,4,2023,42991.5,43802.32,41300.0,42283.58,228462.70228,116113.24382,4955977192.16248,39182.068999999996,41069.61831892574,37820.48857487787
2024-01-01,138.82500076293945,49.42750072479248,71.81499862670898,0.6724094748497009,570.7449951171875,146.7275047302246,181.65187249615377,43649.859375,239.7909164428711,77.9275016784668,0.5288395062088966,13.846266269683838,3.821000039577484,0.0821037497371435,37511.529296875,2247.7174072265625,1.09615620970726,20.143287658691406,1.2708623111248016,2048.1749877929688,135.91022001037786,46.47753510408542,395.7867299819584,66.84276008605957,23.87750005722046,347.7137530683401,65.38075065612793,365.9987466370916,16386.937744140625,48.74693834963723,2.803999900817871,965.3499908447266,15.130000114440918,4707.730102539063,171.9457605755126,81.81733161683309,36.99001307570143,135.86102248961,109.97755251225786,82.6189849355024,37.90246562636777,183.86898080817704,23.25474977493286,0.1196599993854761,0.1045935004949569,240.28250122070312,1.0011045187711716,1.33415749669075,1.177681803703308,0.0069435724290087,13.595000267028809,166.3825644892378,72.78499794006348,0.5702187567949295,180.59839064792308,3.7,157049.0,198000.0,309.794,121.128,79.0,680456.0,1376.0,1508.0,20773.3,1.72,5.33,1018.483,77.69,34586533.0,23053.545,19584812.5,68.85714285714286,1,1,2024,42283.58,45879.63,40750.0,43929.02,310487.48622,155535.92694,6820924503.618145,40122.382,41589.364444766536,38966.892535475905
2024-01-08,146.0374984741211,48.11475086212158,71.06925010681152,0.669505387544632,590.0824890136719,153.13999557495117,183.9928047830211,43571.630859375,252.99807739257807,78.14500045776367,0.5339855030179024,14.475001573562622,3.758374989032746,0.0806407500058412,37565.1171875,2456.7244873046875,1.0957867205142977,25.941125869750977,1.2738425433635712,2041.1749877929688,141.02078323456027,46.77603546612643,404.04526599215455,69.54680252075195,21.47499990463257,367.7891401024624,52.473501205444336,380.5431076509275,16728.899658203125,53.54113891292408,3.177999973297119,918.5249938964844,13.049999952316284,4767.469970703125,172.4724162510229,79.34907604643605,36.92870346285929,137.5721323338978,109.92353424486468,81.71478480246734,37.91973852379131,188.87579591534652,23.059750080108643,0.1188107524067163,0.1102950014173984,224.0449981689453,0.9997797608375548,1.340357482433319,1.1740978360176086,0.0069024681579321,12.982500076293944,171.1688414625326,72.68499946594238,0.5813702642917633,183.9487474756252,3.7,157049.0,199000.0,309.794,121.128,79.0,680456.0,1376.0,1508.0,20773.3,1.79,5.33,691.485,75.47,34586533.0,23053.545,19592112.5,70.42857142857143,1,1,2024,43929.01,48969.48,41500.0,41732.35,470798.80434,237687.20961,10793592831.97847,40794.429000000004,41602.03074344719,40610.91657660133
2024-01-15,168.1724967956543,46.1899995803833,69.40999984741211,0.659586563706398,604.4024963378906,154.08749771118164,187.71548261848656,41738.8251953125,239.6224365234375,78.34249877929688,0.5066257491707802,15.389026641845703,3.7705000042915344,0.0839239992201328,37696.0703125,2484.0260009765625,1.090899497270584,24.935131072998047,1.2686904072761536,2027.600006103516,143.83981202146478,47.0474003316366,413.57685603491046,70.62149810791016,16.479999780654907,375.6968257494852,48.72499942779541,391.48669467242735,17126.67529296875,58.28361474959501,2.685249984264374,894.1749877929688,10.516250133514404,4809.12744140625,172.08669736251608,77.29620083003672,36.98020252743522,136.49596408279427,109.91862052362823,80.39759761653464,37.20415726743777,195.87046902815172,22.646249771118164,0.115252498537302,0.1097442489117384,213.85750198364255,0.999458745121956,1.3466099798679352,1.1562800109386444,0.0067786070285364,13.819999933242798,182.48120400578964,73.05750274658203,0.5511547476053238,194.77469458010268,3.7,157049.0,193000.0,309.794,121.128,79.0,680456.0,1376.0,1508.0,20773.3,1.69,5.33,603.116,79.76,34586533.0,23053.545,19599437.5,67.42857142857143,1,1,2024,41732.35,43578.01,40280.0,41580.33,238486.27274,119204.09259,5026914325.812235,41246.049,41600.77632788711,42069.26459522466
2024-01-22,175.89249801635742,46.47499942779541,70.32499885559082,0.6591340601444244,611.5650024414062,158.21499633789062,192.13641688359385,41347.564453125,234.6459007263184,82.18750190734863,0.4835565015673637,14.614839553833008,3.837000072002411,0.0797832496464252,38057.4697265625,2286.2868041992188,1.0868633687496183,23.35089874267578,1.2712255120277405,2019.725006103516,150.0152703492686,44.63964619786615,421.3738186985769,68.15022945404053,17.34000039100647,389.72077804618266,48.21725082397461,398.3316593817948,17448.32470703125,60.851150312810034,2.6547499895095825,905.3249969482422,11.02500033378601,4883.1700439453125,170.32373809177486,79.77645780560121,37.77479188389175,136.405244881907,111.3552494676085,80.57110091098062,37.04866193439237,200.6988126068299,22.586249351501465,0.1129044983536005,0.111711498349905,191.0900001525879,0.9997494667768478,1.3465950191020966,1.1560846865177157,0.0067613068968057,13.257500171661375,188.79572274409017,76.79250144958496,0.5235927402973175,200.06363856719656,3.7,157049.0,223000.0,309.794,121.128,79.0,680456.0,1376.0,1508.0,20773.3,1.8,5.33,647.103,81.7,34586533.0,23053.545,19603093.75,57.285714285714285,1,1,2024,41580.32,42842.68,38555.0,42031.06,274603.16207,139192.01155,5631038539.21583,41713.169,41626.53211879001,42581.75580340007
2024-01-29,174.22000122070312,46.62375068664551,71.3499984741211,0.6569397747516632,629.9850006103516,167.7324981689453,184.6786986838463,42706.1103515625,236.20261764526367,79.07750129699707,0.5024554878473282,17.371248722076416,3.8501250743865967,0.0792580023407936,38538.4091796875,2301.4186401367188,1.082380473613739,24.81885290145874,1.266614317893982,2040.4749755859373,143.07596083409933,42.1332148069512,423.1133386385909,67.36552238464355,18.31750011444092,453.62208112571136,50.45749950408936,404.8967916502572,17524.12255859375,64.88063903602807,2.234749972820282,902.4999847412108,11.27750015258789,4934.414916992188,173.93370996224937,80.39352629468783,38.17454134309023,138.73654047343075,112.99325895359512,81.12338868980834,36.75110029222553,199.7519913610666,22.80674982070923,0.1108799986541271,0.1167844980955123,188.54500198364255,0.9997332543134688,1.344462513923645,1.157311201095581,0.0067660086788237,14.05750036239624,188.74345420385072,73.90999984741211,0.5091249868273735,196.6553824056145,3.7,157049.0,225000.0,309.794,121.128,79.0,680456.0,1376.0,1508.0,20773.3,1.78,5.33,581.41,83.99,34586533.0,23053.545,19610425.0,51.85714285714285,1,1,2024,42031.05,43882.36,41804.88,42582.88,203036.61925,103503.46102,4442167219.786773,42226.714,41689.621018574355,42469.53035230539
2024-02-05,172.61749649047852,48.42875003814697,74.74500274658203,0.6509098559617996,623.4200134277344,172.8874969482422,187.52163626266716,46847.1474609375,267.52425384521484,80.8650016784668,0.5304917618632317,19.68985080718994,3.715750098228455,0.0807922501116991,38579.865234375,2455.722045898437,1.0772916972637177,25.62427854537964,1.2605561316013336,2025.300048828125,146.8529067604854,42.50079240493849,431.0294223214901,70.68364715576172,22.06999969482422,463.5178929190099,60.225751876831055,412.2915058961047,17845.5849609375,70.66122503252399,1.9095000326633451,879.3500213623047,13.53600001335144,5000.3424072265625,176.2332099099493,80.2326449446237,38.23584852004159,140.9158722773562,114.26781451716506,80.7226231175703,36.6407130814142,204.30272787048787,22.47475004196167,0.1105747502297163,0.1232489999383688,189.06750106811523,1.000006467103958,1.3482400178909302,1.1453297138214111,0.0067127804504707,13.269999980926514,199.62024056575217,75.59499931335449,0.5214340016245842,205.11848640379196,3.9,157271.0,214000.0,311.022,121.418,76.9,685280.0,1546.0,1563.0,20861.5,1.9,5.33,552.289,79.3,34586533.0,23053.545,19617756.25,61.0,2,1,2024,42582.88,48592.66,42258.1,48299.99,262240.48357,134125.49927,6105318036.422229,43059.487,42386.693068802466,42806.39574746428
2024-02-12,173.1349983215332,50.02750110626221,76.70999717712402,0.6540729701519012,566.5099792480469,170.03999710083008,182.79685902166543,51202.73046875,273.26309967041016,82.83000183105469,0.6017252504825592,20.07288885116577,3.8042500615119934,0.0844870004802942,38555.728515625,2781.1629028320312,1.0764915645122528,26.49104070663452,1.2606603503227234,2008.4000244140625,141.9513363644879,43.31072304400328,428.2154149788863,70.78843116760254,26.982500553131104,470.3706617260102,71.4017505645752,404.2232063445536,17722.91015625,72.33709134310232,1.6634999811649325,898.8749847412109,16.3100004196167,4994.9599609375,176.57936950811987,81.69007064786199,38.63314639214884,142.180808927608,115.42449366771368,82.62630755516983,36.61215635595027,201.95548371645907,23.080499172210693,0.1149029973894357,0.1333505008369684,196.2949981689453,1.000295728445053,1.3444949686527252,1.1357222497463226,0.0066651807865127,14.94000005722046,200.8373376099275,78.31750106811523,0.5517897456884384,206.53357376917057,3.9,157271.0,212000.0,311.022,121.418,76.9,685280.0,1546.0,1563.0,20861.5,1.93,5.33,581.568,83.88,34586533.0,23053.545,19625087.5,68.42857142857143,2,1,2024,48300.0,52816.62,47710.01,52137.67,310862.3017,157841.09355,8014365068.464649,43894.303,43417.24089502547,42610.08031944985
2024-02-19,174.67000198364258,48.40250015258789,74.54750061035156,0.6559775769710541,548.0175018310547,172.86750411987305,181.66221238975407,51743.326171875,266.2559509277344,82.16250228881836,0.5980692356824875,18.823219299316406,3.8793749809265137,0.0863947495818138,38970.98046875,3050.771789550781,1.0829898715019226,26.825265407562256,1.2662473022937777,2032.6749877929688,142.42158737959065,42.971755309135006,430.739076583657,69.83465957641602,24.512499809265137,478.7958963752433,69.05975151062012,405.345320945932,17821.5693359375,76.54025732009279,1.6300000250339508,901.6750030517578,15.18000030517578,5058.664916992188,178.3200551334477,82.47280348442345,39.33453775392445,144.2007927173891,117.45297229538224,84.37605577601161,37.03474196406666,202.08437607639917,22.974499702453613,0.1162490025162696,0.137702003121376,193.12750244140625,0.9998484700918198,1.3485774993896484,1.13674658536911,0.0066509726457297,14.315000295639038,205.1706433383465,77.27499961853027,0.5465059876441956,209.02293415940957,3.9,157271.0,203000.0,311.022,121.418,76.9,685280.0,1546.0,1563.0,20861.5,1.97,5.33,532.125,85.52,34586533.0,23053.545,19628768.75,74.28571428571429,2,1,2024,52137.68,52985.0,50521.0,51728.85,223366.16186,112947.95494,5825673386.875105,44929.723,44920.07957220446,42329.228484744905
2024-02-26,195.12250137329104,50.7475004196167,79.2495002746582,0.6512551009654999,565.8224945068359,176.86000061035156,179.30833116307898,60294.7265625,431.65018463134766,83.11750030517578,0.6982587426900864,20.219257354736328,3.842375040054321,0.13693075068295,39040.58203125,3384.727783203125,1.0842138528823853,32.35020399093628,1.265416830778122,2071.374938964844,137.37571238751278,43.00639825828403,439.7520000195829,86.2725944519043,28.125,495.3852869676038,98.16800117492676,409.5532040536392,18194.85986328125,80.96534080097322,1.7747500240802765,884.5,15.179999828338625,5117.945068359375,182.20450095081813,83.36358497415405,39.50130361425113,143.4825454005343,118.94609088251023,85.59304698231682,37.61018053987648,207.34648130582295,22.948750019073486,0.1313349958509206,0.1407272480428218,200.72000122070312,1.0003622174263,1.356185019016266,1.1315576434135437,0.0066641875309869,13.37499976158142,216.24904190350435,79.15749931335449,0.6082227379083633,221.18045081925555,3.9,157271.0,214000.0,311.022,121.418,76.9,685280.0,1546.0,1563.0,20861.5,1.97,5.33,524.959,84.01,34586533.0,23053.545,19636118.75,74.0,2,1,2024,51728.85,64000.0,50901.44,63113.97,417907.83383,215491.06876,12822016538.352474,46941.969999999994,49696.95802485036,42098.340292759836
2024-03-04,210.3074989318848,50.62700080871582,81.80499839782715,0.6600653380155563,554.4450073242188,176.0250015258789,170.9055121492832,66861.6357421875,424.60243225097656,82.48500061035156,0.7067074924707413,20.66528606414795,3.884874999523163,0.1688455007970333,38747.767578125,3746.3330078125,1.0927007794380188,35.51219415664673,1.2816345989704132,2158.2000122070312,134.25313335613012,43.87236192782009,436.8312388065596,85.46851921081543,24.44749975204468,504.0013916499141,133.4492530822754,403.9609045565045,18064.5322265625,88.93485752787545,1.8434999883174896,906.8499908447266,12.860000133514404,5123.364868164063,179.12612813222626,84.19434554051058,39.80050345027743,143.32563190008864,119.97752515493131,87.19861003244449,38.343285326610605,206.04768800270116,24.065750122070312,0.1394382528960704,0.1356790028512478,181.03249740600583,1.0010647177696228,1.3519324958324432,1.1381236016750336,0.0067668122937902,14.582499742507936,225.85148455910365,78.55249977111816,0.608902245759964,227.80753817511587,3.9,157517.0,212000.0,312.107,121.829,79.4,688248.0,1299.0,1485.0,20901.4,1.88,5.33,439.793,86.58,34586533.0,23053.545,19643500.0,80.85714285714286,3,1,2024,63113.97,69990.0,59005.0,68955.88,481870.181782,246496.826261,16399155491.04389,49609.2,55812.14271902648,43137.69844140517
2024-03-11,192.42499923706052,49.31750011444092,80.90924835205078,0.6587147563695908,513.8174896240234,174.95999908447266,171.66690276219634,68769.1591796875,411.9442901611328,84.35999870300293,0.7007424980401993,19.40933322906494,4.058125138282776,0.1594760008156299,38778.6826171875,3697.8206787109375,1.0907315909862518,33.20271825790405,1.2764282524585724,2163.9750366210938,139.8513840611021,42.77876701539559,432.9278078014154,89.6059627532959,20.2524995803833,484.8586410737111,170.44299697875977,412.3319818752583,17902.46484375,87.92110736479562,1.6984999775886536,937.5250091552734,11.675000190734863,5126.2974853515625,176.9873597092705,87.12599821604796,40.03102573462136,142.98489860584468,119.78352011607149,88.63799012444667,37.69657424492007,205.00418356818588,25.00350046157837,0.1377820000052452,0.1277439966797828,167.63000106811523,0.9998835027217864,1.3499025404453278,1.1335728764533997,0.006737399380654,14.570000171661375,218.9371162532944,80.12250137329102,0.642546996474266,219.45771987609885,3.9,157517.0,213000.0,312.107,121.829,79.4,688248.0,1299.0,1485.0,20901.4,1.83,5.33,478.728,83.44,34586533.0,23053.545,19650818.75,81.85714285714286,3,1,2024,68955.88,73777.0,64533.0,68393.48,477496.91752,238830.057395,16717330996.978777,52055.646,59455.438493512396,45423.34331028189
2024-03-18,181.6999969482422,49.40750026702881,81.13225173950195,0.6571794897317886,504.614990234375,178.1699981689453,172.50795238711845,66043.3154296875,454.0670776367188,85.90500068664551,0.6403050124645233,18.21911907196045,4.032000005245209,0.1640647482126951,39400.4091796875,3402.856201171875,1.0870812833309174,30.520395755767822,1.264631986618042,2168.500061035156,149.2290465158441,42.098366558216505,440.5783738992988,86.77285957336426,20.55500030517578,502.0385084463901,150.27550315856934,422.29595003498696,18238.18212890625,92.06125525731468,1.6835000216960907,901.6999816894532,11.477499723434448,5215.262573242188,180.21652577719527,88.38172098853626,40.57791836575929,142.5804108835435,122.36209561730404,89.21716733437086,37.15904409782995,207.21510885468896,24.94474983215332,0.1311664972454309,0.1193762496113777,171.43499755859375,0.9999717622995375,1.3569374680519104,1.1175817549228668,0.0066272837575525,13.34500002861023,223.5466912575547,81.35249900817871,0.6252502501010895,221.52202227319825,3.9,157517.0,213000.0,312.107,121.829,79.4,688248.0,1299.0,1485.0,20901.4,2.03,5.33,440.596,86.47,34586533.0,23053.545,19654475.0,81.42857142857143,3,1,2024,68393.47,68956.0,60775.0,67209.99,409762.74414,202926.44117,13208695000.169748,54603.409999999996,62013.46797063797,48815.16921032835
2024-03-25,179.09500122070312,50.12625026702881,83.31000137329102,0.652075007557869,505.6875,179.9250030517578,170.69648466622752,70202.455078125,630.3425750732422,86.90500259399414,0.6540362536907196,19.34529161453247,4.000000059604645,0.2092187516391277,39690.130859375,3599.073303222656,1.0808992683887482,33.631715297698975,1.26270854473114,2208.7749633789062,149.7689592672823,42.92969391979857,441.59576458620575,102.03927612304688,22.40749979019165,489.7906461332783,175.0882453918457,418.7678572005691,18264.0693359375,91.62014793476182,1.6990000009536743,903.3249969482422,12.297499895095823,5244.2425537109375,182.02153619547803,90.90645790608974,41.28703121353475,144.83716227520668,123.68865909376146,90.80071029012512,37.92181032986458,206.8770328680545,24.732250213623047,0.1401105038821697,0.121670750901103,176.13999557495117,1.0001092851161957,1.3555624783039093,1.108770728111267,0.0066043749684467,13.087500095367432,224.23863788243625,82.52499961853027,0.630645751953125,223.58872141444647,3.9,157517.0,214000.0,312.107,121.829,79.4,688248.0,1299.0,1485.0,20901.4,1.92,5.33,473.787,86.18,34586533.0,23053.545,19661800.0,75.42857142857143,3,1,2024,67210.0,71769.54,66385.06,71280.01,235409.95755,118629.51433,8288128238.6861725,57573.378000000004,65243.15370064098,52919.706250699994
2024-04-01,173.41500091552734,47.73749923706055,80.44000053405762,0.6568878442049026,489.6100006103516,183.6975059509277,169.02935440410408,68656.775390625,661.7411041259766,90.16250038146973,0.5979810059070587,18.00361394882202,4.192499995231628,0.1965802498161792,39045.625,3440.19189453125,1.0825055241584778,32.89863300323486,1.2625103890895844,2302.449951171875,151.8589667210443,39.91860742561322,438.21641978811806,102.24700736999512,19.357500076293945,514.9114951282801,151.2429962158203,421.1050316594809,18121.06298828125,88.50116355745772,1.7954999804496763,923.6999969482422,10.642499923706056,5204.6724853515625,178.36404229657535,94.00702348608856,40.97932455880499,141.6584588080992,123.49158949568738,90.9871079915758,37.28640272128496,205.32035900172852,26.75499963760376,0.1314032487571239,0.1200467497110366,166.8749961853027,1.0001182556152344,1.357515037059784,1.107297122478485,0.0066006948472931,15.632500410079956,222.97173722592456,86.01250076293945,0.5963185131549835,221.85761693098897,3.9,157635.0,223000.0,313.016,122.14,77.2,688913.0,1377.0,1440.0,20932.9,1.98,5.33,441.903,86.17,34831634.0,23223.906,19669118.75,78.85714285714286,4,2,2024,71280.0,71288.23,64493.07,69360.39,274227.11488,137376.98608,9256104893.79039,60306.311,66392.55407436562,57386.443931123315
2024-04-08,165.01000213623047,47.04624843597412,79.8174991607666,0.6545328795909882,477.5224990844727,186.1750030517578,173.82173928900295,66277.9794921875,553.0693893432617,90.46999931335448,0.4925269931554794,14.722641706466677,4.259125113487244,0.1663637496531009,38214.244140625,3225.9734497070312,1.0714234113693235,28.22921562194824,1.2513477802276611,2365.099975585937,156.3251232551145,36.083607517639535,437.1156433694849,84.24562644958496,16.93750023841858,513.399576345275,148.9177474975586,420.0108610242468,18069.1376953125,87.50449451594645,1.8034999668598173,982.5500030517578,9.482500314712524,5144.892578125,176.490731042492,93.6463833320412,39.856806706836544,137.6850863253673,121.74997719580986,89.0152547167727,36.428712604073645,204.52837656997525,28.506749629974365,0.1133999992161989,0.1142389979213476,172.2775001525879,1.001014024019241,1.3716550171375277,1.0978368818759918,0.00654149253387,17.102499961853027,221.24439549107743,85.88500213623047,0.5208519920706749,218.4748899006136,3.9,157635.0,212000.0,313.016,122.14,77.2,688913.0,1377.0,1440.0,20932.9,2.04,5.33,448.597,91.73,34831634.0,23223.906,19676675.0,75.42857142857143,4,2,2024,69360.38,72797.99,60660.57,65661.84,348008.31904,169274.11224,11481850134.782661,62614.206999999995,66260.99592637469,62591.12306798447
2024-04-15,150.86249923706055,43.109999656677246,74.37874984741211,0.6427547931671143,468.53749084472656,177.84750366210938,166.88948205124382,64095.83203125,504.4424057006836,87.95750045776367,0.4841379895806312,14.511200904846191,4.449625015258789,0.1562635004520416,37992.791015625,3110.233642578125,1.0657870769500732,26.84084892272949,1.2401980757713318,2380.6499633789062,154.19281861767746,34.46053844048929,418.57149458917206,82.5229663848877,16.007500171661377,487.3221989983458,124.2544994354248,402.63353668466834,17300.330078125,79.62858994682591,1.7397499978542328,943.0249786376952,8.818750143051147,5014.112548828125,170.27102507555858,92.08521473384025,39.64018125756873,136.97406926785945,119.68813314908068,87.71049844603964,34.99843191302357,194.62235964753228,28.548500537872314,0.1121419984847307,0.1109184995293617,152.75250244140625,1.0004142671823502,1.3791124522686005,1.0996958911418917,0.0064800773980095,18.75999975204468,204.5533802887399,83.52999877929688,0.5137442573904991,202.68378899506652,3.9,157635.0,211000.0,313.016,122.14,77.2,688913.0,1377.0,1440.0,20932.9,2.2,5.33,327.066,90.84,34831634.0,23223.906,19680331.25,75.85714285714286,4,2,2024,65661.85,66867.07,59600.01,64941.15,312265.13225,152952.96447,9687789608.434114,64278.323,66087.56582885579,67222.17513997294
2024-04-22,154.76499938964844,43.636250495910645,75.61750030517578,0.6510973870754242,475.0475006103516,176.59500122070312,167.88475773049416,63971.28515625,484.0141677856445,88.65500068664551,0.4734102636575699,14.34753704071045,4.545624852180481,0.1501977480947971,38198.7998046875,3237.0164794921875,1.069667100906372,27.92537879943848,1.2554543316364288,2336.7750244140625,166.57361530997196,32.09026380490838,424.5276156883134,84.63744735717773,18.610000371932983,451.1242793675679,129.0087547302246,400.3609121233959,17554.90771484375,85.02231657960566,1.639499992132187,915.0,11.52275013923645,5070.9849853515625,172.9174863800421,92.48941864388206,40.19897709109775,137.87700134029052,120.49857659757495,87.43090933680767,35.16272336110956,196.88658311603783,27.25549936294556,0.1140952501446008,0.1186755001544952,161.8749961853027,0.9999537765979768,1.3685399889945984,1.1028491258621216,0.0063589481869712,15.924999713897703,212.33637368797585,83.2599983215332,0.5248347520828247,211.0214289525843,3.9,157635.0,209000.0,313.016,122.14,77.2,688913.0,1377.0,1440.0,20932.9,2.21,5.33,409.816,87.3,34831634.0,23223.906,19687596.875,66.57142857142857,4,2,2024,64941.15,67232.35,62391.24,63118.62,183902.50753,90443.8961,5860998775.130268,65376.418000000005,65865.19697832051,68573.33198385952
2024-04-29,151.16250228881836,45.14675045013428,76.20249938964844,0.658132404088974,480.052490234375,183.77250289916992,179.8681989377337,62330.22265625,454.2838516235352,84.50500106811523,0.4526809975504875,13.961732149124146,4.578500032424927,0.15289400331676,38485.1044921875,3093.9725341796875,1.0751641988754272,26.98373746871948,1.2548916339874268,2305.2750244140625,165.86451557968485,30.613169848665752,429.3928544307173,80.7874984741211,17.390000104904175,444.6777465873111,119.11100006103516,399.36102825457175,17748.23779296875,86.99991075260829,2.08924999833107,954.6499786376952,10.52999997138977,5101.4375,175.8687484278128,90.3037665304028,39.94296246176943,138.52651245901262,120.62913302663826,87.67371025000229,35.6833738009717,199.25013630889413,26.59124994277954,0.1096900012344122,0.1208007484674453,184.31750106811523,1.0001157820224762,1.3681000173091888,1.1012517213821411,0.0064760263776406,14.169999599456789,214.34746094659317,79.52250099182129,0.5199792608618736,213.08038272488488,3.9,157635.0,209000.0,313.016,122.14,77.2,688913.0,1377.0,1440.0,20932.9,2.22,5.33,505.53,88.44,34831634.0,23223.906,19691259.375,69.14285714285714,4,2,2024,63118.62,64734.0,56552.82,64012.0,298372.0172,145587.9217,8793267875.504925,66604.73300000001,65703.98038385445,68767.45840574158
2024-05-06,153.0374984741211,43.82499885559082,75.11499786376953,0.6612648963928223,485.4100036621094,187.86499786376956,182.04291809951576,62150.1181640625,445.7104110717773,82.95499992370605,0.4463002532720566,13.885011196136476,4.667999982833862,0.1478547528386116,39323.734375,2989.6392211914062,1.0773933827877045,27.211910724639893,1.2498853504657743,2353.1500244140625,167.9694374048322,29.908027461977063,438.5568539257156,81.53927230834961,18.110000133514404,469.0986706646965,121.96224594116212,409.6797725697105,18126.81201171875,90.02216734718,2.2452500462532043,990.6499786376952,9.68999981880188,5206.860107421875,176.63940762408,90.77816851678752,40.9473241918941,140.70632748373453,123.42752937580292,89.65536700662621,36.35864989755846,203.79597897313744,28.023749828338623,0.106757503002882,0.1251377463340759,173.0625,1.000200256705284,1.3686800003051758,1.1010385751724243,0.006443741498515,12.90500020980835,221.5828942017453,78.34250068664551,0.5163194984197617,218.3805047734996,4.0,157828.0,229000.0,313.14,122.239,69.1,691223.0,1315.0,1399.0,20997.2,2.14,5.33,468.97,83.6,34831634.0,23223.906,19694931.25,59.85714285714285,5,2,2024,64012.0,65500.0,60187.12,61483.99,179712.75232,88178.37799,5504860726.104956,66441.735,65655.89304824035,68888.19828832369
2024-05-13,161.86000061035156,45.15500068664551,77.29500007629395,0.6678249686956406,480.875,185.1099967956543,188.23236268473696,65255.2177734375,472.02565002441406,83.26500129699707,0.4628270044922828,15.77622890472412,4.994374990463257,0.1483204960823059,39857.5380859375,3038.505615234375,1.0863627791404724,27.399068355560303,1.2638079226016998,2394.0499877929688,172.27385812435432,31.28156226468345,447.2313108599912,81.8440170288086,19.144999980926517,469.8857932717679,148.92499923706055,415.9890806864117,18477.3828125,92.29616787974835,2.5299999713897705,1064.7749786376953,9.99750018119812,5285.797607421875,176.99125249374853,91.28646698345564,41.6341289857191,143.2305640136429,123.53099823316558,90.29793910219948,37.2617555589668,209.37214495124863,30.433500289916992,0.1055212505161762,0.122614499181509,175.9800033569336,1.0001202672719955,1.361029952764511,1.1007945835590365,0.0064355396898463,12.479999780654907,228.4499699901137,79.23999786376953,0.5090277567505836,225.82403461348343,4.0,157828.0,222000.0,313.14,122.239,69.1,691223.0,1315.0,1399.0,20997.2,2.15,5.33,492.068,83.18,34831634.0,23223.906,19696778.125,59.85714285714285,5,2,2024,61484.0,67700.0,60749.21,66274.01,195247.04901,96881.08119,6253259842.204433,66173.548,65667.54465601228,68143.19500410024
2024-05-20,166.03250122070312,44.43624973297119,77.30999946594238,0.6643040627241135,479.109992980957,182.0625,189.21656018154877,68767.205078125,492.6152725219727,82.35000228881836,0.4685750007629394,16.887348413467407,4.882000088691711,0.1637722477316856,39309.216796875,3661.411682128906,1.0851063132286072,31.28496551513672,1.268982470035553,2358.3250122070312,174.5902916344773,30.7375125029643,454.2907008171777,84.7728385925293,21.03749990463257,472.7328993176423,165.94199752807617,425.9980098390473,18768.51953125,103.11436824210467,2.6142500042915344,1038.75,10.491250038146973,5302.0626220703125,174.29771257772632,89.32107350988483,41.0802557972246,142.7262110773747,122.81169463587116,89.6529089686633,36.4311298127124,213.4735829313921,30.82249975204468,0.1090297494083643,0.1158800013363361,179.65500259399414,0.9996912479400636,1.366809993982315,1.0892354846000671,0.0063840055372565,12.18750023841858,239.9290797488892,78.04750061035156,0.530009001493454,235.1750026205253,4.0,157828.0,216000.0,313.14,122.239,69.1,691223.0,1315.0,1399.0,20997.2,2.11,5.33,489.728,81.91,34831634.0,23223.906,19700484.375,69.85714285714286,5,2,2024,66274.0,71979.0,66060.31,68507.67,220708.83749,110525.62718,7640848002.272701,66184.96699999999,65680.44586949381,66029.98925617014
2024-05-27,167.10499954223633,42.792500495910645,75.11249732971191,0.6650307327508926,451.5700073242188,177.70750045776367,191.00802941375468,68183.626953125,466.8874206542969,82.35750198364258,0.4523522555828094,18.092506408691406,4.6756250858306885,0.1605862528085708,38600.6474609375,3809.403015136719,1.0848494172096252,29.78512144088745,1.2739412188529968,2331.124938964844,172.10466673077232,30.55864949554492,448.3147069992696,83.59823989868164,20.05250024795532,465.5466406593419,155.14925003051758,414.0177449884875,18534.56982421875,110.46995471378293,2.5682499408721924,1041.2749633789062,9.96875,5265.6524658203125,173.74515154518537,89.5413311965215,40.77992708422138,140.7727489218682,121.3287359459648,89.30711335724585,36.4287154714256,209.15120635619635,30.773500442504883,0.1066212523728609,0.1137579996138811,177.99750137329102,0.9995169937610626,1.36617249250412,1.104879915714264,0.0063635397236794,13.269999980926514,240.45176264162916,77.8174991607666,0.5190452337265015,233.25264587851808,4.0,157828.0,221000.0,313.14,122.239,69.1,691223.0,1315.0,1399.0,20997.2,2.14,5.33,431.239,78.92,34831634.0,23223.906,19704171.875,75.28571428571429,5,2,2024,68507.67,70687.56,66670.0,67765.63,158352.25614,78329.25163,5345551546.763248,66240.53099999999,65693.39470290382,64438.71538230927
2024-06-03,166.4224967956543,43.75500011444092,76.78499984741211,0.661605104804039,459.0924911499024,182.70249938964844,195.154088448025,69698.41796875,480.86055755615234,79.40500068664551,0.4524762630462646,16.653109550476074,4.539875030517578,0.1504589952528476,38737.6064453125,3728.643432617188,1.083854228258133,27.39907741546631,1.2729181051254272,2320.224975585937,173.65724831600792,30.429467347364685,457.0960208672718,80.81946754455566,19.91249990463257,487.4666590019704,162.1879997253418,418.29039182341046,18877.08740234375,119.802132099566,2.843999981880188,980.4749908447266,9.690000295639038,5325.8450927734375,175.51687155664123,87.52269783182214,40.78239530768574,143.5258117478908,120.57987898490326,88.42173897793009,36.7210563186126,212.4929128936338,29.873749256134037,0.1002842523157596,0.1156267486512661,177.43249893188477,0.999839723110199,1.372922509908676,1.1150459051132202,0.0063954682555049,12.71500015258789,248.73754692603828,75.26499938964844,0.4978577494621277,236.74466807506923,4.1,157915.0,229000.0,313.131,122.51,68.2,690682.0,1329.0,1454.0,21065.6,2.08,5.33,387.069,76.45,34831634.0,23223.906,19706003.125,72.57142857142857,6,2,2024,67765.62,71997.02,67612.48,69648.14,165061.19141,81703.96894,5733397829.329656,66077.344,65741.94478200821,63733.067894900996
2024-06-10,160.43250274658203,44.22249984741211,77.24874687194824,0.6626124233007431,509.14500427246094,184.4750022888184,208.63130040355807,67120.2646484375,435.6942596435547,81.9950008392334,0.4215639978647232,15.27868151664734,4.538750052452087,0.1390907540917396,38651.1083984375,3579.6948852539062,1.0740755200386047,25.520212650299072,1.271003782749176,2322.999938964844,175.84678210457042,30.43692135118474,471.9080253677355,78.61624526977539,19.40499973297119,502.10330348063417,153.11999893188477,435.57229395389015,19481.2255859375,128.36032464153794,2.945749998092652,958.5999908447266,10.328749895095823,5409.425048828125,176.93428009989984,85.93004905758184,40.13497669061464,143.52828124621024,119.68320449349962,87.65408908818756,37.14264901149801,222.91534841386832,29.448750495910645,0.0984247494488954,0.1168205011636018,178.62749862670898,0.9994810223579408,1.374195009469986,1.1197976768016815,0.0063615798717364,12.667500019073486,262.4418169174799,77.86249923706055,0.4868787452578544,247.36974301766745,4.1,157915.0,241000.0,313.131,122.51,68.2,690682.0,1329.0,1454.0,21065.6,2.16,5.33,416.481,79.59,34831634.0,23223.906,19709656.25,74.57142857142857,6,2,2024,69648.15,70195.94,65078.0,66676.87,174066.07718,84978.33764,5744292629.34633,65808.992,65759.50101167789,63538.10299913618
2024-06-17,160.65499877929688,43.47749996185303,76.7244987487793,0.6652176231145859,526.8150024414062,187.16500091552732,209.55570098475755,64182.677734375,391.1830978393554,84.70499992370605,0.3867924958467483,13.666558504104614,4.513999938964844,0.1244822517037391,38997.4462890625,3460.7748413085938,1.0711034536361694,23.11988210678101,1.2668899297714231,2324.099975585937,177.9068655623648,30.76235514187568,478.41574323367263,74.19791412353516,19.56749963760376,496.8570307464138,148.63875198364258,445.2136763905757,19751.125,129.51807595048825,2.757499933242798,985.5750122070312,9.930000066757202,5463.79248046875,179.86074787452918,86.61745812783141,40.553457738785085,144.09905312836915,120.71535479786718,87.75218915359616,37.129363498099934,227.61014956421425,29.7192497253418,0.091618251055479,0.1181127484887838,182.9574966430664,0.9997449815273284,1.3707599937915802,1.1224888265132904,0.0062813643598929,13.089999914169312,266.6606244828802,80.46250343322754,0.4888507425785064,250.46038912164363,4.1,157915.0,237000.0,313.131,122.51,68.2,690682.0,1329.0,1454.0,21065.6,2.06,5.33,333.429,82.45,34831634.0,23223.906,19713315.625,72.28571428571429,6,2,2024,66676.86,67298.81,63178.32,63210.01,155589.33133,76186.19875,4956904124.330648,65563.809,65715.43551117482,64408.03521455703
2024-06-24,161.71750259399414,43.785000801086426,77.47249984741211,0.6672975271940231,547.9499816894531,192.91749954223636,210.2682886779777,61812.703125,384.7093124389648,86.13250350952148,0.3882677555084228,13.981425762176514,4.403249979019165,0.1229657493531704,39179.484375,3398.2443237304688,1.0714459419250488,23.44049406051636,1.2653990685939789,2322.1749877929688,181.5959566688542,30.71267090831212,476.89500869163146,73.76999855041504,19.72000026702881,505.06274547671006,140.48749923706055,446.5210578400527,19713.99462890625,123.27961485603367,2.6600000858306885,1002.0500183105468,9.210000276565552,5472.7900390625,180.7776170516327,87.9825840658403,40.565768322449706,143.7152566047422,120.49859299307518,86.99925831015378,36.9916479998625,224.73765020895152,29.179749965667725,0.0903442483395338,0.1232244987040758,195.24250030517575,0.9986342191696168,1.36871999502182,1.111152082681656,0.0062305295141413,12.65749979019165,259.7313076053742,81.4950008392334,0.4739652499556541,245.3275888733536,4.1,157915.0,233000.0,313.131,122.51,68.2,690682.0,1329.0,1454.0,21065.6,2.03,5.33,435.916,86.75,34831634.0,23223.906,19715150.0,60.0,6,2,2024,63210.01,63369.8,58402.0,62772.01,177837.60164,86936.64459,5326794885.09916,65346.895,65669.79810634971,65943.85849440497
2024-07-01,167.8699951171875,45.47749996185303,80.0099983215332,0.6724999845027924,571.7400054931641,198.3425025939941,222.01631692514388,57298.205078125,328.1697769165039,86.47749900817871,0.3590252473950386,12.645466566085815,4.589875102043152,0.1073737479746341,39307.0107421875,3049.52490234375,1.08192178606987,20.43803739547729,1.2756099998950958,2371.7999877929688,187.6589822209344,31.542408201456368,489.0863772460387,64.42612171173096,20.68499994277954,527.06686222022,130.04274940490723,459.6073828717039,20192.1201171875,124.80424221818252,2.3887500166893005,1022.0250091552734,9.59000015258789,5537.8099365234375,186.26966886890347,88.34265967580197,40.99329601755828,143.01871627678898,119.97817574499152,86.47483478993921,37.304000234166445,229.54399546449957,30.811500072479248,0.0847872495651245,0.1253599990159273,239.06500244140625,0.999757245182991,1.3658474683761597,1.1130281686782837,0.0062129196012392,12.514999866485596,265.6102530961967,83.05500030517578,0.4296274930238724,250.7513463462762,4.2,158003.0,238000.0,313.566,122.722,66.4,699098.0,1262.0,1406.0,21098.1,2.16,5.33,451.783,86.57,35464674.0,23400.294,19718834.375,41.85714285714285,7,3,2024,62772.01,63861.76,53485.93,55857.81,251967.61048,119972.05334,6991926733.769529,64620.814,65162.903066317784,67812.1231673427
2024-07-08,180.93000030517575,46.59749984741211,80.83624839782715,0.6764726787805557,561.7924957275391,195.76000213623047,228.58424276116747,59306.533203125,360.33245849609375,85.24250030517578,0.4108047559857368,13.048571586608888,4.588624835014343,0.1116389986127615,39851.4091796875,3145.2818603515625,1.089291363954544,21.71273708343506,1.2775263488292694,2399.375,185.9202706167413,34.10366122507414,493.7428658429823,67.48779296875,20.34250020980835,507.34918217297366,137.19249534606934,453.7216474372963,20379.73779296875,130.38536621856966,2.338750004768372,1000.0250091552734,9.645000219345093,5612.1925048828125,189.99462862173343,87.92300363603104,41.69270721520616,145.51087138379933,122.11631866272656,88.5078296438133,38.619463786020255,232.98858115450375,30.984249591827396,0.0992182493209838,0.1349749974906444,250.1374969482422,1.0004800111055374,1.3628549575805664,1.100481003522873,0.0063021112000569,12.589999914169312,274.27684816614635,82.24249839782715,0.5034937411546707,259.3731735688402,4.2,158003.0,222000.0,313.566,122.722,66.4,699098.0,1262.0,1406.0,21098.1,2.01,5.33,415.257,87.15,35464674.0,23400.294,19722512.5,36.71428571428572,7,3,2024,55857.81,61420.69,54260.16,60797.91,190723.74928,95407.63796,5508873029.515694,64299.40499999999,65092.34943156619,68159.47097263721
2024-07-15,159.81999969482422,47.27375030517578,81.97749900817871,0.6712367385625839,555.2649993896484,185.74750137329104,226.26951427482211,66346.720703125,394.0234451293945,83.4124984741211,0.4408269897103309,14.49907398223877,4.307374954223633,0.1345534976571798,40521.791015625,3463.9015502929688,1.090204417705536,23.80089521408081,1.294554054737091,2414.9000244140625,179.46618836387682,33.778223566274924,479.19355278527087,72.98690032958984,24.579999446868896,478.5755359561086,170.8607521057129,438.31878738978486,19777.447265625,120.92270204522664,2.1390000581741333,975.6750030517578,11.84749984741211,5544.177490234375,188.0998635318808,90.28968128262608,42.58488466993764,146.6964440188107,124.16794261548056,89.31362240792086,39.58958940940735,223.50041007191655,29.59524965286255,0.1060065012425184,0.1351407542824745,245.20750045776367,1.0004197359085083,1.3734824657440186,1.1246118545532229,0.0063566555036231,15.21250033378601,254.25807321876172,81.0374984741211,0.5881842523813248,241.85599980350148,4.2,158003.0,240000.0,313.566,122.722,66.4,699098.0,1262.0,1406.0,21098.1,1.96,5.33,413.28,86.42,35464674.0,23400.294,19724340.625,31.285714285714285,7,3,2024,60797.91,68366.66,60632.3,68165.34,205198.52303,102827.87077,6664473433.423294,64967.54,65188.69376670309,67388.24399333147
2024-07-22,143.46000289916992,46.02499961853027,79.09500122070312,0.6578532308340073,543.1650085449219,182.7975006103516,218.84447278019232,67345.9287109375,400.8975982666016,81.3899974822998,0.4117499887943268,13.487303018569946,4.12262499332428,0.1307354979217052,40434.9892578125,3297.9422607421875,1.0869218409061432,22.911174297332764,1.287649393081665,2383.224975585937,169.80127539771678,31.56476585683112,464.40286268157735,71.04907989501953,22.15249967575073,466.081169981128,170.59349822998047,426.5671839134708,19168.40771484375,114.24933756195712,2.069000005722046,940.8249816894532,11.37249994277954,5473.62255859375,182.81292792319957,89.46500348597272,42.74058762605472,148.0302049609814,124.2890659604071,89.5649757677245,39.6732980219371,216.4371221548334,28.110000133514404,0.10160325281322,0.1369317471981048,227.5175018310547,1.0003127306699753,1.3802549839019775,1.1304778754711151,0.0064837938407436,16.509999752044678,241.2656538681056,77.76250267028809,0.6050812602043152,230.2325691550766,4.2,158003.0,236000.0,313.566,122.722,66.4,699098.0,1262.0,1406.0,21098.1,1.96,5.33,395.901,83.44,35464674.0,23400.294,19728006.25,67.57142857142857,7,3,2024,68165.35,69399.99,63456.7,68249.88,177889.46168,86526.9429,5771975679.116716,65165.127,65221.0726198662,65708.60101425239
2024-07-29,137.21000289916992,42.47999954223633,74.80500030517578,0.6519542932510376,533.4999847412109,171.73749923706055,219.52968665642467,60858.07421875,363.3183822631836,77.95999908447266,0.3624704927206039,11.541598081588743,4.093375086784363,0.1105052512139082,40007.9580078125,2852.24755859375,1.088702917098999,19.930248260498047,1.2803332209587095,2425.5499877929688,167.45230846678413,23.563026116432116,452.33732298744223,65.51614952087402,18.59250020980835,488.7410431526516,153.7519989013672,410.9754372088037,18671.04248046875,108.9906334131335,1.984749972820282,964.1500091552734,9.37749981880188,5390.3275146484375,177.66256982028847,87.45699332846992,42.021407176876,148.71684821555343,122.6279932291168,89.28405844066006,40.62072702899511,206.77983859426905,28.28499984741211,0.0923607479780912,0.1287089996039867,213.9499969482422,0.999731495976448,1.3853624761104584,1.155994862318039,0.0067294054897502,23.03749966621399,223.69105317456135,74.72249794006348,0.5552827566862106,212.23294966363628,4.2,158003.0,248000.0,313.566,122.722,66.4,699098.0,1262.0,1406.0,21098.1,1.92,5.33,385.281,80.94,35464674.0,23400.294,19731684.375,70.42857142857143,7,3,2024,68249.88,70079.99,57122.77,58161.0,216238.9234,102705.41721,6588549806.742093,64130.46000000001,64864.62781865199,63053.25001838739
2024-08-05,132.37750244140625,40.39124870300293,71.41749954223633,0.6530173569917679,527.4700012207031,163.51000213623047,210.6071798177053,57308.4931640625,326.9335021972656,78.5475025177002,0.3232012465596199,9.77510952949524,3.994374990463257,0.0981892496347427,39280.751953125,2487.751281738281,1.0934527218341827,18.1662380695343,1.275012493133545,2420.3500366210938,161.09038191923895,19.598175883360938,442.08613865126864,58.083778381347656,16.380000114440918,499.84411838087925,128.82499885559082,399.5991665339527,18257.30517578125,102.22230774347156,2.088749945163727,925.1249847412108,8.000000238418579,5291.5625,171.5213699916333,86.39077535759463,41.51229320749188,147.17312839905912,121.678797275885,87.22150003956015,40.60852298926218,201.15907363673145,27.557249546051025,0.0938069988042116,0.1256497520953416,196.47000122070312,1.0003029853105545,1.3792224824428558,1.1617103219032288,0.0068648203741759,31.68250131607056,218.202882230516,75.6099967956543,0.5452437698841095,206.4336688007475,4.2,158074.0,234000.0,314.131,122.926,67.9,697522.0,1379.0,1470.0,21185.5,1.71,5.33,316.246,77.51,35464674.0,23400.294,19735359.375,47.71428571428572,8,3,2024,58161.0,62745.14,49000.0,58712.59,370726.80645,181882.33575,10152535858.748734,63225.156,64605.18759757312,61013.436152108385
2024-08-12,144.92999649047852,43.28999996185303,76.71999931335449,0.6646553725004196,547.4775085449219,174.64249801635742,222.8833992855366,58704.3203125,340.0755920410156,80.10000038146973,0.3339687511324882,10.219194173812866,4.10462498664856,0.1017322484403848,40324.318359375,2628.8473510742188,1.100861519575119,18.67292261123657,1.2897980213165283,2484.1000366210938,161.58608811987918,20.45000028610229,466.6477084849824,65.07209873199463,15.929999828338625,524.5360607629335,133.16749572753906,413.2248617444136,19252.97216796875,120.07540355591554,2.164499998092652,950.5499877929688,7.911499857902527,5498.712524414063,179.47785606575275,87.66438316505321,42.85427303409504,150.13208960277694,124.75377257277894,88.65321477593899,40.80059731972342,216.3600296899583,28.396999835968018,0.0952082499861717,0.1331175006926059,211.67749786376956,1.0006839781999588,1.3698949813842771,1.1533430218696594,0.0067728913854807,16.360000133514404,240.15310063957725,77.25000190734863,0.5657565146684647,225.1519948947157,4.2,158074.0,228000.0,314.131,122.926,67.9,697522.0,1379.0,1470.0,21185.5,1.79,5.33,328.641,83.06,35464674.0,23400.294,19739034.375,31.142857142857142,8,3,2024,58712.59,61800.0,56078.54,58427.35,179945.24534,86941.36256,5143168368.689978,62103.077000000005,64229.518729412724,60679.08222584745
2024-08-19,154.92999649047852,45.717501640319824,80.82500076293945,0.6766072660684586,559.7975006103516,177.92749786376953,225.76810462319423,62882.0546875,353.1863327026367,78.35999870300293,0.3749942556023597,11.679965734481812,4.183125019073486,0.1083367485553026,41035.63671875,2714.248413085937,1.1163104474544523,19.93967914581299,1.315239816904068,2503.7999877929688,165.19797800176423,20.7450008392334,477.5708585190941,64.95693874359131,18.017500162124637,529.3433169767642,145.61499786376953,416.4447344147396,19706.43212890625,128.11592277933693,2.0817500948905945,962.4000091552734,8.330000162124634,5615.7950439453125,185.5619522658755,88.13040248377993,43.736561135116986,152.9502914917078,127.31954539238552,90.93016344747788,41.98378104271921,222.64733957175176,29.631749629974365,0.0996810011565685,0.1585929989814758,219.79500579833984,1.0006150007247925,1.354960024356842,1.1730760037899015,0.0068853618577122,16.059999704360962,246.81606383241024,74.49750137329102,0.5982830077409744,231.49837045030543,4.2,158074.0,232000.0,314.131,122.926,67.9,697522.0,1379.0,1470.0,21185.5,1.79,5.33,333.583,81.09,35464674.0,23400.294,19740865.625,28.714285714285715,8,3,2024,58427.35,65000.0,57787.3,64220.0,169792.31289,86149.4041,5269665798.936123,61857.39,64229.42053638874,62286.562602945596
2024-08-26,149.96749877929688,44.95249938964844,79.48775100708008,0.6777376979589462,570.3899993896484,176.20499801635742,228.2002535507746,59089.626953125,323.79295349121094,79.27750205993652,0.3450044989585876,10.923102617263794,4.159624934196472,0.0988357495516538,41388.4140625,2504.9959716796875,1.1094746887683868,18.257009983062744,1.3163262009620669,2501.7750244140625,163.04828852631542,21.42750072479248,473.06624599947656,63.23096466064453,17.18250036239624,519.3897866386765,136.37250137329102,414.2485354472431,19524.41552734375,121.64751991601608,2.0702500343322754,937.9999847412108,7.782500147819519,5627.342529296875,185.00071879740975,88.7940383319278,44.91295742048473,154.80027742561575,129.28218354798832,92.5048107161902,42.39257452276906,219.39427958755775,29.069250106811523,0.092706250026822,0.1587420031428337,212.4749984741211,1.0004127323627472,1.348289966583252,1.1798792481422424,0.0068736580433323,15.667499780654907,241.98994756375032,74.51500129699707,0.5607417523860931,228.5664045432967,4.2,158074.0,232000.0,314.131,122.926,67.9,697522.0,1379.0,1470.0,21185.5,1.67,5.33,353.557,80.34,35464674.0,23400.294,19744518.75,42.0,8,3,2024,64219.99,64481.0,57201.0,57301.86,176518.33308,82787.9108,4971313647.470314,61266.575,64080.68932578635,64874.267998951145
2024-09-02,136.82500457763672,42.328749656677246,75.2125015258789,0.6701924055814743,567.8799896240234,173.4550018310547,221.5424211083569,55524.22265625,305.9793014526367,72.58749961853027,0.3307507410645485,10.217680931091309,4.04137510061264,0.0955597497522831,40619.455078125,2327.1337890625,1.1092774868011477,17.770991325378418,1.314759075641632,2495.2999877929688,153.00472446305673,19.52749967575073,452.6807782527419,62.5721321105957,14.107500076293944,504.7310998305496,118.75500106811523,404.39807186143753,18670.42529296875,105.67895430754386,2.2297500371932983,914.5749969482422,6.648750066757202,5460.837524414063,182.65401318202748,85.0586058574686,44.15175946907511,153.42451365887683,125.6782440912802,89.41466018807265,42.60978482254159,206.17300575844465,28.02025032043457,0.0900362525135278,0.1524817496538162,216.52499771118164,1.0000632256269455,1.3549174964427948,1.184398502111435,0.0069749526446685,21.057499647140503,219.63653054966076,69.22999954223633,0.5341324806213379,208.2838723059346,4.1,158314.0,228000.0,314.851,123.234,70.1,703079.0,1355.0,1425.0,21272.1,1.76,5.13,433.13,77.82,35464674.0,23400.294,19748221.875,31.714285714285715,9,3,2024,57301.77,59809.65,52550.0,54869.95,196506.89846,93473.54725,5259818934.882144,60476.369000000006,63816.43256661197,64159.396273686674
2024-09-09,148.12749862670898,44.86249923706055,79.63000106811523,0.6692523658275604,547.0224914550781,183.74750137329104,220.95121633979716,58405.20703125,320.47411346435547,71.28500175476074,0.3430249989032745,10.846879243850708,4.14175009727478,0.1024969983845949,41078.6181640625,2344.67822265625,1.106955498456955,18.075973510742188,1.3102518022060394,2558.925048828125,154.56906358222636,19.40749979019165,467.1479418425165,63.29850387573242,15.657500267028809,516.7343000255444,135.86000061035156,422.0970346847936,19263.84521484375,115.64150247319265,2.2855000495910645,989.8500061035156,7.022499918937683,5573.8175048828125,188.96157896694731,83.35313320874195,43.89226245494416,153.582595619443,127.87076506232384,90.55067139534792,43.74708613813711,215.48210716859103,30.054499626159668,0.0944100003689527,0.1499959975481033,226.72999572753903,1.000417485833168,1.3589850068092346,1.1782819330692291,0.0070701837539672,17.6899995803833,230.7671986678639,68.22249984741211,0.5661140084266663,217.2762355724026,4.1,158314.0,230000.0,314.851,123.234,70.1,703079.0,1355.0,1425.0,21272.1,1.66,5.13,292.158,72.37,35464674.0,23400.294,19751921.875,26.0,9,3,2024,54869.95,60625.0,54591.96,59132.0,175833.33846,86262.12384,4978556508.284872,60803.788,63759.06452969863,61016.50088280184
2024-09-16,154.78999710083008,46.720001220703125,83.23999977111816,0.6791650503873825,522.1949920654297,189.6000022888184,225.3565079784156,62229.5732421875,335.49735260009766,73.92249870300293,0.3478605076670646,11.07514238357544,4.267374873161316,0.1053772494196891,41930.7001953125,2512.869873046875,1.1150890588760376,18.69814682006836,1.3278324902057648,2602.699951171875,161.5211476119824,21.644999980926517,478.091029573395,66.98792934417725,15.660000085830688,549.6918116187109,141.75749969482422,433.41416564434894,19707.2373046875,116.20130432898516,2.387750029563904,983.1999816894532,7.207499980926514,5685.7998046875,194.2112635674063,86.22486028445968,44.93767181919895,153.85427057172217,131.29919364014526,92.6773095898851,43.76905237393285,220.6104335234645,30.900500297546387,0.0960365012288093,0.1510957442224025,236.06750106811523,1.0003982484340668,1.3582424819469452,1.1785092055797577,0.0069983140565454,16.87499976158142,236.561502287244,71.24499893188477,0.5864889919757843,222.4314037463115,4.1,158314.0,222000.0,314.851,123.234,70.1,703079.0,1355.0,1425.0,21272.1,1.54,5.13,239.386,73.96,35464674.0,23400.294,19753756.25,39.0,9,3,2024,59132.0,64133.32,57493.3,63578.76,178097.29669,88501.87842,5413173373.906335,61081.873,63757.10802896895,59083.62484608496
2024-09-23,163.00250244140625,47.57500076293945,85.35375022888184,0.6881574839353561,518.7674865722656,189.6624984741211,226.78087462537596,65094.845703125,351.8653717041016,72.6500015258789,0.3892502412199974,12.225151300430298,4.479874968528748,0.1215045005083084,42278.5126953125,2647.16796875,1.1159038841724396,20.144267559051517,1.3357069492340088,2646.550048828125,163.19729611175595,23.62750005722046,484.6538886385503,68.96133232116699,17.047500371932983,565.6176433820608,169.26250076293945,427.9336435443806,20007.55224609375,121.3129876927202,2.7984999418258667,999.2749938964844,7.715000033378601,5735.675048828125,198.7333585204264,85.31966390084752,44.63862805824764,151.52515550036713,133.01465547369273,94.98136062046302,43.37368187518084,223.76155585564868,31.479499340057373,0.1004522498697042,0.1549939960241317,256.1474952697754,1.0004407316446304,1.3510700166225431,1.1854190528392792,0.0069830070715397,16.44749927520752,246.0569319701493,68.92749977111816,0.6307462304830551,230.451412386444,4.1,158314.0,221000.0,314.851,123.234,70.1,703079.0,1355.0,1425.0,21272.1,1.58,5.13,380.372,74.95,35464674.0,23400.294,19757428.125,48.142857142857146,9,3,2024,63578.76,66498.0,62538.75,65602.01,132963.29721,67007.65879,4319040720.28446,60825.53999999999,63777.9794422286,59790.503463911075
2024-09-30,167.77249908447266,46.56875038146973,83.95699882507324,0.683137446641922,508.0074996948242,185.5974998474121,226.9056118563299,62787.94140625,327.8562774658203,76.3275032043457,0.361334003508091,11.352903842926024,4.530250072479248,0.1122894994914531,42228.671875,2463.3580932617188,1.1032617688179016,18.941032886505127,1.3185926675796509,2646.4249877929688,166.25277919406187,22.695000171661377,483.6103055976132,66.39467334747314,15.999999523162842,587.3857127313458,171.64749908447266,417.5328824856645,19941.189453125,122.4852918354002,2.888000071048737,989.4250030517578,7.634999990463257,5735.319946289063,197.09792779466247,90.12511227186992,45.05848067858688,150.85817600842782,134.21527787343933,94.46966238950353,43.01413600556965,223.09958796746827,32.04274940490723,0.0941969994455576,0.154875498265028,250.7074966430664,1.000133991241455,1.3553700149059296,1.1712089776992798,0.0068077811738476,18.90999937057495,244.37937173217145,72.66499900817871,0.5574202388525009,228.689172802793,4.1,158314.0,227000.0,314.851,123.234,70.1,703079.0,1355.0,1425.0,21272.1,1.63,5.13,465.638,72.35,35464674.0,23400.294,19761121.875,58.85714285714285,9,3,2024,65602.01,65618.8,59828.11,62819.91,169447.68762,83207.71461,5164154684.835273,60282.54299999999,63757.242805939946,59723.878720913846
2024-10-07,167.95750045776367,46.420000076293945,85.49250030517578,0.6756572425365448,496.3050079345703,186.9550018310547,226.04749892836685,62260.416015625,323.27832794189453,78.82750129699707,0.3489547446370125,10.860825300216677,4.444249987602234,0.1102972496300935,42614.8017578125,2446.38623046875,1.0953132212162018,18.5212836265564,1.3075415194034576,2643.9500732421875,163.2995545420939,23.239999771118164,488.9960914417221,65.20524024963379,15.984999895095823,590.113581162122,203.99749755859372,413.63850690980416,20155.30517578125,132.56117440640986,2.6727499961853027,975.75,8.237500071525574,5784.7598876953125,195.6770358839597,91.03039099956412,45.76786613800526,151.85725939741556,136.3479779591213,94.49936586295874,42.56438110763436,228.25706708516643,31.285000324249268,0.0905602499842643,0.1607570014894008,224.9525032043457,0.9996915012598038,1.371999979019165,1.1668576896190643,0.0067206632811576,21.049999237060547,253.1255851174485,75.27749824523926,0.5325194895267487,233.3059952051348,4.1,158358.0,259000.0,315.564,123.595,70.5,707613.0,1344.0,1419.0,21335.3,1.76,4.83,322.948,81.74,36218605.0,23542.349,19762968.75,45.57142857142857,10,4,2024,62819.91,64478.19,58946.0,62870.02,136109.36376,65809.10872,4089114937.5857778,60753.44499999999,63734.3895500462,58815.22912008008
2024-10-14,158.93999862670898,47.61249923706055,87.95175170898438,0.6704923808574677,499.6549987792969,188.32500457763672,233.5085668138184,67451.1416015625,360.5241470336914,74.30249786376953,0.3598682507872581,11.639116764068604,4.3440001010894775,0.1350347511470317,43142.3203125,2673.179443359375,1.0876130759716034,19.75305700302124,1.304394155740738,2698.7000122070312,163.94308408289507,22.76250028610229,492.3058069625301,72.1760139465332,18.299999713897705,580.7818882787722,211.1699981689453,416.0413331763056,20294.67724609375,136.38555588495268,2.347249925136566,1008.2499847412108,9.524999856948853,5853.069946289063,197.8867526497132,89.37233932176602,47.00557437293379,152.0531008827407,137.92021401812232,96.1478655173894,43.61749118915965,230.0459984656909,32.70675086975098,0.0954252500087022,0.1581185013055801,219.8499984741211,0.9996684938669204,1.3800750076770782,1.157955437898636,0.0066886669956147,18.765000343322757,251.57993788415035,70.5525016784668,0.5469567477703094,230.56879959114065,4.1,158358.0,240000.0,315.564,123.595,70.5,707613.0,1344.0,1419.0,21335.3,1.75,4.83,331.735,78.47,36218605.0,23542.349,19766631.25,45.142857142857146,10,4,2024,62870.02,69400.0,62457.81,69031.99,185982.16665,94190.92271,6303066150.409025,61785.384999999995,64042.783467653935,57957.96699100028
2024-10-21,155.4724998474121,47.22249984741211,87.84774971008301,0.6649802476167679,487.0374984741211,187.7175025939941,231.348325273564,67627.3408203125,355.5094680786133,75.35750198364258,0.3430310040712356,11.275541543960571,4.331500053405762,0.1416762471199035,42397.7646484375,2539.7203979492188,1.0808786153793335,18.6872673034668,1.2972336113452911,2735.499938964844,163.96552552954543,22.570000171661377,492.46282803748926,71.01498222351074,17.552499771118164,572.2838049973664,229.79000091552732,423.94215340213225,20297.94482421875,141.21728000349162,2.477999985218048,1023.749969482422,9.757000207901,5811.392578125,198.3844494937116,88.55315631342536,46.48965674300816,148.43603857313653,135.24441962932434,93.9350110226726,43.43685170917552,229.20635105836087,33.822750091552734,0.0944025013595819,0.1625292524695396,254.9949989318848,0.9987375289201736,1.386750042438507,1.154487371444702,0.006592424120754,19.804999828338623,250.96516739705783,71.30500030517578,0.5214472562074661,228.1233029859652,4.1,158358.0,228000.0,315.564,123.595,70.5,707613.0,1344.0,1419.0,21335.3,1.88,4.83,261.044,73.29,36218605.0,23542.349,19770296.875,71.28571428571429,10,4,2024,69032.0,69519.52,65260.0,68021.7,159069.27886,75903.01,5109759585.602888,62744.81999999999,64245.175675596,60121.45926564119
2024-10-28,148.13750076293945,46.97624969482422,88.19375038146973,0.6567633301019669,483.2124938964844,195.3974952697754,224.71042931681183,69635.4921875,351.0300979614258,72.96999931335449,0.3402079939842224,11.124882221221924,4.338624835014343,0.1558277495205402,42075.2177734375,2511.130126953125,1.0859903693199158,18.202025890350345,1.2932716608047483,2748.925048828125,171.74263908228517,22.862500190734863,488.47270169103285,68.40476036071777,17.065000534057617,573.5467051145143,238.31000518798828,414.7216225665199,20136.66015625,136.49054374954852,2.611250042915344,1008.8999938964844,9.792499780654907,5752.849853515625,199.081200244918,87.04025110257273,46.4301286000676,146.41554768029368,133.3746078991756,92.72957214701708,42.47836432091152,225.22736628582624,32.93825054168701,0.0919192489236593,0.1659219972789287,254.53250122070312,0.9995324909687042,1.3949749767780304,1.1554661095142365,0.006539053749293,21.52249956130981,245.93744465917445,69.2874984741211,0.5074559897184372,222.9081987793601,4.1,158358.0,218000.0,315.564,123.595,70.5,707613.0,1344.0,1419.0,21335.3,1.99,4.83,251.032,71.87,36218605.0,23542.349,19773959.375,71.42857142857143,10,4,2024,68021.69,73620.12,67478.73,68775.99,209232.69647,105358.41914,7435135100.9039345,63200.418999999994,64351.889096157116,62921.255889393586
2024-11-04,146.58250045776367,52.06500053405762,95.71125030517578,0.6592197567224503,494.3474960327149,205.72999572753903,225.07713987114343,77306.611328125,414.9922103881836,74.33000183105469,0.5385795161128044,13.38087797164917,4.309625029563904,0.2508462443947792,43445.6416015625,2998.0386962890625,1.0766215920448303,21.894364833831787,1.292951613664627,2694.574951171875,176.04276275054025,25.207500457763672,505.2929969422353,73.97369956970215,18.352500200271606,581.1762526034145,260.61500549316406,417.69969337346,20821.982421875,145.12664650960886,2.6674999594688416,980.2999877929688,11.793750286102297,5925.010009765625,210.3761443724127,91.08943716878072,48.14158871614816,148.06665218750695,138.92206554790195,93.53650097084142,42.77450912866955,232.97105562418216,31.593249320983887,0.1049747485667467,0.1637105010449886,302.5074996948242,1.000523462891579,1.3370549976825714,1.146166294813156,0.0065435683354735,16.902499675750732,254.86289299760264,70.84499740600586,0.5728984996676445,228.00612692719704,4.2,158619.0,221000.0,316.449,123.716,71.8,712145.0,1305.0,1493.0,21454.2,2.03,4.64,171.885,74.89,36218605.0,23542.349,19777628.125,73.85714285714286,11,4,2024,68775.99,81500.0,66835.0,80370.01,327445.15705,165375.671202,12338326517.71378,65507.234,67676.98573702606,64162.44098970184
2024-11-11,138.00499725341797,54.517499923706055,103.35000038146973,0.649249941110611,510.0649948120117,205.1824989318848,224.8452810996005,88352.326171875,438.5217590332031,71.73999977111816,0.6844019889831543,13.904902935028076,4.11412513256073,0.3612812533974647,43681.7763671875,3152.905334472656,1.0580074489116669,25.70397090911865,1.2694893181324003,2589.324951171875,174.2718377728538,24.72000026702881,499.2517406183399,86.01546096801758,22.085000038146973,563.8730685360231,339.49999237060547,416.5717410466516,20571.3427734375,143.39942231209434,2.838499963283539,949.3749847412108,13.017499923706056,5902.8900146484375,213.93708035998336,93.00824729519051,49.46610249897052,142.76128930592188,139.0435821410727,91.19988561758284,42.42552063950498,229.88156939371967,30.398000240325928,0.1848025005310773,0.1917284987866878,327.3250045776367,1.0005812495946884,1.405102550983429,1.1294153034687042,0.0064703340176492,15.854999542236328,243.10997482393293,67.8549976348877,0.9843595027923584,214.93345960299357,4.2,158619.0,219000.0,316.449,123.716,71.8,712145.0,1305.0,1493.0,21454.2,1.95,4.64,163.621,72.19,36218605.0,23542.349,19779462.5,74.42857142857143,11,4,2024,80370.01,93265.64,80216.01,89855.99,417630.302334,212859.520892,18780186181.562363,69005.83799999999,74616.98836295182,64430.605414682774
2024-11-18,138.13249969482422,55.65749931335449,106.91499900817873,0.6501625180244446,507.69251251220703,198.8224983215332,228.6560978122133,96269.18359375,505.8657455444336,74.11499786376953,0.9725389927625656,16.98819589614868,4.0929999351501465,0.424114741384983,43963.9609375,3314.823486328125,1.0448012351989746,28.406933784484863,1.2566792964935305,2679.9249267578125,167.63708199442084,24.39249992370605,502.21501802739897,95.3673610687256,24.12249994277954,558.3849735978251,431.5350036621094,414.3555941973752,20692.16259765625,143.4619073782667,3.163249969482422,968.3500061035156,12.162500143051147,5941.7174072265625,215.8232953147809,95.29852264163488,49.989464661560575,142.20347735428035,140.3132789427584,92.3756115512375,43.01658958473644,231.5857675516959,31.210750102996823,0.4763727486133575,0.2088497467339038,349.16500091552734,1.0008432269096377,1.3997849822044373,1.1228830814361572,0.0064642383949831,16.12750005722046,242.62961357965668,70.14999961853027,1.385187745094299,214.200549159634,4.2,158619.0,216000.0,316.449,123.716,71.8,712145.0,1305.0,1493.0,21454.2,2.08,4.64,200.03,74.35,36218605.0,23542.349,19783131.25,84.42857142857143,11,4,2024,89855.98,99588.01,89376.9,97900.04,303784.771782,150616.133546,14355763875.332788,72882.64199999999,82132.25427340309,65332.764286942554
2024-11-25,137.52999877929688,57.57249927520752,108.0727481842041,0.6506126821041107,516.6149978637695,205.7449989318848,235.2938032054148,96066.35546875,518.7611541748047,73.32750129699707,1.087179496884346,18.359228134155277,4.075125098228455,0.4241615012288093,44819.5185546875,3606.332092285156,1.0546139776706696,31.96311664581299,1.268387883901596,2655.0499877929688,167.94637416568867,24.182499408721924,506.6412579401512,112.2516975402832,27.44250011444092,569.90539182747,388.5900039672852,421.8566336077159,20868.662109375,137.56537600694506,3.350249946117401,943.0500030517578,12.414999961853027,6018.2099609375,220.5886331189816,94.36125241305484,50.86255776677524,145.59990152424348,142.67163774303478,93.74936579166058,44.18939005304614,232.4004908270358,30.49375009536743,0.5327639877796173,0.2034115009009838,344.70999908447266,1.0005527436733246,1.4032349586486816,1.132382094860077,0.006626205635257,14.05750012397766,240.1306936771003,68.8375015258789,2.0687230825424194,214.45733424822367,4.2,158619.0,216000.0,316.449,123.716,71.8,712145.0,1305.0,1493.0,21454.2,1.98,4.64,186.749,74.27,36218605.0,23542.349,19786787.5,86.28571428571429,11,4,2024,97900.05,98871.8,90791.1,97185.18,237818.37314,116760.4928,11108455526.562864,76243.284,86510.46658181713,67635.9653394747
2024-12-02,139.67499542236328,61.795000076293945,116.3050022125244,0.6419120877981186,541.2000122070312,222.6799964904785,241.60186001235616,99592.8203125,595.6370239257812,71.8325023651123,1.1932149827480316,24.57866716384888,4.1285001039505005,0.4523939937353134,44733.3623046875,3902.201904296875,1.0560928881168363,36.35206127166748,1.2730270624160769,2638.250061035156,173.11450977443522,21.99499988555908,520.9568245226533,133.12168502807617,26.1875,612.1861082886287,399.40750885009766,437.75974080199205,21460.642578125,142.2871188342494,3.101999998092652,936.4499969482422,12.932499885559082,6078.47509765625,229.26078336030284,90.66385314281416,50.19782148219398,143.84963569025848,140.25128046524125,91.79146086836474,43.23532536297402,238.5396439107421,31.01175022125244,0.5121185034513474,0.3205527514219284,379.0325012207031,1.0009107440710068,1.4119250178337095,1.1334944665431976,0.0066688228398561,13.085000276565552,247.31385554037865,67.97249984741211,2.5676114559173584,219.4979274722644,4.1,158942.0,225000.0,317.603,123.98,74.0,717662.0,1526.0,1482.0,21489.9,1.93,4.48,135.858,72.81,36218605.0,23542.349,19790453.125,79.14285714285714,12,4,2024,97185.17,104088.0,90500.0,101109.59,302152.735462,150358.700306,14816118724.644167,79794.042,90842.75727111429,70682.93038420903
2024-12-09,128.59000205993652,61.57500076293945,116.589750289917,0.6382949650287628,486.52000427246094,227.5800018310547,246.9309999097295,101991.546875,550.9783401489258,73.63249778747559,1.0787000209093094,27.408386707305908,4.177000045776367,0.4116707518696785,44043.77734375,3858.25634765625,1.0514984130859375,33.14659070968628,1.2664277851581571,2669.1500244140625,186.79554517111757,20.40250015258789,526.7114397353344,119.78616333007812,23.492499351501465,620.2648861570733,397.2975006103516,446.9038847562936,21690.12744140625,135.7025210846773,3.296999990940094,928.5249938964844,12.59749984741211,6056.164916992188,233.63045832886917,88.48181758461087,49.34952992201886,140.61931921202523,137.11174978303688,89.24197196301185,42.3689999337433,237.7971647410324,31.160000324249268,0.4296345040202141,0.2840357460081577,421.6925048828125,0.9998609870672226,1.420127511024475,1.1253840029239657,0.0065474550938233,13.850000143051147,246.1540027345847,70.27000045776367,2.353614717721939,220.2333382905796,4.1,158942.0,239000.0,317.603,123.98,74.0,717662.0,1526.0,1482.0,21489.9,1.93,4.48,153.029,73.73,36218605.0,23542.349,19792281.25,77.42857142857143,12,4,2024,101109.6,105250.0,94150.05,104463.99,230968.339905,113412.147595,11260331874.66444,83958.45,96088.80366861663,75071.72924194374
2024-12-16,121.02000045776369,59.7450008392334,113.69000053405762,0.6273598223924637,450.10750579833984,225.39249801635745,252.14028425610132,97663.375,459.28394317626953,73.09750175476074,0.9118867367506028,23.72008371353149,4.068124890327454,0.325604498386383,42944.607421875,3440.057373046875,1.0435218513011932,27.61624050140381,1.2583830058574677,2625.7000122070312,192.14370345622035,19.76000022888184,519.825368475729,104.15070152282716,21.31249952316284,594.7083110145935,370.7525024414063,438.4009556700749,21406.310546875,133.22774202243812,3.603749990463257,932.9500122070312,12.147500038146973,5944.7974853515625,229.83061971739903,83.72415113370846,48.17879334790332,137.24520142847905,133.2952537014431,85.35833452241403,40.48519550178276,235.1411962671569,29.74749994277954,0.3737532496452331,0.2542555071413517,437.0750045776367,0.999138280749321,1.1826574802398682,1.11778324842453,0.0064101775642484,19.757500171661377,243.0303361527968,69.69499969482422,2.2714715003967285,216.5114552777688,4.1,158942.0,222000.0,317.603,123.98,74.0,717662.0,1526.0,1482.0,21489.9,2.07,4.48,110.753,74.3,36218605.0,23542.349,19795946.875,79.57142857142857,12,4,2024,104463.99,108353.0,92232.54,95186.27,281544.242246,135227.001236,13612311893.823168,87190.075,95927.51529805131,82609.45658706014
2024-12-23,124.59000205993652,59.46000003814697,112.25250053405762,0.6321174800395966,446.60250091552734,224.3849983215332,255.80375476610703,94837.0390625,446.8241500854492,73.66499900817871,0.8793207556009293,22.146550178527832,4.055624961853027,0.3183209970593452,42968.818359375,3364.8073120117188,1.0423394739627838,26.17434310913086,1.259226381778717,2620.6749877929688,192.8828581340477,20.19749975204468,521.5025916534548,100.99296379089355,18.87500047683716,597.9330497545649,336.0500030517578,431.2228430295388,21502.001953125,137.64483408145435,3.601999998092652,927.75,11.106249809265137,5973.499877929688,228.9746009060668,82.98860311810213,48.25320399672387,137.51790049660192,132.20657643740773,84.12319400735771,39.85111558826512,237.0796067215718,29.757500171661377,0.3558659926056862,0.2552662566304207,436.0149993896485,0.998627245426178,1.4367599785327911,1.111911565065384,0.0064588543027639,16.547500133514404,247.08486740640905,70.1349983215332,2.15112566947937,220.89263389991203,4.1,158942.0,219000.0,317.603,123.98,74.0,717662.0,1526.0,1482.0,21489.9,2.27,4.48,116.004,72.12,36218605.0,23542.349,19799621.875,76.14285714285714,12,4,2024,95186.28,99963.7,92520.0,93738.2,140614.68725,68187.73766,6532146632.331852,89660.696,95636.79573768361,90858.71892225808
2024-12-30,123.93500137329102,58.85249996185303,111.82499885559082,0.6216699182987213,434.14500427246094,222.98250198364255,245.24036792284667,96725.9921875,463.22293853759766,75.88000106811523,1.033503994345665,22.739678859710693,4.035875141620636,0.3674174919724464,42636.037109375,3560.2062377929688,1.032988578081131,27.40428590774536,1.2454026639461515,2637.5250244140625,190.85269686534625,20.37999963760376,514.8621885631292,111.13834762573242,18.91249942779541,600.1185564906999,326.93250274658203,421.4299847545573,21203.11279296875,141.90444395236733,3.5597500801086426,924.3249816894532,11.763750076293944,5915.9525146484375,224.30758363941385,85.96702533703906,48.27714804823346,137.96622369103824,131.86494540538308,83.16357745161906,40.36787077597408,233.99416337810723,29.657999992370605,0.4216600060462951,0.2623567432165146,405.4625015258789,0.9993650019168854,1.442044973373413,1.1015487909317017,0.0063644719775766,16.96749973297119,249.37250137329104,73.09749984741211,2.3260173201560974,220.37328889044124,4.1,158942.0,209000.0,317.603,123.98,74.0,717662.0,1526.0,1482.0,21489.9,2.24,4.48,260.743,74.24,36218605.0,23542.349,19803290.625,72.71428571428571,12,4,2024,93738.19,98976.91,91530.45,98363.61,111914.7951,54741.19058,5221733647.327708,92694.887,96090.2558686546,96266.18511673197
2025-01-06,119.56000137329102,58.3050012588501,110.6735019683838,0.6183823347091675,413.3925094604492,220.80500030517575,238.24555124786232,95727.55078125,448.5285034179688,78.9950008392334,0.992758497595787,20.899454593658447,4.244499921798706,0.3462072387337684,42217.376953125,3358.807006835937,1.0292560160160065,26.015228748321533,1.2297788858413696,2688.6000366210938,193.6244999905479,19.54749965667725,510.7932822091256,104.84140396118164,18.43250036239624,614.7430756230636,339.01499938964844,420.9659030266544,21029.357421875,139.77964941217584,3.85575008392334,969.1749877929688,12.125,5870.7249755859375,221.8269237291,87.77293229495956,47.52986285194953,139.15909922838426,131.47863566332046,83.18597476918956,39.37174479242682,231.1067373859672,30.919249534606934,0.4251269921660423,0.2424640022218227,398.2999954223633,0.9998525083065032,1.3295074701309204,1.0952957570552826,0.0063442747341468,18.77500033378601,250.71499252319336,75.95999908447266,2.454486548900604,220.9850174460489,4.0,159053.0,205000.0,319.086,124.398,71.7,711461.0,1361.0,1473.0,21577.0,2.28,4.33,231.926,77.27,36218605.0,23526.085,19805115.625,70.71428571428571,1,1,2025,98363.61,102724.38,91203.67,94545.06,172710.45967,81540.33266,7829633083.154884,95271.794,95911.43387308397,99167.87814307584
2025-01-13,120.01749992370604,58.698750495910645,113.48250198364258,0.6191698312759399,424.9299926757813,223.64749908447263,231.4829902989868,99434.779296875,439.3184509277344,80.9375,1.0088490098714828,23.25435256958008,4.3442500829696655,0.3651062548160553,43118.44921875,3216.0162353515625,1.0286562740802765,25.630778312683105,1.218704730272293,2727.750061035156,193.9241510824109,20.832499980926517,516.0429209602667,116.10795783996582,19.299999713897705,609.2229927512969,373.8699951171875,424.9629153771675,21234.1025390625,135.90750181032922,4.000249981880188,949.3499908447266,13.05750036239624,5945.3975830078125,226.2273116372078,92.032221667367,49.27601911343608,139.7244190888365,135.63585179811767,86.76391720560228,40.37159822800879,231.4960451372328,30.91699981689453,0.4436252564191818,0.233398500829935,418.2024993896485,0.999236986041069,1.4437150061130524,1.09340637922287,0.0063937281956896,17.377500295639038,253.9499969482422,78.26749801635742,2.909317970275879,225.5766481843517,4.0,159053.0,217000.0,319.086,124.398,71.7,711461.0,1361.0,1473.0,21577.0,2.34,4.33,183.669,82.69,36218605.0,23526.085,19808784.375,65.57142857142857,1,1,2025,94545.07,106422.43,89256.69,101331.57,235685.9926,116090.52894,11566208131.060368,97367.95,96431.29860751884,100097.63794541902
2025-01-20,122.98999786376952,61.977500915527344,118.21224784851074,0.6291050314903259,436.0350036621094,233.26000213623047,222.747592236511,103487.810546875,435.23059844970703,78.96249961853027,0.9900399893522264,25.08345079421997,4.287124991416931,0.3521802499890327,44235.6025390625,3266.0185546875,1.0452888309955597,26.621872425079346,1.240856558084488,2767.8500366210938,199.2480274082231,21.20499992370605,527.4983711561015,118.7243194580078,19.95499992370605,638.4294851125103,365.6900100708008,439.36651593292265,21718.14013671875,142.8118555272965,3.9537500143051143,955.4249877929688,13.521250009536743,6084.3851318359375,229.39357835350935,91.24337193204296,50.51900457054345,142.97931109562268,140.31897694400016,88.57278907639687,41.17768501577103,238.19179163465265,30.939250469207764,0.4242839962244034,0.2444585002958774,413.0349960327149,0.9994775056838988,1.4360699951648712,1.1026346683502195,0.0064154739957302,15.142500400543211,262.7925033569336,75.45000267028809,3.082206964492798,232.0358908568776,4.0,159053.0,222000.0,319.086,124.398,71.7,711461.0,1361.0,1473.0,21577.0,2.2,4.33,118.327,81.68,36218605.0,23526.085,19812440.625,73.28571428571429,1,1,2025,101331.57,109588.0,99550.0,102620.0,254162.140922,126543.313772,13234062905.648357,98644.351,96794.00545010588,99723.25566889693
2025-01-27,116.28499984741212,62.491249084472656,119.53875160217284,0.6247753500938416,438.3600082397461,235.74749755859372,235.53354163753545,99503.19921875,378.0025405883789,77.125,0.8402010053396225,21.67854642868042,4.259875059127808,0.2825625017285347,44542.4873046875,2982.607360839844,1.040583312511444,23.596703052520752,1.2425728738307953,2800.125,200.81872036266995,19.824999809265137,520.7858656639243,114.6567497253418,18.44000005722046,677.9593127463432,337.19000244140625,422.0687160542404,21444.2529296875,121.3363426548616,3.226249933242798,1011.499969482422,11.775000095367432,6041.222412109375,231.04903408867156,87.78285881498532,51.21397842991888,146.2591303330658,138.0833456609185,88.43843438961375,41.14290875522401,230.30064103358157,31.817498683929443,0.3725614920258522,0.2327277548611164,403.4000015258789,0.9998157173395156,1.4488724768161774,1.1019398868083954,0.0064483835594728,17.567500114440918,242.7350006103516,73.03750038146973,2.7139034271240234,217.1049810874382,4.0,159053.0,210000.0,319.086,124.398,71.7,711461.0,1361.0,1473.0,21577.0,2.13,4.33,92.863,77.3,36218605.0,23526.085,19814275.0,75.57142857142857,1,1,2025,102620.01,106457.44,96150.0,97700.59,184203.26328,88012.43158,8950599275.52158,98624.406,96798.13690900335,97489.9401945379
2025-02-03,110.36749839782716,62.442498207092285,120.14750099182127,0.6233499050140381,435.4925079345703,232.21999740600583,228.48878259841163,96689.3125,324.9613265991211,75.23500061035156,0.6883084923028946,18.73419141769409,4.501375079154968,0.2506910003721714,44363.12109375,2584.050048828125,1.032926470041275,20.09611988067627,1.24017134308815,2851.25,190.02364951275737,19.18750047683716,521.4698581618891,102.42851829528809,17.08750009536743,706.6962759626608,329.45249938964844,410.7389267368096,21464.07275390625,125.753424824181,3.30349999666214,1007.3999786376952,11.62125015258789,6019.297607421875,226.4766129698703,88.01604044341882,51.390835061772535,146.2267523146217,136.71255702288295,87.86118674011439,41.45590675652948,231.35630746613583,32.29699945449829,0.3201984912157058,0.2266974970698356,369.3949966430664,1.000122219324112,1.4412174820899963,1.0992310345172882,0.0065627158619463,17.072500467300415,243.942497253418,71.90250015258789,2.3805877566337585,216.41835237813493,4.1,159155.0,222000.0,319.775,125.017,64.7,711680.0,1494.0,1459.0,21670.5,2.09,4.33,97.781,76.49,36218605.0,23526.085,19817950.0,66.0,2,1,2025,97700.59,102500.01,91231.0,96462.75,221243.61368,104485.8425,10165593767.999537,98552.163,96796.2398067819,95668.8732624342
2025-02-10,112.24499893188477,65.41999912261963,123.80000114440918,0.6327492594718933,456.2550048828125,229.6274948120117,240.2233886103919,96317.68359375,330.06446075439453,75.19999885559082,0.7591730058193207,18.73640918731689,4.65749990940094,0.2647085078060627,44491.421875,2668.16845703125,1.0450950264930725,20.620211601257324,1.2534706592559814,2894.1000366210938,184.90953223546288,22.90750026702881,533.4769651888137,123.89375686645508,16.69499969482422,730.4226694028521,333.635009765625,408.3536853634938,21955.74951171875,136.49494736955015,3.650749981403351,1017.0249786376952,11.972500085830688,6089.932495117188,225.48933572072275,89.38039697756402,51.448126944482624,144.71760398478898,137.12627414298697,89.15750760671656,41.74282116314125,237.79498861806005,32.8292498588562,0.3386317491531372,0.2406260035932064,349.87000274658203,1.0003892630338669,1.4220975041389463,1.1075970232486725,0.0065467229578644,15.365000247955322,250.72999954223636,71.34499931335449,2.6535319685935974,221.1822630112625,4.1,159155.0,215000.0,319.775,125.017,64.7,711680.0,1494.0,1459.0,21670.5,2.07,4.33,99.653,76.23,36218605.0,23526.085,19821615.625,50.285714285714285,2,1,2025,96462.75,98826.0,94088.23,96118.12,122007.40976,57235.1811,5537944042.058273,98053.016,96781.87832918986,96677.03896002074
2025-02-17,112.16499900817873,62.227500915527344,117.61624908447266,0.6363774091005325,448.41500091552734,219.3000030517578,245.40750122070312,96358.662109375,325.0985641479492,75.04750061035156,0.7760619968175888,18.048142910003666,4.565749883651733,0.2473659925162792,43710.3896484375,2775.0328369140625,1.0461007952690125,20.69323205947876,1.2628491520881653,2926.2000732421875,180.8816786016223,25.44250011444092,528.8812813304637,130.01680183410645,15.19000005722046,695.9957718230014,309.72750091552734,409.7359335426923,21761.982421875,136.5699391206997,4.124500036239624,982.4749908447266,10.892499923706056,6045.5625,219.78005388546276,90.5090973657341,50.91506748719114,145.43730709334054,135.35172429011456,88.35383884005402,41.98874340438895,236.4922747080438,33.06800079345703,0.3332362473011017,0.2438137456774711,344.3399963378906,1.000130757689476,1.4217050075531006,1.11172416806221,0.0066684411140158,17.62499976158142,252.20000457763672,71.04250144958496,2.5972042083740234,225.8438019393486,4.1,159155.0,224000.0,319.775,125.017,64.7,711680.0,1494.0,1459.0,21670.5,2.04,4.33,58.77,75.81,36218605.0,23526.085,19825300.0,49.42857142857143,2,1,2025,96118.12,99475.0,93388.09,96258.0,127758.44873,60199.731,5809450371.234811,97232.417,96758.70180338045,98317.5953239516
2025-02-24,102.50250053405762,56.209999084472656,108.04999923706056,0.6250426918268204,439.2174987792969,212.1725006103516,240.96999740600583,90812.267578125,319.7948608398437,73.5,0.9938655197620392,16.506585121154785,4.532374978065491,0.226059503853321,43666.720703125,2488.6422729492188,1.0417897403240204,20.165775299072266,1.2607054710388184,2866.4000244140625,172.41392356409352,23.72499942779541,509.8247273527641,123.55483436584473,13.68500018119812,666.1348842821003,261.7049980163574,397.4799957275391,20975.96240234375,126.19589026078232,3.923500001430512,941.1749877929688,9.426249980926514,5947.5775146484375,215.2250920911277,89.83932190574322,51.54527683493467,147.75086498894478,135.23708300289243,88.23689832622006,42.63088722860732,226.40249441881787,31.59449958801269,0.3313429951667785,0.238461747765541,300.49000549316406,1.0002670288085938,1.439417451620102,1.110959142446518,0.0066581716528162,19.742499351501465,235.80750274658203,69.78500175476074,2.6995030641555786,211.1051503662453,4.1,159155.0,243000.0,319.775,125.017,64.7,711680.0,1494.0,1459.0,21670.5,1.98,4.33,76.818,74.89,36218605.0,23526.085,19827125.0,49.0,2,1,2025,96258.0,96500.0,78258.52,94270.0,373604.39736,179940.46147,15628230140.953863,97140.79000000001,96740.61055117796,99395.35419637217
2025-03-03,99.92249870300292,52.93375015258789,102.26325035095216,0.6281226873397827,446.6900024414063,201.2599983215332,237.8500022888184,83921.078125,356.2924118041992,70.68000030517578,0.8218347281217575,14.585344314575195,4.66712498664856,0.1853865049779415,42953.2099609375,2136.132110595703,1.073791205883026,18.71640396118164,1.2834868133068085,2900.1749267578125,171.92450312827995,21.57999992370605,493.5514797826006,103.2439308166504,15.350000143051147,632.7320437672533,283.0774955749512,392.442497253418,20303.33740234375,114.14950397809088,4.27275013923645,965.3249816894532,8.702499866485596,5798.195068359375,206.9254294056105,87.01137556183009,49.60233297092144,148.45563345029487,133.82143421158423,87.39092653005721,42.41377403879352,218.83078716455591,32.38350009918213,0.2868889942765236,0.2354627437889576,270.0025062561035,1.0000324994325638,1.4375275075435638,1.1297463178634644,0.006730846944265,23.13750028610229,225.65499877929688,67.47500038146973,2.3260127902030945,203.69710931420803,4.2,159340.0,224000.0,319.615,125.052,57.0,722025.0,1324.0,1467.0,21762.5,1.8,4.33,119.987,72.85,36218605.0,23526.085,19830778.125,21.571428571428573,3,1,2025,94269.99,94416.46,80000.0,80734.37,284471.65101,138994.28437,12185490816.003016,95840.407,95600.13408475534,100070.39637431095
2025-03-10,99.59750175476074,49.04499912261963,95.17649841308594,0.6315199434757233,402.129997253418,197.06750106811523,217.8900032043457,81761.728515625,338.62803649902344,70.25749969482422,0.7097354978322983,13.333696365356444,4.815875053405762,0.1655257493257522,41544.8779296875,1921.6295471191409,1.089730083942413,17.41908097267151,1.293737769126892,2968.5,165.0124652754381,22.980000019073486,476.7190874731061,90.83399772644044,13.46750020980835,608.218863259809,281.2974967956543,386.0650024414063,19607.23291015625,117.48668906167175,4.266000032424927,998.0,7.752500057220459,5621.9749755859375,196.53653091220468,88.32364446665648,48.04299731536298,145.23310118720485,130.74837473746504,85.55219030825332,41.3336890648839,211.82558290034572,33.75850009918213,0.2623862512409687,0.2183385007083416,242.58749771118164,1.0003497898578644,1.4409975111484528,1.1340781152248385,0.0067459824495017,23.647500038146973,222.64000701904297,66.89750099182129,2.246020495891571,198.0118845735756,4.2,159340.0,223000.0,319.615,125.052,57.0,722025.0,1324.0,1467.0,21762.5,1.91,4.33,129.054,71.08,36218605.0,23526.085,19834437.5,24.142857142857142,3,1,2025,80734.48,85309.71,76606.0,82574.53,211663.09876,103474.46812,8477788880.522418,94261.499,94187.19929352807,98350.73404658266
2025-03-17,105.7750015258789,50.55624961853027,98.49749946594238,0.6300670057535172,389.2275085449219,195.2800064086914,216.3375015258789,85183.001953125,330.25972747802734,71.69000244140625,0.713808000087738,14.335721254348757,5.034000039100647,0.1716872490942478,41908.435546875,1987.9679260253904,1.0878954231739044,17.861560821533203,1.2936662137508392,3019.074951171875,162.7500038146973,24.605000019073486,479.2677716239999,91.14584732055664,12.527499914169312,595.0649871826172,297.4749984741211,389.08250427246094,19712.2080078125,118.20749855041504,4.020749986171722,988.0250091552734,7.854749798774719,5662.052490234375,196.17502169708484,91.34011426679348,49.126559457081285,145.8258101227334,132.01697356990823,85.55218916663244,41.398770963037,213.4477431355528,33.612250328063965,0.2814237475395202,0.2285500019788742,242.30500411987305,1.0002102851867676,1.438227504491806,1.1338761150836945,0.0067005167948082,20.165000438690186,225.49750137329104,67.87249946594238,2.4175262451171875,200.134162817274,4.2,159340.0,225000.0,319.615,125.052,57.0,722025.0,1324.0,1467.0,21762.5,2.02,4.33,89.496,71.93,36218605.0,23526.085,19838106.25,34.0,3,1,2025,82574.52,87453.67,81134.66,86082.5,110906.17448,52578.3879,4424793117.098468,93415.24299999999,93837.56438596624,96520.51117401502
2025-03-24,106.20500183105467,50.079999923706055,98.70874977111816,0.6303749233484268,390.1699981689453,195.88250350952148,219.62499618530276,83750.255859375,308.1464538574219,73.3174991607666,0.6865740120410919,13.997583389282228,5.137750029563904,0.1757477484643459,41879.90625,1870.9583435058596,1.0851002633571625,16.969577312469482,1.2940594851970673,3068.474975585937,158.2300033569336,23.242499351501465,474.180368156978,88.23543357849121,12.99500012397766,590.3199920654297,302.91500091552734,382.7224884033203,19524.13232421875,112.65749931335448,3.9797499775886536,978.0749969482422,7.734999895095825,5630.3125,198.69309214099843,92.1934572049189,49.40804047244335,144.6852169677204,131.03748866258096,85.15409371644458,41.1913470249799,208.9032257447919,34.45450019836426,0.274382010102272,0.230892252177,268.8199920654297,1.0000184923410416,1.4342600405216217,1.134481817483902,0.0066631308291107,20.612499713897705,216.95249938964844,69.22249984741211,2.2096534967422485,192.86499786376956,4.2,159340.0,225000.0,319.615,125.052,57.0,722025.0,1324.0,1467.0,21762.5,1.98,4.33,196.565,73.96,36218605.0,23526.085,19839931.25,36.142857142857146,3,1,2025,86082.5,88765.43,81565.0,82389.99,137009.32282,62218.06468,5361829463.738712,91521.085,91861.06162777959,95514.11507088115
2025-03-31,89.84500122070312,43.47749900817871,88.32749938964844,0.6122396290302277,358.7350006103516,176.58499908447266,197.43000030517575,80498.416015625,281.4515991210937,67.65750122070312,0.6032505035400391,11.975347518920898,4.5612499713897705,0.1557100005447864,39319.21484375,1661.018585205078,1.095889300107956,14.8500554561615,1.2961108088493347,3050.9000244140625,148.74750518798828,20.82500028610229,436.8925094604492,74.39282608032227,11.267500162124634,524.0800018310547,292.9974899291992,366.05999755859375,17972.64208984375,98.17749977111816,3.93449991941452,928.7750091552734,7.185000061988831,5228.342529296875,187.93999862670896,82.62250137329102,45.70500087738037,138.10249710083008,121.79500007629396,80.14499855041504,39.7524995803833,189.5749969482422,30.58699941635132,0.2388412542641163,0.232329748570919,249.9624938964844,0.9995564967393876,1.42228502035141,1.1577149033546448,0.0067976871505379,39.227500915527344,189.1100006103516,64.17750072479248,1.9815594851970677,165.47250366210938,4.2,159340.0,219000.0,319.615,125.052,57.0,722025.0,1324.0,1467.0,21762.5,1.85,4.33,399.167,77.23,36218605.0,23526.085,19843600.0,38.42857142857143,3,1,2025,82390.0,88500.0,77153.83,78430.0,178247.49297,87270.1936,7272299859.49125,89102.085,88782.9832687663,93446.87587456212
2025-04-07,90.2975025177002,44.54475021362305,89.80875015258789,0.6197270303964615,350.6675033569336,180.942497253418,191.52999877929688,81955.455078125,322.0771026611328,63.83000183105469,0.6146732419729233,12.17823600769043,4.41462504863739,0.1566062457859516,39453.9755859375,1566.8397216796875,1.127147138118744,14.777989387512209,1.300791174173355,3157.2749633789062,153.5900001525879,19.71999979019165,444.754997253418,74.82425880432129,11.90500020980835,539.2325057983398,285.01000213623047,378.7300109863281,18289.080078125,105.89500045776369,3.582249939441681,922.5249938964844,7.022499918937683,5260.77490234375,187.1725006103516,78.86999893188477,45.78999900817871,135.70999908447266,122.90999984741212,78.82250022888184,38.26999855041504,193.53250122070312,30.945499420166016,0.2324540019035339,0.2460695020854473,248.38999938964844,0.9995624870061874,1.3967950344085691,1.2105261087417605,0.0069328915560618,41.787500858306885,196.3849983215332,60.50500011444092,2.02821746468544,169.59749603271484,4.2,159517.0,224000.0,319.615,125.052,57.0,722025.0,1324.0,1467.0,21762.5,1.96,4.33,148.146,66.13,36218605.0,23526.085,19847271.875,31.142857142857142,4,2,2025,78430.0,86100.0,74508.0,83760.0,300064.17057,149817.11093,12000791019.573448,87708.026,88329.50609939598,89550.82739983358
2025-04-14,89.41750144958496,45.46374988555908,92.02750015258788,0.6353699713945389,350.239990234375,176.0175018310547,199.817497253418,84969.64453125,339.86820220947266,66.96249866485596,0.62314772605896,13.02222728729248,4.682125091552734,0.1574882492423057,39506.4873046875,1601.22998046875,1.1376007199287417,15.705759525299072,1.321157455444336,3289.224975585937,153.13500213623047,19.367499828338623,447.7525024414063,77.31140518188477,12.699999809265137,514.0900115966797,313.62500762939453,374.2750015258789,18406.82275390625,104.32999992370604,3.323499917984009,963.2249908447266,6.625,5311.41259765625,186.5625,81.03499984741211,46.845001220703125,136.28000259399414,125.51500129699708,80.76000022888184,40.19725036621094,195.2224998474121,32.41624927520752,0.2418282516300678,0.2465412504971027,244.60749435424805,0.999803513288498,1.3876524865627289,1.224668264389038,0.0070200758054852,30.6899995803833,195.09249877929688,63.66499996185303,2.093750298023224,168.12000274658203,4.2,159517.0,216000.0,319.615,125.052,57.0,722025.0,1324.0,1467.0,21762.5,2.15,4.33,102.838,67.18,36218605.0,23526.085,19850971.875,32.142857142857146,4,2,2025,83760.0,86496.42,83111.64,85179.24,108454.4036,54688.70723,4634671184.210583,86579.675,88125.42102972027,85242.91611021965
2025-04-21,93.53750038146973,49.234999656677246,99.61000061035156,0.6402039080858231,360.8475036621094,183.3025016784668,204.52999877929688,92105.478515625,352.9299545288086,66.91750144958496,0.6911725103855133,14.368085384368896,4.816249847412109,0.1767317503690719,39608.4423828125,1746.0435485839844,1.141303867101669,16.543646574020386,1.3325799703598022,3326.6499633789062,159.0300064086914,19.97499942779541,461.5349960327149,84.14629936218262,13.887500286102297,531.0500030517578,354.9124984741211,382.8825073242188,18976.400390625,107.2450008392334,2.9892500042915344,963.6499938964844,7.461250066757202,5420.039916992188,192.7250022888184,81.5625,47.47749996185303,136.4650001525879,127.16499710083008,81.87250137329102,40.34999942779541,202.74750137329104,33.005998611450195,0.2773935049772262,0.2465717494487762,269.88500595092773,1.0000085234642029,1.3864199817180634,1.2137866616249084,0.0070031244540587,27.56750011444092,205.40749740600583,63.16499900817871,2.2188183069229126,178.9999961853027,4.2,159517.0,223000.0,319.615,125.052,57.0,722025.0,1324.0,1467.0,21762.5,2.2,4.33,114.114,69.33,36218605.0,23526.085,19852800.0,34.0,4,2,2025,85179.24,95758.04,85144.76,93749.3,170625.92469,84165.94144,7710147299.550461,86342.79299999999,88178.27742954638,82902.50212177969
2025-04-28,97.39250183105467,51.35175037384033,103.73749923706056,0.6434688866138458,377.21537017822266,187.9225006103516,206.8550033569336,95547.31640625,361.4014663696289,47.59749984741211,0.6927749514579773,14.365121603012083,4.680000066757202,0.1741677112877369,40941.669921875,1820.3074340820312,1.132326751947403,16.432610750198364,1.3309462666511536,3258.349975585937,162.1074981689453,20.46750020980835,482.7499923706055,86.3345947265625,14.242549896240234,581.9700164794922,386.7924957275391,423.6100006103516,19848.45166015625,112.1200008392334,3.4665000438690186,971.0500030517578,8.137500286102295,5626.820068359375,199.26749801635745,81.66750144958496,49.23999881744385,138.57999801635742,133.0300006866455,84.27750015258789,41.58250045776367,213.6599998474121,32.3899998664856,0.2747859358787536,0.24667913839221,285.0149917602539,1.0003567188978195,1.3837825059890747,1.2101466059684751,0.0069255930138751,23.96750020980835,215.71749877929688,59.267499923706055,2.2119674682617188,187.17499923706052,4.2,159517.0,241000.0,319.615,125.052,57.0,722025.0,1324.0,1467.0,21762.5,1.98,4.33,148.649,66.13,36218605.0,23526.085,19856453.125,60.285714285714285,4,2,2025,93749.29,97895.68,92800.01,94277.62,113820.08215,53813.62496,5132652992.468968,86144.75499999999,88229.22101735628,83281.50149242741
